algorithm,makespan,energy,cost,reliability,load_balance
HEFT,570.7500000000001,572182.3815505914,0.08856638888888888,0.8256809823322757,133.48846601704335
GA,613.6400000000001,562342.6489961542,0.15536361111111113,0.820034226467827,55.33422701713047
