algorithm,makespan,energy,cost,reliability,load_balance
HEFT,424.53,147478.52109391562,0.03177611111111111,0.9451772527780242,87.67966963137272
GA,430.96,145989.43256914793,0.037894722222222225,0.9449341844485368,71.00954161237767
