algorithm,makespan,energy,cost,reliability,load_balance
HEFT,533.31,217076.11340496148,0.05182888888888888,0.9208677932412586,42.478383914645335
GA,527.3199999999999,218126.9381400288,0.05061333333333334,0.9210884595992932,59.604072847415374
