algorithm,makespan,energy,cost,reliability,load_balance
HEFT,259.09,258860.10235825385,0.027320555555555553,0.925709878113139,74.72760479456927
GA,276.05,243507.32975910162,0.04092972222222222,0.9232012769972515,29.070916938869793
