algorithm,makespan,energy,cost,reliability,load_balance
HEFT,323.74,4803.619999999999,0.1252663888888889,0.9762680391464822,12.715344989983004
GA,327.45,4803.620000000001,0.1442347222222222,0.9762680391464822,30.977762041042084
