algorithm,makespan,energy,cost,reliability,load_balance
HEFT,548.62,357630.0712697313,0.09475111111111113,0.8691412706615759,68.33149702526856
GA,564.12,361820.35166276677,0.10598666666666667,0.8680642034056625,78.16223530946024
