algorithm,makespan,energy,cost,reliability,load_balance
HEFT,408.7099999999999,131588.15277336005,0.020472777777777777,0.9552050972891977,150.47324335796932
GA,413.7099999999999,123289.55915979791,0.026695000000000003,0.9550140753725682,103.19833154336037
