algorithm,makespan,energy,cost,reliability,load_balance
HEFT,157.9,1158.8799999999999,0.022919166666666668,0.9942223551580303,10.175483608490891
GA,152.29,1158.8800000000003,0.019638333333333334,0.9942223551580303,8.389259005816111
