algorithm,makespan,energy,cost,reliability,load_balance
HEFT,508.8399999999999,485057.00615124585,0.04923888888888888,0.8678555458528064,130.3100506596351
GA,552.84,480932.993216844,0.09666583333333333,0.8617672985856354,69.10145639745953
