algorithm,makespan,energy,cost,reliability,load_balance
HEFT,219.79000000000002,727145.3680786205,0.008928055555555557,0.8583861692836153,28.433600504923945
GA,225.79000000000002,731428.6922804377,0.008358055555555556,0.8550962870101375,17.220450639088796
