algorithm,makespan,energy,cost,reliability,load_balance
HEFT,712.2499999999999,5586.42,0.09986277777777777,0.972454394212958,9.586439641493527
GA,703.89,5586.42,0.1067852777777778,0.972454394212958,4.8375432814601655
