algorithm,makespan,energy,cost,reliability,load_balance
HEFT,1141.76,440074.2146423066,0.1107225,0.8439642019811388,72.65433842288188
GA,1035.9900000000002,440113.8007992356,0.10511000000000002,0.8475424097301599,61.80832056986071
