algorithm,makespan,energy,cost,reliability,load_balance
HEFT,234.9,132946.046189868,0.019998888888888892,0.9573410279138168,78.84367126291296
GA,237.9,124736.53799915929,0.019224722222222223,0.9571112936363335,56.44040205321514
