algorithm,makespan,energy,cost,reliability,load_balance
HEFT,189.09,5020.480000000002,0.1742338888888889,0.9752100454065993,12.889064615660311
GA,211.73000000000002,5020.480000000001,0.1528047222222222,0.9752100454065993,55.14940592003991
