algorithm,makespan,energy,cost,reliability,load_balance
HEFT,552.2,550303.8005976095,0.08948527777777779,0.8269892358036883,114.32753726137025
GA,608.75,568632.9717453799,0.1452411111111111,0.8195403866093021,79.00364347874513
