algorithm,makespan,energy,cost,reliability,load_balance
HEFT,487.88,302019.4554193654,0.0689313888888889,0.8919999521906992,106.16279371626793
GA,565.04,315084.7233647175,0.10183305555555558,0.886510774114742,93.18395354466499
