algorithm,makespan,energy,cost,reliability,load_balance
HEFT,447.7000000000001,447650.37221353594,0.06373138888888889,0.866422685504086,115.34006612332654
GA,489.36000000000007,439995.4644842243,0.13451583333333333,0.8606666634337091,49.178379124706154
