algorithm,makespan,energy,cost,reliability,load_balance
HEFT,199.11999999999998,357625.8662615508,0.018820555555555556,0.916624663202864,46.51935799694123
GA,209.11999999999998,351859.8898718438,0.01992111111111111,0.9136961523968997,28.664886647466385
