algorithm,makespan,energy,cost,reliability,load_balance
HEFT,556.81,1865207.1930820206,0.057787500000000026,0.6525679547482355,81.25521927802936
GA,599.81,1943104.4272686346,0.09499416666666666,0.6348541446103827,38.56909795501435
