algorithm,makespan,energy,cost,reliability,load_balance
HEFT,169.28,2575.58,0.08492944444444445,0.9872046653514005,5.207944309280911
GA,175.1,2575.5800000000004,0.1003938888888889,0.9872046653514005,11.199720580060404
