algorithm,makespan,energy,cost,reliability,load_balance
HEFT,354.1400000000001,234660.94089907943,0.04921527777777778,0.9137648649311189,66.00739524315225
GA,384.13,233849.41610912976,0.06290611111111112,0.9115751880539023,36.24021126456081
