algorithm,makespan,energy,cost,reliability,load_balance
HEFT,338.17,587378.4091433303,0.028546111111111112,0.8662812968594389,65.30663346240983
GA,354.17,583549.6502809386,0.03557694444444444,0.8618572717881271,33.79007193378437
