algorithm,makespan,energy,cost,reliability,load_balance
HEFT,237.84999999999997,417346.06100483495,0.019446944444444444,0.9038538518203645,49.28928148445696
GA,243.84999999999997,413057.7554644247,0.019383333333333332,0.9021201173425715,37.52545886198354
