algorithm,makespan,energy,cost,reliability,load_balance
HEFT,684.4399999999999,282308.9679007656,0.0704511111111111,0.8983664683469996,10.37621759923464
GA,623.6700000000001,286742.81660172844,0.06475111111111112,0.9005528738389085,71.65684771883281
