algorithm,makespan,energy,cost,reliability,load_balance
HEFT,822.22,283674.57592858357,0.07287694444444445,0.8947204105126624,83.73555158951295
GA,682.6199999999999,281439.5063725059,0.06451305555555555,0.8997305044489069,99.86576991141659
