algorithm,makespan,energy,cost,reliability,load_balance
HEFT,514.2099999999999,3945.48,0.07988166666666667,0.9804659118880624,14.340373077434224
GA,498.08,3945.4800000000005,0.0742425,0.9804659118880624,5.463408581950791
