algorithm,makespan,energy,cost,reliability,load_balance
HEFT,276.09999999999997,4020.9,0.10407166666666669,0.9800962478972156,15.958146990084487
GA,274.47,4020.8999999999996,0.12362527777777779,0.9800962478972156,16.078276326859708
