algorithm,makespan,energy,cost,reliability,load_balance
HEFT,483.57,296881.645035879,0.0718175,0.8894140534364163,51.77092425497429
GA,471.41,292220.7409049448,0.08446861111111112,0.8902796964080747,31.935316741143225
