algorithm,makespan,energy,cost,reliability,load_balance
HEFT,434.83,132343.24255456153,0.039699722222222227,0.9489769209538645,45.28625766535953
GA,329.88,132434.99460409844,0.02909416666666667,0.9529690997884893,96.7360722102498
