algorithm,makespan,energy,cost,reliability,load_balance
HEFT,95.91999999999999,2435.6800000000003,0.07914833333333333,0.9878954565908828,13.012165077342049
GA,107.39,2435.6800000000007,0.07454611111111112,0.9878954565908828,20.170828110582537
