algorithm,makespan,energy,cost,reliability,load_balance
HEFT,392.4200000000001,380172.0470924011,0.04214194444444445,0.8926592052534726,103.04149426323362
GA,404.4200000000001,358956.78878393746,0.056713611111111104,0.8909469438763147,53.2844574586874
