algorithm,makespan,energy,cost,reliability,load_balance
HEFT,367.20000000000005,369015.7734477124,0.04800638888888888,0.8887881262950025,96.50431055787095
GA,388.36,357447.0451900299,0.07792916666666669,0.8857841332434413,54.74209662514459
