algorithm,makespan,energy,cost,reliability,load_balance
HEFT,52.08,654.0600000000001,0.009084166666666666,0.9967350416065731,16.710462722956603
GA,52.08,654.0600000000001,0.009084166666666666,0.9967350416065731,16.71046272295661
