algorithm,makespan,energy,cost,reliability,load_balance
HEFT,256.03,436424.63375385694,0.00919888888888889,0.9092128989153068,45.83600618403864
GA,262.03,431415.7390375148,0.009198888888888888,0.907468884938568,30.297468514499627
