algorithm,makespan,energy,cost,reliability,load_balance
HEFT,459.62999999999994,478941.3985161978,0.07644611111111113,0.8489389528723947,113.51202238823281
GA,525.67,492097.91572659655,0.13315416666666668,0.8400159493530291,62.27560035840682
