algorithm,makespan,energy,cost,reliability,load_balance
HEFT,176.91,4691.179999999999,0.16026000000000004,0.9768170513509605,14.0273397186827
GA,179.32,4691.18,0.17346638888888888,0.9768170513509605,29.380611173300437
