algorithm,makespan,energy,cost,reliability,load_balance
HEFT,945.63,357525.79674925713,0.09549333333333333,0.8705911633363929,45.36634986418894
GA,834.3000000000001,360088.90216948336,0.08460111111111113,0.8744767250755214,92.81531824004071
