algorithm,makespan,energy,cost,reliability,load_balance
HEFT,93.34,1809.8999999999996,0.07219305555555557,0.9909913234882627,14.274033052481466
GA,80.46,1809.8999999999999,0.06486305555555556,0.9909913234882627,18.803715756466858
