algorithm,makespan,energy,cost,reliability,load_balance
HEFT,270.53000000000003,263261.8667060954,0.03150166666666667,0.9263581018796674,74.66785439531527
GA,284.13,251310.7303699011,0.042358333333333345,0.9243445382017733,40.93015954036827
