algorithm,makespan,energy,cost,reliability,load_balance
HEFT,217.05,383185.19686708134,0.024288333333333332,0.902681410599665,42.78730281588294
GA,230.05,389206.9663986089,0.029460000000000007,0.8989340558336675,29.742826812093593
