algorithm,makespan,energy,cost,reliability,load_balance
HEFT,45.38,1711.96,0.02377722222222223,0.9914767307816504,12.070078156066282
GA,52.38,1711.9599999999998,0.04047388888888889,0.9914767307816504,17.141873450799533
