algorithm,makespan,energy,cost,reliability,load_balance
HEFT,705.97,402725.61846820684,0.0910638888888889,0.8556279800952342,104.87537487588375
GA,690.75,392920.14484256244,0.11815055555555556,0.856670427236828,68.65865379594496
