algorithm,makespan,energy,cost,reliability,load_balance
HEFT,331.61,5127.499999999999,0.16583777777777775,0.9746883501033288,8.590354121255515
GA,343.91,5127.499999999999,0.14773583333333334,0.9746883501033288,23.19100714716807
