algorithm,makespan,energy,cost,reliability,load_balance
HEFT,147.82,3752.960000000001,0.12615111111111113,0.9814101627698835,14.584121045392711
GA,170.79000000000002,3752.9599999999996,0.10309444444444443,0.9814101627698836,43.423283616050966
