algorithm,makespan,energy,cost,reliability,load_balance
HEFT,525.8599999999999,506310.1508766591,0.07524472222222223,0.854103242195407,126.18779559978582
GA,557.6999999999999,499134.7412587412,0.12494194444444445,0.8497631630743738,74.85002149854957
