algorithm,makespan,energy,cost,reliability,load_balance
HEFT,389.6,1302144.5781570843,0.03280972222222223,0.7512004139774824,56.73009159551495
GA,422.56000000000006,1362727.757312571,0.0258725,0.7355202551697461,22.30340817554662
