algorithm,makespan,energy,cost,reliability,load_balance
HEFT,454.44,463375.0540885485,0.07313083333333334,0.8557775569387901,110.84861020779647
GA,495.44,462760.37029710953,0.13099666666666668,0.8501820295613625,63.08140696750508
