algorithm,makespan,energy,cost,reliability,load_balance
HEFT,262.99,3644.200000000001,0.11435055555555554,0.9819439987532462,19.238255601052508
GA,243.55,3644.2000000000007,0.09690055555555557,0.9819439987532462,14.32708698335331
