algorithm,makespan,energy,cost,reliability,load_balance
HEFT,474.43,289075.88811837364,0.07245472222222223,0.8938018255729784,75.25584514555284
GA,476.56,283155.80766325333,0.08448972222222223,0.8936495347174501,36.81273420978126
