algorithm,makespan,energy,cost,reliability,load_balance
HEFT,574.5099999999999,587364.6687786111,0.10358527777777776,0.8074465645554949,100.98853561997353
GA,690.3299999999998,645794.8648037893,0.18007027777777776,0.7926213990826383,65.66432115946476
