algorithm,makespan,energy,cost,reliability,load_balance
HEFT,391.61,394059.9832997114,0.05712722222222223,0.878378574527787,96.90369727208554
GA,389.59000000000003,366237.806668549,0.08618833333333333,0.8786625123649573,49.75048447000291
