algorithm,makespan,energy,cost,reliability,load_balance
HEFT,386.49,1336385.227405625,0.07266805555555557,0.7084730915757144,68.14741040160253
GA,423.0400000000001,1395829.7841338876,0.10422611111111114,0.6920928195927102,36.8767029092938
