algorithm,makespan,energy,cost,reliability,load_balance
HEFT,740.86,466908.8033771563,0.11857000000000001,0.8309217933895778,58.921664930773034
GA,710.5100000000001,465716.599695993,0.13531694444444448,0.8329417227057965,84.7863769275466
