algorithm,makespan,energy,cost,reliability,load_balance
HEFT,291.2900000000001,148935.4327645989,0.01885611111111111,0.9554267305802364,89.12646543575839
GA,295.33000000000004,140266.70656553688,0.02106416666666667,0.9551179865566346,61.57521659088408
