algorithm,makespan,energy,cost,reliability,load_balance
HEFT,472.78000000000003,3633.179999999999,0.07219361111111113,0.9819981053582008,14.957850502885337
GA,459.59000000000003,3633.18,0.09033194444444444,0.9819981053582008,5.116700597064458
