algorithm,makespan,energy,cost,reliability,load_balance
HEFT,689.5899999999999,256088.6401049899,0.06576388888888889,0.905556506464955,66.77222844616365
GA,648.39,254053.32804330724,0.06619416666666667,0.9070500939656732,40.49635323087751
