algorithm,makespan,energy,cost,reliability,load_balance
HEFT,719.1700000000001,5586.460000000002,0.10643361111111117,0.9724541997220986,19.653049593722965
GA,700.08,5586.459999999998,0.10539333333333335,0.9724541997220986,2.3329148434236924
