algorithm,makespan,energy,cost,reliability,load_balance
HEFT,1224.0899999999997,435583.7010350545,0.11390388888888886,0.8429115916225504,63.77589774619664
GA,1041.25,432064.4393565427,0.10685111111111112,0.8490989080384194,50.08684258365659
