algorithm,makespan,energy,cost,reliability,load_balance
HEFT,514.4000000000001,520268.073114308,0.07782777777777777,0.8361744628918509,113.95331257251806
GA,563.4000000000001,525896.5335285766,0.1313872222222222,0.8296444860593399,62.676345082628
