algorithm,makespan,energy,cost,reliability,load_balance
HEFT,170.17000000000002,4749.22,0.1836172222222222,0.9765336201705119,13.598803731088509
GA,192.91,4749.22,0.18409472222222217,0.9765336201705119,45.001145128948295
