algorithm,makespan,energy,cost,reliability,load_balance
HEFT,994.5999999999998,381792.75287552783,0.09504027777777777,0.8628710669889018,45.68513425247508
GA,881.8900000000001,383569.80973817594,0.09002472222222223,0.8667700173170817,69.79218025681669
