algorithm,makespan,energy,cost,reliability,load_balance
HEFT,686.59,5331.900000000001,0.11469055555555556,0.9736927274593535,14.754304174262762
GA,670.0,5331.9000000000015,0.10276166666666665,0.9736927274593535,3.1969086630681396
