algorithm,makespan,energy,cost,reliability,load_balance
HEFT,518.9200000000001,528382.5374816929,0.08747250000000002,0.8310660539343633,109.87958742603956
GA,604.0,554835.4558443709,0.1587627777777778,0.8198295714669072,41.730945347347856
