algorithm,makespan,energy,cost,reliability,load_balance
HEFT,188.03,5387.619999999998,0.16149638888888887,0.9734214944499959,12.263340338178661
GA,207.75,5387.619999999998,0.17207694444444444,0.9734214944499959,35.58466555858951
