algorithm,makespan,energy,cost,reliability,load_balance
HEFT,571.65,1941973.3192163038,0.09135222222222221,0.6247780576946255,92.37282789279381
GA,626.6500000000001,2044212.966137398,0.14947388888888888,0.6031684307184965,46.68786099895495
