algorithm,makespan,energy,cost,reliability,load_balance
HEFT,91.64,4243.82,0.2950669444444445,0.9790044411962161,12.327553843734014
GA,120.66,4243.820000000001,0.21279916666666665,0.9790044411962161,35.79384200816734
