algorithm,makespan,energy,cost,reliability,load_balance
HEFT,570.0799999999999,982224.9646365423,0.07664611111111111,0.7685408207327868,93.66767364834865
GA,573.77,953947.8548895898,0.1385061111111111,0.7676338633047111,50.3049572005743
