algorithm,makespan,energy,cost,reliability,load_balance
HEFT,449.96000000000004,778969.1353675883,0.040890833333333335,0.8236727302442871,83.6288896336117
GA,469.96000000000004,770673.575602179,0.06625777777777779,0.8184180576589336,35.5786910772468
