algorithm,makespan,energy,cost,reliability,load_balance
HEFT,80.31,999.26,0.031684444444444446,0.9950161607456662,8.84036996236179
GA,71.05000000000001,999.2599999999999,0.029423333333333336,0.9950161607456662,6.5142194741306385
