algorithm,makespan,energy,cost,reliability,load_balance
HEFT,314.3,165792.72357620107,0.02358111111111111,0.9523494902048657,108.32723582473878
GA,322.3,163454.6052745889,0.02242527777777778,0.9517401815307082,98.1980453325974
