algorithm,makespan,energy,cost,reliability,load_balance
HEFT,437.68000000000006,1473328.861679766,0.07099722222222225,0.7020209725326155,64.90704799453661
GA,373.44000000000005,1223547.420897601,0.07837333333333334,0.7314851203601497,29.159429251714002
