algorithm,makespan,energy,cost,reliability,load_balance
HEFT,513.05,522381.0969106325,0.07744611111111108,0.8330130255689792,109.19272069564283
GA,574.84,535243.2670134298,0.1346363888888889,0.8248181014898678,50.197043335074355
