algorithm,makespan,energy,cost,reliability,load_balance
HEFT,824.3699999999998,493394.2662275434,0.12676305555555553,0.8236279236665117,98.0627614537168
GA,773.3399999999999,477424.1386065637,0.1268813888888889,0.8269971749384599,50.92883338191499
