algorithm,makespan,energy,cost,reliability,load_balance
HEFT,238.48,1835.3000000000002,0.04306666666666667,0.9908654755816909,7.136961888647002
GA,234.23,1835.3000000000002,0.04422027777777779,0.9908654755816909,4.484108049545628
