algorithm,makespan,energy,cost,reliability,load_balance
HEFT,413.98,142824.91337745785,0.035238888888888896,0.9455330844592912,42.30818478734344
GA,348.1,141292.76518241884,0.03126583333333334,0.9480280391519563,46.025889453654266
