algorithm,makespan,energy,cost,reliability,load_balance
HEFT,505.69,943696.5457295971,0.10048166666666665,0.751472698342455,110.8318488233814
GA,550.05,943413.3746932099,0.1983383333333333,0.7408807483781751,39.56980076982584
