algorithm,makespan,energy,cost,reliability,load_balance
HEFT,123.95000000000002,5919.58,0.2600069444444445,0.9708358281610212,12.80784502771767
GA,160.05,5919.580000000002,0.23396222222222224,0.9708358281610212,44.86714234265391
