algorithm,makespan,energy,cost,reliability,load_balance
HEFT,432.45000000000005,414318.76744132274,0.0516763888888889,0.8790963272377633,102.15697231874746
GA,440.45000000000005,394191.46795322973,0.07701277777777778,0.8779718037874421,54.875565722216784
