algorithm,makespan,energy,cost,reliability,load_balance
HEFT,73.62,546.64,0.014455277777777777,0.9972705317904359,18.708755016989087
GA,56.33,546.64,0.012215277777777778,0.9972705317904359,20.589335658469967
