algorithm,makespan,energy,cost,reliability,load_balance
HEFT,157.88,80207.3678109957,0.007472777777777778,0.9772425478219555,51.39935642662687
GA,157.88,81261.81878642007,0.00728,0.9772425478219555,53.66300147015367
