algorithm,makespan,energy,cost,reliability,load_balance
HEFT,296.88,512757.6530921585,0.020286666666666668,0.8876313221137175,56.97637755326979
GA,308.88,514025.979959855,0.023848333333333336,0.8842293537963078,40.07176705888789
