algorithm,makespan,energy,cost,reliability,load_balance
HEFT,54.31,1140.8799999999999,0.015845555555555557,0.9943118391967158,17.134743754967197
GA,54.31,1140.8799999999999,0.026375000000000003,0.9943118391967158,19.674998995778147
