algorithm,makespan,energy,cost,reliability,load_balance
HEFT,894.5,852992.226450531,0.13455944444444445,0.7632988857184612,199.84615249402896
GA,948.5,835630.9586505009,0.26316027777777784,0.7567323914498906,81.17694549562702
