algorithm,makespan,energy,cost,reliability,load_balance
HEFT,188.89000000000001,5444.840000000002,0.21421833333333334,0.9731430383954718,9.467715581561022
GA,207.69000000000003,5444.840000000003,0.19504111111111114,0.9731430383954718,37.47524300566086
