algorithm,makespan,energy,cost,reliability,load_balance
HEFT,552.57,1893284.3730387103,0.10974583333333332,0.6225667671057813,93.41934877194981
GA,608.57,1995879.043051744,0.2087030555555556,0.600649085099478,49.38490866995988
