algorithm,makespan,energy,cost,reliability,load_balance
HEFT,557.5,998824.985076233,0.09439499999999999,0.753466139160738,110.94371470189215
GA,612.22,1027268.9035967464,0.1572008333333333,0.7403874860743348,50.20823675759239
