algorithm,makespan,energy,cost,reliability,load_balance
HEFT,543.05,981435.2129085718,0.09225222222222224,0.754814843656101,111.51370815442738
GA,576.05,987540.4104331222,0.15779722222222223,0.746885937214708,70.40260508763151
