algorithm,makespan,energy,cost,reliability,load_balance
HEFT,474.24,266121.9802631579,0.05662666666666667,0.9050415723852132,95.41222368528798
GA,480.66,258212.5400490992,0.07289777777777778,0.9045768623813805,51.08834197460597
