algorithm,makespan,energy,cost,reliability,load_balance
HEFT,118.05000000000001,5493.379999999999,0.2553616666666667,0.972906885238398,12.045317885539994
GA,144.52,5493.38,0.19312333333333334,0.972906885238398,39.75013563453224
