algorithm,makespan,energy,cost,reliability,load_balance
HEFT,579.74,1035639.05902646,0.08450500000000002,0.7504258752062103,117.06565900789015
GA,621.74,1036130.1142599802,0.18366777777777787,0.7404076248878426,42.29785157645564
