algorithm,makespan,energy,cost,reliability,load_balance
HEFT,49.58,591.32,0.008212777777777779,0.9970477664374503,17.77286466311307
GA,49.58,591.32,0.008212777777777779,0.9970477664374503,17.772864663113072
