algorithm,makespan,energy,cost,reliability,load_balance
HEFT,228.93999999999997,210206.3076788678,0.00946,0.950988984095148,60.38173697402222
GA,232.93999999999997,200650.3109813686,0.010538333333333332,0.9503805458663284,41.679464168020836
