algorithm,makespan,energy,cost,reliability,load_balance
HEFT,169.89999999999998,2364.0199999999995,0.07625833333333334,0.9882494829530146,12.16732561000978
GA,176.35,2364.02,0.0802788888888889,0.9882494829530146,34.0995368370305
