algorithm,makespan,energy,cost,reliability,load_balance
HEFT,446.06000000000006,243950.14040712014,0.045626666666666676,0.918784571793552,122.21983226225721
GA,479.7900000000001,233891.11175722713,0.069635,0.9163086655001261,44.19162588335358
