algorithm,makespan,energy,cost,reliability,load_balance
HEFT,1171.2599999999998,436710.37620169733,0.12296888888888888,0.8437414248396923,41.420855757295286
GA,938.6599999999999,440348.2359214198,0.09660166666666664,0.8516282275697437,40.990425203129334
