algorithm,makespan,energy,cost,reliability,load_balance
HEFT,769.3299999999999,5957.960000000001,0.10335611111111109,0.9706495426402645,16.494662773151784
GA,747.98,5957.96,0.11034555555555556,0.9706495426402645,2.165879344131029
