algorithm,makespan,energy,cost,reliability,load_balance
HEFT,253.87,80258.40245007287,0.017374722222222222,0.9698269746938359,55.67204946529872
GA,247.39999999999998,79014.53067906224,0.01671638888888889,0.9700779983959527,50.04833555340944
