algorithm,makespan,energy,cost,reliability,load_balance
HEFT,281.38,484482.6093538986,0.022479722222222224,0.8940778741964291,52.99321648234952
GA,268.15,439723.59858288267,0.015936388888888892,0.8978710660475746,24.92756253207125
