algorithm,makespan,energy,cost,reliability,load_balance
HEFT,402.8999999999999,399173.3409779101,0.058240833333333325,0.8728244775507755,85.48974125589571
GA,418.67999999999995,400798.04738702596,0.08528833333333333,0.8706235499300559,71.04132726800646
