algorithm,makespan,energy,cost,reliability,load_balance
HEFT,458.48,808789.7283850985,0.03807611111111111,0.822240128054202,98.03956377515037
GA,500.5300000000001,823478.1544562766,0.07061361111111114,0.8112501711444311,46.26660811548753
