algorithm,makespan,energy,cost,reliability,load_balance
HEFT,448.03999999999996,170962.65141505224,0.037580833333333334,0.9368291037353522,69.37776925403891
GA,448.99,169260.4691418517,0.03935583333333333,0.9367935049057924,47.31801841441235
