algorithm,makespan,energy,cost,reliability,load_balance
HEFT,228.15000000000003,389476.8106070568,0.008688333333333334,0.9180355166030267,41.22923891526811
GA,239.15000000000003,392371.5449717751,0.008688333333333334,0.9148097123308528,25.536666104364652
