algorithm,makespan,energy,cost,reliability,load_balance
HEFT,357.59000000000003,1206658.928801141,0.03608638888888888,0.7566842648002381,56.15530965417385
GA,377.78,1231125.8054687916,0.04505888888888888,0.7469695931243195,30.760967678453824
