algorithm,makespan,energy,cost,reliability,load_balance
HEFT,264.73,256347.0142409247,0.021350555555555557,0.934045991995908,78.24029676792729
GA,270.73,236531.43456580362,0.02962416666666667,0.9331497381142874,43.09306407841831
