algorithm,makespan,energy,cost,reliability,load_balance
HEFT,322.15999999999997,296291.20980258257,0.022676944444444444,0.9260983874815606,81.39265564482257
GA,330.15999999999997,281566.67273443175,0.017520277777777777,0.9249137398817919,46.698858725347876
