algorithm,makespan,energy,cost,reliability,load_balance
HEFT,227.17,118634.45582603336,0.01699388888888889,0.9609281871647022,61.353521714614836
GA,228.87999999999997,116062.41152569029,0.019951111111111114,0.9607967411798084,52.60656475533394
