algorithm,makespan,energy,cost,reliability,load_balance
HEFT,71.41,977.56,0.03781888888888889,0.9951241258561084,6.271791154503971
GA,86.24000000000001,977.5600000000001,0.033611666666666665,0.9951241258561084,16.37723136378238
