algorithm,makespan,energy,cost,reliability,load_balance
HEFT,314.55999999999995,1044074.0566505594,0.020640555555555554,0.800369006128659,42.43507197159122
GA,338.55999999999995,1092751.6615075613,0.021176111111111118,0.7881692720081579,20.790274967737364
