algorithm,makespan,energy,cost,reliability,load_balance
HEFT,569.6999999999999,320015.01776373526,0.06383722222222223,0.8894144092021089,133.2032154266555
GA,649.0300000000001,326780.4741845524,0.09870611111111113,0.8837877031446703,70.96480817982953
