algorithm,makespan,energy,cost,reliability,load_balance
HEFT,523.04,956682.2922338635,0.10552972222222222,0.7552684726706802,110.12256647333183
GA,571.4799999999999,970649.2225624691,0.18897750000000002,0.7436514761047212,47.81506850048052
