algorithm,makespan,energy,cost,reliability,load_balance
HEFT,275.26000000000005,268375.06397587736,0.03372666666666667,0.9174382534593288,64.93917861802176
GA,292.26000000000005,267105.639738589,0.04433194444444445,0.9149462121225639,43.19527396506089
