algorithm,makespan,energy,cost,reliability,load_balance
HEFT,565.3399999999999,522555.7642657515,0.05352388888888888,0.8649769671301334,136.84521706262393
GA,604.3399999999999,507449.6589502597,0.13774416666666664,0.8595963159460612,43.56110856696984
