algorithm,makespan,energy,cost,reliability,load_balance
HEFT,113.37,2795.04,0.09673388888888887,0.9861219997852069,13.373094381381348
GA,114.35999999999999,2795.040000000001,0.0893427777777778,0.9861219997852069,23.950623373933297
