algorithm,makespan,energy,cost,reliability,load_balance
HEFT,491.94,1660738.469488149,0.08518500000000001,0.6663986592908498,73.97590175775498
GA,520.45,1698375.0802190416,0.12115722222222225,0.6543495435783707,37.900449797347655
