algorithm,makespan,energy,cost,reliability,load_balance
HEFT,53.62,1235.4199999999996,0.025355,0.9938419390599746,10.951871510537975
GA,69.33,1235.4199999999998,0.025693333333333335,0.9938419390599746,19.708645723387487
