algorithm,makespan,energy,cost,reliability,load_balance
HEFT,310.97999999999996,285564.4543378995,0.018269166666666666,0.9292725529897649,78.58339260248736
GA,316.97999999999996,268393.97182787553,0.020648611111111107,0.9283808794106931,40.98376564262977
