algorithm,makespan,energy,cost,reliability,load_balance
HEFT,443.32000000000005,149205.37313904183,0.030158055555555563,0.9465623842927566,132.07874292759354
GA,442.45000000000005,140371.99746864053,0.036481388888888897,0.9465953252368992,67.06779008336764
