algorithm,makespan,energy,cost,reliability,load_balance
HEFT,269.85,1978.1,0.04606611111111112,0.9901582501416527,16.135778826363907
GA,252.88000000000002,1978.1,0.053857499999999996,0.9901582501416527,4.7179259214193054
