algorithm,makespan,energy,cost,reliability,load_balance
HEFT,96.12,1723.5599999999997,0.07812583333333332,0.9914192267988967,17.022118503092774
GA,84.91,1723.5599999999997,0.05093500000000001,0.9914192267988967,25.651061803883806
