algorithm,makespan,energy,cost,reliability,load_balance
HEFT,378.27,357989.8133872631,0.031913055555555556,0.9083575503250373,103.27082840562156
GA,388.27,340366.036649754,0.046375,0.9069053403223242,66.3429993261032
