algorithm,makespan,energy,cost,reliability,load_balance
HEFT,268.65999999999997,901181.8792898087,0.021734166666666666,0.8175908916046689,40.422916367252974
GA,281.91,915558.6942995993,0.023703333333333337,0.8106870345692356,21.616192035372904
