algorithm,makespan,energy,cost,reliability,load_balance
HEFT,628.05,383976.0558235809,0.09298944444444444,0.8589106317103335,57.82740996151518
GA,581.92,375270.07238108333,0.09420027777777777,0.8620862114813594,51.93638471382907
