algorithm,makespan,energy,cost,reliability,load_balance
HEFT,432.7600000000001,438381.0451520475,0.07009333333333334,0.8597183872897858,95.50418674941255
GA,485.56000000000006,448447.7775352171,0.11909472222222223,0.852486078639026,44.168310585758206
