algorithm,makespan,energy,cost,reliability,load_balance
HEFT,535.13,550917.3573897931,0.08695222222222221,0.8257202856824472,120.91630488344683
GA,585.92,563792.4980202075,0.14224083333333332,0.8190373432620354,89.08991922022751
