algorithm,makespan,energy,cost,reliability,load_balance
HEFT,646.67,628655.1183756783,0.12106999999999998,0.8022723020514548,111.53542943836275
GA,697.6699999999998,649642.8696088408,0.19384805555555554,0.7957523974550748,83.72610692012377
