algorithm,makespan,energy,cost,reliability,load_balance
HEFT,98.96000000000001,624.66,0.0179225,0.9968815724274408,16.467415047096292
GA,81.39,624.66,0.01856777777777778,0.9968815724274408,3.2353400130434498
