algorithm,makespan,energy,cost,reliability,load_balance
HEFT,222.72,70089.05334051725,0.010592777777777777,0.978991028927246,105.13886103625053
GA,222.72,68104.52029454023,0.008558333333333333,0.978991028927246,97.88188170783532
