algorithm,makespan,energy,cost,reliability,load_balance
HEFT,274.34000000000003,463217.42450973246,0.01914277777777778,0.8963158652050608,43.03674611455927
GA,237.67999999999998,391915.1332884551,0.01722111111111111,0.9068926437364361,24.402977475656925
