algorithm,makespan,energy,cost,reliability,load_balance
HEFT,110.6,5283.0599999999995,0.22709805555555557,0.9739305322581833,10.78510673653944
GA,127.42999999999999,5283.0599999999995,0.22134083333333332,0.9739305322581833,35.63809928807842
