algorithm,makespan,energy,cost,reliability,load_balance
HEFT,462.46000000000004,853841.5876183888,0.0910302777777778,0.7720042683668824,96.23306131585849
GA,509.2000000000001,872846.6918106835,0.14926166666666668,0.7605434769612794,42.61538378781851
