algorithm,makespan,energy,cost,reliability,load_balance
HEFT,392.65,1361288.3169489368,0.06507944444444443,0.7137223912649896,73.3941020183932
GA,422.65,1385803.34449308,0.09342083333333333,0.7001496367485168,33.015867829675884
