algorithm,makespan,energy,cost,reliability,load_balance
HEFT,92.28999999999999,549.7800000000001,0.014476666666666665,0.9972548747659947,16.68273633630486
GA,72.0,549.7800000000001,0.015872777777777777,0.9972548747659947,2.90975800826575
