algorithm,makespan,energy,cost,reliability,load_balance
HEFT,228.89999999999998,70403.94495412844,0.009207222222222223,0.9793834871750192,108.1092156108812
GA,228.89999999999998,69577.37439930101,0.009893333333333334,0.9793834871750192,105.1519337276622
