algorithm,makespan,energy,cost,reliability,load_balance
HEFT,868.73,395116.13362034236,0.08752499999999999,0.8645978443375317,47.9768308665756
GA,803.29,399936.7998107782,0.08331194444444445,0.8668639802796594,44.34425216417564
