algorithm,makespan,energy,cost,reliability,load_balance
HEFT,767.2799999999999,5973.459999999999,0.1260594444444445,0.9705743202156164,15.687163276598655
GA,755.19,5973.460000000001,0.1307619444444445,0.9705743202156164,9.323959727497902
