algorithm,makespan,energy,cost,reliability,load_balance
HEFT,344.62,372805.9171551274,0.06136944444444445,0.8798192414958077,92.03924307734175
GA,376.55999999999995,362540.95939558104,0.09212277777777778,0.8753344824607505,39.338620034897
