algorithm,makespan,energy,cost,reliability,load_balance
HEFT,484.49,271569.8404714236,0.048356111111111114,0.9068574569844865,122.3308062401174
GA,525.83,264770.05106213037,0.07603083333333334,0.9038632519493041,45.037932088248844
