algorithm,makespan,energy,cost,reliability,load_balance
HEFT,188.96999999999997,2803.2399999999993,0.08023222222222225,0.9860815696120399,8.678644973233352
GA,197.25,2803.239999999999,0.09249444444444446,0.9860815696120399,22.934829252844754
