algorithm,makespan,energy,cost,reliability,load_balance
HEFT,765.8099999999998,469197.1281257752,0.11471999999999999,0.8315362378499455,93.50201180990703
GA,782.0999999999998,470446.19842731097,0.13630055555555554,0.8304532856297137,81.5368092927535
