algorithm,makespan,energy,cost,reliability,load_balance
HEFT,412.29999999999995,6104.800000000003,0.15705972222222225,0.9699371532961872,14.978395870624539
GA,407.7,6104.800000000004,0.1716475,0.9699371532961873,35.374859515117286
