algorithm,makespan,energy,cost,reliability,load_balance
HEFT,328.15000000000003,124753.50519579461,0.030380000000000004,0.9540202322018302,68.26187143396135
GA,334.68000000000006,125825.48024979085,0.03164027777777778,0.9537710746585708,75.40243027692588
