algorithm,makespan,energy,cost,reliability,load_balance
HEFT,551.6800000000001,947772.2898781903,0.06316805555555555,0.7811025747956369,91.92405155581147
GA,540.18,894359.9871524306,0.10593916666666668,0.7839823277664546,45.90903301639014
