algorithm,makespan,energy,cost,reliability,load_balance
HEFT,472.2800000000001,1596577.9532268995,0.05856027777777779,0.6879276544455273,74.79157043484325
GA,498.1700000000001,1618362.606720598,0.08567944444444443,0.6766228847822087,33.40190611207155
