algorithm,makespan,energy,cost,reliability,load_balance
HEFT,488.23999999999984,914113.1277445517,0.09976888888888887,0.7590913143966822,109.33603608967364
GA,541.99,933227.108821196,0.18799833333333332,0.7461465875688703,50.647199910460614
