algorithm,makespan,energy,cost,reliability,load_balance
HEFT,154.51,275078.6985308394,0.010715000000000002,0.9380661594504905,35.44599100215707
GA,157.51,265804.6693543267,0.010063611111111112,0.9371660480600141,23.838735232386778
