algorithm,makespan,energy,cost,reliability,load_balance
HEFT,1091.1399999999999,373084.9160877614,0.1090811111111111,0.8628893600494277,42.61013220663203
GA,926.0600000000001,368013.1194307065,0.09394944444444446,0.868606044505429,53.507515048511365
