algorithm,makespan,energy,cost,reliability,load_balance
HEFT,614.0300000000001,385311.05719590257,0.09651916666666666,0.8587769956131974,62.07784846177309
GA,618.3400000000001,384269.6766665589,0.10831833333333335,0.8584809403479707,47.65529544477269
