algorithm,makespan,energy,cost,reliability,load_balance
HEFT,44.17,603.9,0.008387499999999999,0.996985054105265,17.956169308903277
GA,44.17,603.9,0.0083875,0.996985054105265,17.956169308903277
