algorithm,makespan,energy,cost,reliability,load_balance
HEFT,235.42000000000002,212527.72903746495,0.007625833333333333,0.9525159754461398,59.015110180218514
GA,238.42000000000002,203027.50452982134,0.007625833333333334,0.9520588774902112,40.492785401640795
