algorithm,makespan,energy,cost,reliability,load_balance
HEFT,365.72,199590.7006179591,0.029136388888888892,0.9383881590083776,121.20999863725295
GA,371.72,182391.92895189926,0.039817222222222226,0.9379378407770751,68.85663614403066
