algorithm,makespan,energy,cost,reliability,load_balance
HEFT,400.85,686714.0837719846,0.03908694444444445,0.8470496223811128,70.48379349012137
GA,407.85,679676.164276082,0.04526694444444445,0.8451543547192348,51.68089142329543
