algorithm,makespan,energy,cost,reliability,load_balance
HEFT,59.53,1942.3800000000003,0.0269775,0.9903351081980823,14.965595918289257
GA,60.910000000000004,1942.3800000000006,0.06571916666666666,0.9903351081980823,24.26434533915769
