algorithm,makespan,energy,cost,reliability,load_balance
HEFT,240.24,1712.8200000000006,0.03487805555555556,0.9914724674408742,19.30684054076862
GA,220.89000000000001,1712.8200000000002,0.03519277777777778,0.9914724674408742,5.367540560318727
