algorithm,makespan,energy,cost,reliability,load_balance
HEFT,435.51,146778.40079447086,0.028220000000000002,0.9483049037596543,142.84840784902013
GA,441.51,142840.30212226225,0.028025277777777774,0.9480773378917484,118.47976968664312
