algorithm,makespan,energy,cost,reliability,load_balance
HEFT,687.3900000000002,1221041.9010168903,0.11263305555555557,0.7076857073646399,130.03626935118604
GA,703.0800000000002,1178067.6870341925,0.23291444444444442,0.7041414638793477,45.63782866042939
