algorithm,makespan,energy,cost,reliability,load_balance
HEFT,515.4399999999999,305541.787327332,0.06402388888888888,0.890517254719946,104.21203231187572
GA,565.2,312845.0998938429,0.08575500000000003,0.8869793301893971,88.03113422452958
