algorithm,makespan,energy,cost,reliability,load_balance
HEFT,217.96,3132.6799999999994,0.09253166666666668,0.9844586330680677,14.819319195852806
GA,220.57,3132.6799999999994,0.0932213888888889,0.9844586330680677,26.375377993229105
