algorithm,makespan,energy,cost,reliability,load_balance
HEFT,281.94999999999993,91553.79237453447,0.017655277777777777,0.9653447379883269,55.39044021008198
GA,278.28,90235.29905131522,0.020461666666666666,0.965486460998078,45.77941094713502
