algorithm,makespan,energy,cost,reliability,load_balance
HEFT,410.21999999999997,747568.3438155138,0.07043305555555557,0.8041936343953439,85.67762442679741
GA,439.34999999999997,749858.6577443951,0.10185638888888889,0.7967320937904934,43.781673272228055
