algorithm,makespan,energy,cost,reliability,load_balance
HEFT,78.26,3254.2400000000007,0.11916166666666668,0.9838604609138213,11.523486255637698
GA,99.38,3254.240000000001,0.10763444444444444,0.9838604609138213,35.62688600553819
