algorithm,makespan,energy,cost,reliability,load_balance
HEFT,433.35999999999996,758201.8036966956,0.05028111111111111,0.8240187454490964,84.64156389510335
GA,410.07,682608.6345501988,0.08777333333333334,0.8301829340555373,40.086869741919806
