algorithm,makespan,energy,cost,reliability,load_balance
HEFT,823.2800000000001,315733.87475706934,0.08018972222222223,0.8852421992026276,48.894737532104024
GA,746.9399999999999,316981.0249685383,0.07413999999999998,0.8879495061947444,71.17466654880322
