algorithm,makespan,energy,cost,reliability,load_balance
HEFT,144.88,3742.4200000000005,0.15774000000000002,0.9814618844483157,14.515955115550152
GA,166.53,3742.4200000000014,0.1522063888888889,0.9814618844483157,39.84486691637122
