algorithm,makespan,energy,cost,reliability,load_balance
HEFT,400.9699999999999,402544.38234780653,0.06531472222222222,0.8720954500474439,89.9641507837983
GA,404.5899999999999,382887.17439877405,0.09639416666666667,0.8715904786166199,46.985967971831755
