algorithm,makespan,energy,cost,reliability,load_balance
HEFT,530.19,927617.448669345,0.05475805555555555,0.7883524638330379,103.14454721438486
GA,558.1900000000002,926024.6876690736,0.08227083333333332,0.7813203765536441,54.787195119779064
