algorithm,makespan,energy,cost,reliability,load_balance
HEFT,72.5,2846.480000000001,0.14132222222222227,0.9858684018209583,11.645302458710066
GA,83.50999999999999,2846.4800000000005,0.10333583333333336,0.9858684018209583,26.587985735739192
