algorithm,makespan,energy,cost,reliability,load_balance
HEFT,834.34,304829.5285255412,0.08386472222222223,0.8877236405716938,31.21870099262084
GA,705.2,306181.7752836075,0.07094666666666667,0.8923211299820215,74.01667396607334
