algorithm,makespan,energy,cost,reliability,load_balance
HEFT,561.26,4400.120000000001,0.09539111111111113,0.9782396481072451,7.852373314270415
GA,555.8100000000001,4400.120000000001,0.08640222222222223,0.9782396481072451,4.262804241341634
