algorithm,makespan,energy,cost,reliability,load_balance
HEFT,810.7400000000002,292067.29933147505,0.06999833333333334,0.8919781876573941,43.409388001521855
GA,706.0200000000002,291022.6459023824,0.07137472222222224,0.8957223421724793,58.00862378416968
