algorithm,makespan,energy,cost,reliability,load_balance
HEFT,469.3499999999999,1607324.343773303,0.09641722222222225,0.6608304350180273,76.43667540259834
GA,481.27,1585328.7780871445,0.15910777777777782,0.6558082726882262,38.05011875248714
