algorithm,makespan,energy,cost,reliability,load_balance
HEFT,563.2,1009964.3589843749,0.08943611111111112,0.748276138512096,110.38303688454508
GA,597.71,1005963.3346606215,0.1707386111111111,0.7400582349514071,44.48014126932051
