algorithm,makespan,energy,cost,reliability,load_balance
HEFT,199.89000000000001,101175.16108859873,0.007500277777777779,0.9735641111453507,68.97391441438464
GA,202.89000000000001,92214.74390063582,0.007500277777777779,0.9733304837950794,43.62815357001224
