algorithm,makespan,energy,cost,reliability,load_balance
HEFT,54.02,704.8199999999999,0.015776666666666668,0.9964821023523625,6.21707886735058
GA,59.129999999999995,704.8199999999999,0.010304444444444444,0.9964821023523625,14.022800247657896
