algorithm,makespan,energy,cost,reliability,load_balance
HEFT,175.87,92438.30869392164,0.008156944444444446,0.9745147735656249,63.32618008318969
GA,175.87,90569.89793597543,0.008156944444444446,0.9745147735656249,59.504455520454215
