algorithm,makespan,energy,cost,reliability,load_balance
HEFT,355.22,192009.93392826983,0.03406027777777778,0.9360458674680553,97.4329257104599
GA,313.42999999999995,167499.78773569854,0.038517777777777776,0.9391804929324626,54.98136890607321
