algorithm,makespan,energy,cost,reliability,load_balance
HEFT,541.11,949821.8454288408,0.07127499999999998,0.7727670763949251,100.79012978909806
GA,559.93,938150.6951940423,0.11957861111111114,0.7681271497251323,55.87404993779861
