algorithm,makespan,energy,cost,reliability,load_balance
HEFT,88.56,4271.9000000000015,0.15811999999999996,0.9788669986213667,11.275663233300577
GA,102.54,4271.900000000001,0.1257688888888889,0.9788669986213667,26.52772756452959
