algorithm,makespan,energy,cost,reliability,load_balance
HEFT,257.13,252496.64340994824,0.02623583333333334,0.9284800357834703,71.930322025323
GA,269.13,238714.06777393824,0.03846611111111111,0.926699064394414,36.78329312790432
