algorithm,makespan,energy,cost,reliability,load_balance
HEFT,487.58,1644418.8484351286,0.08164750000000001,0.6649469606022621,71.31054557022972
GA,536.6700000000001,1748042.9780311924,0.16591138888888882,0.6443806861259945,34.447615002567005
