algorithm,makespan,energy,cost,reliability,load_balance
HEFT,115.91,5466.820000000001,0.24781722222222216,0.9730360958521526,10.988950861125268
GA,133.42999999999998,5466.820000000001,0.21631805555555556,0.9730360958521526,35.706472383315656
