algorithm,makespan,energy,cost,reliability,load_balance
HEFT,481.53,892011.6553901108,0.1022113888888889,0.7622767501953444,101.02262314300468
GA,505.53,881316.5332621207,0.16734388888888888,0.7564448877702984,56.04070766617608
