algorithm,makespan,energy,cost,reliability,load_balance
HEFT,370.95,1297653.9186143684,0.0705738888888889,0.7209196430419811,72.54309722458447
GA,415.81,1361050.392655299,0.1409172222222222,0.7005160508840432,27.563569112818158
