algorithm,makespan,energy,cost,reliability,load_balance
HEFT,1365.67,491612.7290853574,0.13333111111111112,0.8251015576845252,90.09695495224383
GA,1174.21,487691.3441973752,0.11762194444444445,0.8314447738943918,56.67512351111373
