algorithm,makespan,energy,cost,reliability,load_balance
HEFT,205.67000000000002,683137.4556328098,0.008935000000000002,0.8654590665966566,28.111850617468946
GA,210.67000000000002,686438.4591066597,0.008935,0.8626940240111864,19.633181317121085
