algorithm,makespan,energy,cost,reliability,load_balance
HEFT,46.83,1086.3200000000002,0.015087777777777776,0.9945831244680773,17.14515576275212
GA,46.83,1086.32,0.026873888888888888,0.9945831244680773,18.553062133139342
