algorithm,makespan,energy,cost,reliability,load_balance
HEFT,326.79,560251.2317084366,0.01928388888888889,0.880008598970711,60.00514671390499
GA,335.79,549021.751779386,0.01968361111111111,0.8774778202762694,30.544925557587277
