algorithm,makespan,energy,cost,reliability,load_balance
HEFT,558.21,554058.7196933056,0.0865613888888889,0.8225174341765665,103.4476498524737
GA,614.36,575002.8917247218,0.13475333333333334,0.8151610319858166,70.03779279788877
