algorithm,makespan,energy,cost,reliability,load_balance
HEFT,502.53000000000003,522163.9552265537,0.09300611111111112,0.8268486595829191,94.30829549055234
GA,519.39,515187.87808775675,0.12430583333333331,0.8246211584431676,56.20085715538509
