algorithm,makespan,energy,cost,reliability,load_balance
HEFT,699.74,394517.6275187927,0.09181555555555557,0.8587038309300309,104.7198278400855
GA,657.3900000000001,377014.914069274,0.10372333333333335,0.8616180534145252,59.187613569056836
