algorithm,makespan,energy,cost,reliability,load_balance
HEFT,331.92,4871.540000000001,0.11607972222222222,0.9759365548096143,13.050303157398298
GA,333.3,4871.540000000001,0.12995611111111113,0.9759365548096143,33.21887563139797
