algorithm,makespan,energy,cost,reliability,load_balance
HEFT,643.4799999999999,341386.3013924287,0.0709675,0.8849253392166347,145.97750616839176
GA,659.4399999999999,332716.1848841441,0.08626083333333333,0.8837961875473456,95.09292504102051
