algorithm,makespan,energy,cost,reliability,load_balance
HEFT,616.4499999999999,421954.46118906647,0.10525694444444446,0.8493207216407944,96.90983699884578
GA,658.59,420483.86534869944,0.11891694444444445,0.8464623124656533,52.02511199960485
