algorithm,makespan,energy,cost,reliability,load_balance
HEFT,325.04999999999995,186703.48589447778,0.03145138888888888,0.9392060389892951,106.1870485023614
GA,327.04999999999995,176004.21161901846,0.042418611111111115,0.939055778044253,77.8782181976633
