algorithm,makespan,energy,cost,reliability,load_balance
HEFT,601.84,356903.1111591121,0.09775972222222225,0.8693276345274983,75.11815626065376
GA,557.41,348274.3287346836,0.09461083333333334,0.872423070621774,74.49959098641317
