algorithm,makespan,energy,cost,reliability,load_balance
HEFT,497.02000000000004,894039.5844432819,0.07567499999999998,0.783078447211687,106.0120627475189
GA,552.02,922717.9692764754,0.16027361111111113,0.7694168413223536,49.27613840111466
