algorithm,makespan,energy,cost,reliability,load_balance
HEFT,84.82,4136.040000000003,0.17896833333333334,0.9795321688730277,11.140725040834814
GA,108.93,4136.040000000001,0.15568638888888894,0.9795321688730277,30.587893655929488
