algorithm,makespan,energy,cost,reliability,load_balance
HEFT,591.88,603146.1370717038,0.10393277777777776,0.8044745078501256,108.82522757270027
GA,685.77,643166.6914709012,0.16607805555555552,0.7924796910455584,62.56641716008677
