algorithm,makespan,energy,cost,reliability,load_balance
HEFT,254.54999999999998,76830.69432331566,0.008027222222222222,0.9784934363868809,122.61561523721193
GA,255.54999999999998,65243.15758168655,0.008027222222222222,0.9784542974322097,71.27394124082096
