algorithm,makespan,energy,cost,reliability,load_balance
HEFT,248.76,822325.8904566651,0.009500833333333332,0.8412321640260959,31.76820781774428
GA,262.76,849065.034061501,0.01138222222222222,0.8337283909410187,17.73044962273672
