algorithm,makespan,energy,cost,reliability,load_balance
HEFT,321.06,554289.8923565688,0.02939583333333334,0.8759064377249469,60.384913358307664
GA,332.42,551860.1564887792,0.036917500000000006,0.8727281230473204,39.818276562240825
