algorithm,makespan,energy,cost,reliability,load_balance
HEFT,376.3299999999999,1246579.3094890122,0.026556666666666666,0.7610976586383623,48.66244478996619
GA,390.63,1261722.287586719,0.045099166666666655,0.7541638702792927,23.78443974968402
