algorithm,makespan,energy,cost,reliability,load_balance
HEFT,249.5,133788.6360721443,0.01628777777777778,0.9583467639121235,80.13324243319462
GA,251.5,124236.04254473162,0.02321388888888889,0.9581934406960818,52.90470651490821
