algorithm,makespan,energy,cost,reliability,load_balance
HEFT,89.11,1168.2800000000002,0.06245361111111111,0.9941756278054392,9.295153499078356
GA,80.45,1168.28,0.042521944444444446,0.9941756278054392,6.169312881397038
