algorithm,makespan,energy,cost,reliability,load_balance
HEFT,594.2800000000001,609378.9602207714,0.10530138888888892,0.8096017652933831,133.9855458871093
GA,632.96,600303.4860654703,0.18649055555555558,0.8046067743312231,67.22519993772177
