algorithm,makespan,energy,cost,reliability,load_balance
HEFT,867.0799999999999,310644.4034229829,0.08551305555555555,0.8854302446154542,49.21818769520077
GA,757.04,309205.8871658037,0.07508833333333334,0.8893361441778107,63.19381457073146
