algorithm,makespan,energy,cost,reliability,load_balance
HEFT,564.17,4267.899999999999,0.09130333333333333,0.9788865761571138,21.194185326798134
GA,541.83,4267.899999999999,0.07822444444444446,0.9788865761571138,6.516105048263127
