algorithm,makespan,energy,cost,reliability,load_balance
HEFT,1159.84,425836.385389364,0.10640944444444445,0.8475651241711128,109.74204675055049
GA,1098.9999999999998,421335.6518562329,0.10432027777777776,0.8496302705081386,28.54051666782979
