algorithm,makespan,energy,cost,reliability,load_balance
HEFT,400.38000000000005,1361819.467555822,0.05973750000000001,0.7170701535520635,64.95547713183704
GA,419.38000000000005,1377139.001573752,0.08549555555555556,0.7084033812533074,37.87807574472357
