algorithm,makespan,energy,cost,reliability,load_balance
HEFT,235.43,71189.0034405131,0.007916944444444445,0.9799175926361458,112.96761202515819
GA,238.43,61607.374575347065,0.008802500000000001,0.9798000095801539,70.07633100174885
