algorithm,makespan,energy,cost,reliability,load_balance
HEFT,301.61,287961.6289910812,0.028301666666666673,0.9212476374376811,80.09499334124031
GA,308.61,268803.70616635884,0.037680555555555564,0.920216417674615,39.234209371414636
