algorithm,makespan,energy,cost,reliability,load_balance
HEFT,75.53,1757.26,0.08073388888888887,0.9912521867327019,11.170643054453043
GA,91.53999999999999,1757.2599999999998,0.050818055555555554,0.9912521867327019,25.35332903026083
