algorithm,makespan,energy,cost,reliability,load_balance
HEFT,766.23,298208.8046278533,0.07241444444444446,0.8915850903172935,42.76006187631934
GA,697.1699999999998,298258.2670654216,0.07076666666666667,0.8940514098830268,25.89667594499341
