algorithm,makespan,energy,cost,reliability,load_balance
HEFT,540.37,561420.0447286118,0.09515305555555556,0.8281690324174645,139.21522197512502
GA,581.37,547094.0087551817,0.17168416666666664,0.8227540242106518,68.1554074370968
