algorithm,makespan,energy,cost,reliability,load_balance
HEFT,314.09000000000003,159153.95278423384,0.0129875,0.9591908639213736,109.48510993835778
GA,315.09000000000003,146169.1197753023,0.012723055555555557,0.9591141317215888,77.5240370903484
