algorithm,makespan,energy,cost,reliability,load_balance
HEFT,445.2999999999999,457001.9355939816,0.07313055555555553,0.8528960524954531,99.0248234787621
GA,516.2999999999998,481203.7697850085,0.12506722222222222,0.8432619784853755,57.922580038645826
