algorithm,makespan,energy,cost,reliability,load_balance
HEFT,334.45,339492.1680370757,0.05051666666666668,0.8954672767724656,87.22333934599538
GA,343.45,323644.0745960111,0.06987638888888889,0.8941787318689043,52.55719557459917
