algorithm,makespan,energy,cost,reliability,load_balance
HEFT,441.9100000000001,437636.31526781473,0.06474388888888888,0.8637554450110096,99.15671300186054
GA,479.91,435525.23035569175,0.1151638888888889,0.8585197445634432,39.51203884050193
