algorithm,makespan,energy,cost,reliability,load_balance
HEFT,530.66,1802745.8250668976,0.07358638888888888,0.6518836395046667,87.21125586857245
GA,572.66,1861830.579069605,0.11983722222222222,0.6345944154386208,38.17493511204088
