algorithm,makespan,energy,cost,reliability,load_balance
HEFT,380.66999999999996,374130.81761105417,0.040499999999999994,0.8943346902389169,104.64138830628474
GA,392.78999999999996,348193.9539193971,0.06535333333333333,0.8926020768924634,46.70465273039365
