algorithm,makespan,energy,cost,reliability,load_balance
HEFT,566.68,191112.5498517682,0.05155305555555555,0.9272689741515118,38.345989251376295
GA,461.22,189830.05305494124,0.043008611111111116,0.9311888275340459,67.7089011258244
