algorithm,makespan,energy,cost,reliability,load_balance
HEFT,541.4499999999999,976636.881060116,0.08668777777777777,0.756479079851961,110.51451340564407
GA,604.4499999999999,1013201.7475887169,0.15922111111111112,0.7413811599794253,43.938211260475335
