algorithm,makespan,energy,cost,reliability,load_balance
HEFT,118.45,5455.299999999998,0.24459194444444443,0.9730921443454548,12.645332521393536
GA,135.11,5455.299999999997,0.20485388888888895,0.9730921443454547,39.859828784198825
