algorithm,makespan,energy,cost,reliability,load_balance
HEFT,192.32,635874.7240536606,0.007622500000000001,0.8745365413292091,24.60941126868076
GA,193.32,630577.6112662943,0.0076225,0.8739770170096393,18.658223238552026
