algorithm,makespan,energy,cost,reliability,load_balance
HEFT,164.29000000000002,58121.06226794084,0.010450833333333333,0.979676954426976,60.69306632556968
GA,162.29,53445.972518331386,0.009715277777777778,0.97975533171838,34.67775704011627
