algorithm,makespan,energy,cost,reliability,load_balance
HEFT,103.53,643.68,0.017122222222222223,0.9967867734976635,15.785742512364335
GA,91.97,643.68,0.0206425,0.9967867734976635,16.100167700989953
