algorithm,makespan,energy,cost,reliability,load_balance
HEFT,175.05999999999997,57370.758425682616,0.009447222222222223,0.9807379308593072,70.54889197098231
GA,177.05999999999997,50094.715859030825,0.009447222222222223,0.9806594749631161,24.409101273910114
