algorithm,makespan,energy,cost,reliability,load_balance
HEFT,494.49,1688592.2201055633,0.09099638888888889,0.655355921059331,81.19424321251584
GA,539.49,1768161.1475282216,0.1605980555555556,0.6367508692423902,42.822914953782494
