algorithm,makespan,energy,cost,reliability,load_balance
HEFT,344.76,601250.2399350273,0.036441111111111105,0.8549488811170103,64.52966404635534
GA,354.45000000000005,592560.7801382425,0.04504944444444444,0.8523019615314035,39.4078113265427
