algorithm,makespan,energy,cost,reliability,load_balance
HEFT,587.2300000000001,330444.86000374646,0.07724166666666667,0.8783167388527816,60.82267857116648
GA,565.57,324065.0875400039,0.09117444444444445,0.8798400054749209,50.87511853268045
