algorithm,makespan,energy,cost,reliability,load_balance
HEFT,193.53,331414.9395959283,0.009061666666666668,0.9291948690515688,35.713607689416484
GA,193.53,330908.9276081228,0.007991111111111112,0.9291948690515688,35.268568662250395
