algorithm,makespan,energy,cost,reliability,load_balance
HEFT,404.34999999999997,240815.42220848275,0.05247611111111111,0.9156242553927232,104.52469433959475
GA,414.34999999999997,229164.13039700736,0.06339583333333335,0.9148920489100532,52.82626063332517
