algorithm,makespan,energy,cost,reliability,load_balance
HEFT,573.17,4520.639999999999,0.07610388888888892,0.9776503384721216,6.753996347842278
GA,573.57,4520.64,0.08461916666666666,0.9776503384721216,7.6339635838796935
