algorithm,makespan,energy,cost,reliability,load_balance
HEFT,1170.64,361156.1698558054,0.12276583333333335,0.865587164017488,18.55448912437818
GA,783.48,348452.9162454689,0.08150805555555556,0.8790963272377633,73.86322269348032
