algorithm,makespan,energy,cost,reliability,load_balance
HEFT,1129.3500000000001,423126.03206269094,0.09728833333333334,0.8491882379422155,116.89688914452198
GA,1048.4200000000003,419925.5392590756,0.09856916666666671,0.8519416844300141,76.3718880980868
