algorithm,makespan,energy,cost,reliability,load_balance
HEFT,725.19,255300.25702229762,0.059590277777777784,0.905735462110868,106.42229038912231
GA,710.3600000000001,252500.04320344617,0.0681188888888889,0.9062729037764303,79.16838105161267
