algorithm,makespan,energy,cost,reliability,load_balance
HEFT,107.66,5652.620000000001,0.30318611111111116,0.9721325650741343,9.801427063435137
GA,144.98,5652.620000000001,0.2202319444444444,0.9721325650741343,37.08825635665032
