algorithm,makespan,energy,cost,reliability,load_balance
HEFT,548.45,989210.3713374056,0.09767166666666668,0.7466687743611752,105.78321174313788
GA,614.45,1038842.634421027,0.2076180555555556,0.73106449110349,49.74600327194394
