algorithm,makespan,energy,cost,reliability,load_balance
HEFT,463.5200000000001,474908.0882162583,0.0773227777777778,0.8474118982487036,102.02089736707542
GA,471.7100000000001,455151.262661381,0.11199305555555557,0.8463021769454326,51.99213626036795
