algorithm,makespan,energy,cost,reliability,load_balance
HEFT,476.26000000000005,845127.0381934238,0.057185833333333345,0.7995335370965289,97.79307806197062
GA,514.56,857218.4435439988,0.09627222222222222,0.7897942582772195,49.25076211032252
