algorithm,makespan,energy,cost,reliability,load_balance
HEFT,407.15999999999997,245247.58122114153,0.05187194444444444,0.9116823955996975,88.80621574730645
GA,414.78000000000003,237875.0327161387,0.06306611111111113,0.9111268033730561,51.075693810405404
