algorithm,makespan,energy,cost,reliability,load_balance
HEFT,651.21,382966.2384637828,0.08965166666666667,0.8618907124990182,99.74584831138156
GA,654.5,378681.67592055,0.09399555555555554,0.8616638927142815,72.72121284889498
