algorithm,makespan,energy,cost,reliability,load_balance
HEFT,533.02,510373.6444598702,0.06388000000000002,0.8537428866675647,126.55620427139608
GA,564.0200000000001,495332.9115811497,0.11314472222222223,0.8495188063288579,52.63982066442983
