algorithm,makespan,energy,cost,reliability,load_balance
HEFT,228.41999999999996,3452.7400000000007,0.09380777777777778,0.9828844638250374,6.2430096622428115
GA,246.99,3452.74,0.10390138888888888,0.9828844638250374,24.363628592931
