algorithm,makespan,energy,cost,reliability,load_balance
HEFT,471.74999999999994,282252.42107048223,0.05854416666666667,0.8985889314243548,98.07685612387284
GA,490.85999999999996,274958.3614880006,0.06662805555555557,0.897216218235317,41.20748259028414
