algorithm,makespan,energy,cost,reliability,load_balance
HEFT,577.62,600190.3848724074,0.10678527777777778,0.8033747391366979,107.21524179386377
GA,664.46,639473.137570358,0.16883583333333335,0.7922895187412968,78.21010688896502
