algorithm,makespan,energy,cost,reliability,load_balance
HEFT,198.7,5691.840000000001,0.27062722222222224,0.9719419485686824,9.795446561200434
GA,221.58,5691.84,0.26975527777777786,0.9719419485686824,37.49503238208141
