algorithm,makespan,energy,cost,reliability,load_balance
HEFT,635.92,4951.639999999999,0.10765055555555555,0.9755457704791987,12.207062163627514
GA,629.54,4951.64,0.09622277777777778,0.9755457704791987,20.810703175689888
