algorithm,makespan,energy,cost,reliability,load_balance
HEFT,831.2,301544.139473051,0.08178444444444447,0.8887056505838146,29.47126891850206
GA,655.65,302370.82771295664,0.0684275,0.8949681034014065,15.255017480597472
