algorithm,makespan,energy,cost,reliability,load_balance
HEFT,561.61,208862.61195491534,0.05187472222222223,0.9221630751222859,45.44842754888962
GA,517.6599999999999,207365.92647683804,0.0519811111111111,0.9237856636457702,22.521483817309544
