algorithm,makespan,energy,cost,reliability,load_balance
HEFT,529.9000000000001,173082.7420645405,0.03949611111111112,0.9347097740160796,82.23970776536922
GA,508.79999999999995,169195.11536949687,0.04316055555555555,0.9354990020727395,51.06383390750574
