algorithm,makespan,energy,cost,reliability,load_balance
HEFT,548.02,541795.0077734389,0.09036500000000001,0.8280554154205211,105.86916403435579
GA,576.74,543840.1495647952,0.1354786111111111,0.8242590643520623,71.69287170516559
