algorithm,makespan,energy,cost,reliability,load_balance
HEFT,158.8,4340.159999999999,0.1565716666666667,0.9785329683202506,13.334014149285029
GA,164.92,4340.159999999998,0.15315194444444444,0.9785329683202506,18.2555788733198
