algorithm,makespan,energy,cost,reliability,load_balance
HEFT,656.6899999999999,602879.4177313497,0.08604833333333334,0.8216167775454764,110.36639394723679
GA,616.77,554677.0642703114,0.14098472222222225,0.8268814034381626,58.55833575375926
