algorithm,makespan,energy,cost,reliability,load_balance
HEFT,526.55,4104.599999999999,0.08547611111111111,0.9796861634336299,10.443886569025238
GA,518.2399999999999,4104.599999999999,0.09530277777777775,0.9796861634336299,6.336721023789308
