algorithm,makespan,energy,cost,reliability,load_balance
HEFT,921.7399999999998,337283.6840974678,0.08728805555555555,0.8771756689484115,89.06720627331546
GA,858.13,335070.5370048827,0.08225805555555556,0.8794103965352897,74.60145776055587
