algorithm,makespan,energy,cost,reliability,load_balance
HEFT,134.73000000000002,1049.0199999999995,0.028582500000000004,0.9947686315187854,2.4365327140563315
GA,135.78,1049.02,0.029721666666666664,0.9947686315187854,5.126372174029758
