algorithm,makespan,energy,cost,reliability,load_balance
HEFT,349.32,110178.32858124358,0.02114166666666667,0.9624957773487031,127.69759460015945
GA,328.16,97385.82819356411,0.03007833333333334,0.9633107786345402,64.02441461401008
