algorithm,makespan,energy,cost,reliability,load_balance
HEFT,591.8999999999999,4657.7,0.08683416666666667,0.9769805842126753,7.942713117484803
GA,591.1899999999998,4657.700000000001,0.0958272222222222,0.9769805842126753,6.906771435820462
