algorithm,makespan,energy,cost,reliability,load_balance
HEFT,812.78,296747.76581608795,0.07887916666666665,0.8906034609625177,42.094172597482796
GA,730.26,294913.8841782379,0.07209472222222223,0.8935480218963436,23.879693604957946
