algorithm,makespan,energy,cost,reliability,load_balance
HEFT,500.46000000000004,173107.04409942855,0.04254805555555557,0.9361971447031096,109.646548015278
GA,478.15999999999997,172005.3287811611,0.04078472222222222,0.9370326051161335,109.30494907215625
