algorithm,makespan,energy,cost,reliability,load_balance
HEFT,588.1999999999999,245069.2837980279,0.06151222222222222,0.9114446598330166,21.53984892395182
GA,541.0,250432.24645101663,0.05459,0.9131670928158765,84.31943483958295
