algorithm,makespan,energy,cost,reliability,load_balance
HEFT,257.44,170429.7769577377,0.03647555555555556,0.9377161384777597,59.00491426265152
GA,283.08,174031.62053129854,0.04432027777777778,0.9357946664699088,57.108445397456634
