algorithm,makespan,energy,cost,reliability,load_balance
HEFT,324.15999999999997,5041.98,0.10058694444444448,0.9751052159614017,7.225152371107076
GA,351.00000000000006,5041.98,0.104855,0.9751052159614017,27.065679341451713
