algorithm,makespan,energy,cost,reliability,load_balance
HEFT,756.4899999999999,449556.83013655164,0.12311416666666666,0.8380603201538963,90.905027825355
GA,703.4899999999999,434094.30662838125,0.13358472222222223,0.8416212397261112,53.877376629713474
