algorithm,makespan,energy,cost,reliability,load_balance
HEFT,280.94,927984.427991742,0.017138888888888888,0.8190773132596467,35.09340049968017
GA,289.94,935454.5948816995,0.013732777777777781,0.8143729893945101,17.067376377426324
