algorithm,makespan,energy,cost,reliability,load_balance
HEFT,141.58999999999997,4034.6800000000007,0.14111138888888888,0.9800287215920435,10.086080094202437
GA,170.67000000000002,4034.68,0.12645972222222226,0.9800287215920435,47.99268873137519
