algorithm,makespan,energy,cost,reliability,load_balance
HEFT,530.1899999999999,513453.12553990074,0.07821277777777778,0.8377130999062288,96.9697845357855
GA,573.05,535235.465369514,0.12295694444444445,0.8319880510356972,84.71830321473237
