algorithm,makespan,energy,cost,reliability,load_balance
HEFT,344.91,605487.9310544779,0.034594166666666676,0.8568064773027625,68.83200460295552
GA,358.91,601411.8274219163,0.040103055555555565,0.85297656968316,43.75749793353393
