algorithm,makespan,energy,cost,reliability,load_balance
HEFT,1071.69,441920.2329404958,0.11371305555555558,0.8455624937585295,26.05434896519196
GA,937.3600000000001,447670.0760220193,0.09942083333333335,0.8501180982765858,26.160660669537148
