algorithm,makespan,energy,cost,reliability,load_balance
HEFT,462.31000000000006,3509.0799999999995,0.06698472222222224,0.9826076242662604,18.16444237147587
GA,444.29999999999995,3509.0799999999995,0.07301527777777778,0.9826076242662604,6.847376626611547
