algorithm,makespan,energy,cost,reliability,load_balance
HEFT,757.22,281954.6780328042,0.07162083333333334,0.8963689286749442,58.51043012432345
GA,720.6800000000001,282207.4393905756,0.07124333333333334,0.8976800194128026,75.43364523429408
