algorithm,makespan,energy,cost,reliability,load_balance
HEFT,55.22,1228.6999999999996,0.01706527777777778,0.9938753327101372,18.43826335489204
GA,55.22,1228.6999999999998,0.01706527777777778,0.9938753327101372,19.33363142121654
