algorithm,makespan,energy,cost,reliability,load_balance
HEFT,334.89000000000004,575291.2288512647,0.02358944444444445,0.8755025628165808,62.003818742145846
GA,335.89000000000004,560675.4913513353,0.022835833333333336,0.8752224468174297,45.82797824715568
