algorithm,makespan,energy,cost,reliability,load_balance
HEFT,312.78999999999996,313276.4295214041,0.028064166666666664,0.9157282762164067,96.89254496391005
GA,325.79,289011.8795236195,0.03801388888888888,0.9138255409325713,49.04733594107499
