algorithm,makespan,energy,cost,reliability,load_balance
HEFT,291.76,264964.9705237181,0.022222222222222223,0.9310759742871937,67.41693199782974
GA,300.76,259549.71838010373,0.01798861111111111,0.929736189760594,46.95681406001334
