algorithm,makespan,energy,cost,reliability,load_balance
HEFT,59.629999999999995,1196.0399999999997,0.039913333333333335,0.9940376458044722,11.661619598780723
GA,69.72999999999999,1196.0399999999997,0.03132472222222222,0.9940376458044722,20.805206039194452
