algorithm,makespan,energy,cost,reliability,load_balance
HEFT,284.29,268298.0263463365,0.020046944444444447,0.9318215058189306,78.10851812009155
GA,290.29,250931.23693547834,0.022443888888888888,0.9309273864193247,44.435794613314464
