algorithm,makespan,energy,cost,reliability,load_balance
HEFT,83.94,3655.8000000000006,0.18972694444444446,0.9818870476529165,10.233673208516562
GA,93.38,3655.7999999999993,0.13637888888888888,0.9818870476529165,26.998163311185063
