algorithm,makespan,energy,cost,reliability,load_balance
HEFT,577.91,993879.92239276,0.06472472222222223,0.7758969220746098,99.61055529667577
GA,529.48,873031.5548273778,0.11842166666666665,0.7880151211749958,37.879488330619196
