algorithm,makespan,energy,cost,reliability,load_balance
HEFT,414.68,229198.982950709,0.04066750000000001,0.9232755053638625,114.99293412298987
GA,441.68,222529.08270693716,0.0558475,0.9212833825394642,68.13940991767225
