algorithm,makespan,energy,cost,reliability,load_balance
HEFT,164.9,2196.02,0.05184722222222222,0.9890799612707565,12.759496673346597
GA,165.09999999999997,2196.02,0.05554333333333334,0.9890799612707565,37.72824574222494
