algorithm,makespan,energy,cost,reliability,load_balance
HEFT,196.07,100570.35538328148,0.0087125,0.973370585837108,69.1068098257018
GA,201.07,92068.0615705973,0.007850555555555557,0.9729813154620385,43.785864891374636
