algorithm,makespan,energy,cost,reliability,load_balance
HEFT,37.04,438.02000000000004,0.008545555555555556,0.9978122965191469,9.037161276007605
GA,36.89,438.0199999999999,0.012558055555555557,0.9978122965191469,11.984741415054156
