algorithm,makespan,energy,cost,reliability,load_balance
HEFT,382.46000000000004,691085.2475030068,0.05336055555555556,0.8364270257147108,88.1645619593489
GA,407.7300000000001,678863.8597110834,0.09820527777777778,0.8296906155751534,38.63812522584063
