algorithm,makespan,energy,cost,reliability,load_balance
HEFT,508.38,1715909.1365317283,0.08970000000000002,0.6543121158549207,75.3394918269631
GA,488.64,1602520.7453953833,0.10447027777777777,0.6626308706676007,38.75166241409716
