algorithm,makespan,energy,cost,reliability,load_balance
HEFT,470.76000000000005,827805.528422126,0.06124138888888891,0.7989162158326388,88.82755747932022
GA,492.56,824568.7076904337,0.10246055555555557,0.7933623706459434,48.56412089917491
