algorithm,makespan,energy,cost,reliability,load_balance
HEFT,411.02,1443202.0817478471,0.09859694444444442,0.681346698721648,78.04585931521288
GA,453.73,1501561.9044806382,0.17462249999999996,0.6629747327534157,36.30981122466261
