algorithm,makespan,energy,cost,reliability,load_balance
HEFT,228.44999999999996,762814.8762092361,0.019140277777777777,0.8445457247769226,32.741433951453935
GA,231.44999999999996,757273.6539641392,0.019698333333333328,0.8429257526562421,23.04067546251301
