algorithm,makespan,energy,cost,reliability,load_balance
HEFT,476.96000000000004,456885.60524991615,0.056928888888888904,0.8706911129389412,117.85012905522562
GA,496.96000000000004,443028.96579201554,0.08280777777777777,0.8679093545647022,70.71904947277879
