algorithm,makespan,energy,cost,reliability,load_balance
HEFT,74.67999999999999,2027.7400000000005,0.08605361111111112,0.9899125233599226,6.251477392051682
GA,89.9,2027.7400000000005,0.06348777777777778,0.9899125233599226,21.852467356876048
