algorithm,makespan,energy,cost,reliability,load_balance
HEFT,414.15,397801.48919473623,0.046875,0.8888300780846181,106.89137521919154
GA,430.47,385452.6803029247,0.057413055555555564,0.8865121925331153,69.70231447316988
