algorithm,makespan,energy,cost,reliability,load_balance
HEFT,128.9,6302.000000000003,0.2699580555555556,0.9689812665926245,14.189719529383964
GA,158.5,6302.000000000004,0.2117375,0.9689812665926245,37.70976862830107
