algorithm,makespan,energy,cost,reliability,load_balance
HEFT,448.86999999999995,842042.1690689955,0.10198222222222225,0.7661844054721844,91.91622732173293
GA,517.1600000000001,903425.5592273184,0.18806333333333333,0.7496227492494163,56.47274443849282
