algorithm,makespan,energy,cost,reliability,load_balance
HEFT,453.24999999999994,429926.4716381687,0.05595000000000001,0.8705389294336254,94.64572754708298
GA,415.03,389838.86641929497,0.06685444444444444,0.8758787595188327,67.90140575066664
