algorithm,makespan,energy,cost,reliability,load_balance
HEFT,114.99,2872.1600000000003,0.12272722222222222,0.9857418244446059,12.044961879004294
GA,116.95000000000002,2872.16,0.1316038888888889,0.9857418244446059,25.112877440335932
