algorithm,makespan,energy,cost,reliability,load_balance
HEFT,633.0699999999999,369319.00047388126,0.08940638888888888,0.8727996896876025,153.5815898507091
GA,676.36,357995.596561003,0.11331166666666667,0.8697822378377802,55.62817244564892
