algorithm,makespan,energy,cost,reliability,load_balance
HEFT,307.13,2243.8599999999997,0.05242916666666668,0.9888434016376806,18.447585885421443
GA,287.53000000000003,2243.859999999999,0.056582777777777794,0.9888434016376806,4.992777283236258
