algorithm,makespan,energy,cost,reliability,load_balance
HEFT,532.0699999999999,169152.3359708309,0.03997916666666667,0.9362038853468178,86.52364628624164
GA,483.44,164677.10131557175,0.04155416666666667,0.9380267614991564,76.01243604393515
