algorithm,makespan,energy,cost,reliability,load_balance
HEFT,322.39,336059.39982629736,0.05154138888888888,0.8888983428559487,73.39484752294717
GA,345.2,334083.0751158749,0.07583555555555554,0.8856601321450666,43.82777478855922
