algorithm,makespan,energy,cost,reliability,load_balance
HEFT,449.39,823230.9444135384,0.0802775,0.784276219414756,94.38039627330268
GA,499.18000000000006,850104.5798108897,0.1595738888888889,0.7718795225568472,45.615196541770544
