algorithm,makespan,energy,cost,reliability,load_balance
HEFT,465.87000000000006,280337.89767531713,0.05982333333333334,0.8978901011159458,84.72866228437695
GA,512.57,281832.58971457556,0.08500611111111113,0.8945418421404404,29.421014568064866
