algorithm,makespan,energy,cost,reliability,load_balance
HEFT,242.29999999999998,3629.0,0.0937688888888889,0.9820186293330776,9.995066997560048
GA,248.18,3629.0000000000005,0.10256222222222222,0.9820186293330776,22.620933888767727
