algorithm,makespan,energy,cost,reliability,load_balance
HEFT,1042.9900000000002,439075.35319609975,0.10537722222222226,0.8473837646407021,44.44498650016671
GA,980.9799999999999,441891.7479357377,0.10215333333333332,0.8494882242023117,64.02205993509848
