algorithm,makespan,energy,cost,reliability,load_balance
HEFT,158.37,81863.93224726905,0.00795138888888889,0.9761689529692174,52.210151021069244
GA,158.37,83126.12660226054,0.00795138888888889,0.9761689529692174,54.87679224212832
