algorithm,makespan,energy,cost,reliability,load_balance
HEFT,44.88,636.76,0.008843888888888889,0.99682126291669,18.22582485559067
GA,44.88,636.7599999999999,0.008843888888888887,0.99682126291669,18.22582485559067
