algorithm,makespan,energy,cost,reliability,load_balance
HEFT,132.14,124709.62857575298,0.00872,0.969484880086201,37.69621015433781
GA,133.14,116691.02208201893,0.006838888888888888,0.969329774914132,25.51332658304936
