algorithm,makespan,energy,cost,reliability,load_balance
HEFT,395.81000000000006,3034.059999999999,0.08731527777777778,0.9849441893240899,11.499882245773966
GA,388.13,3034.0599999999995,0.07864083333333334,0.9849441893240899,7.495631505528193
