algorithm,makespan,energy,cost,reliability,load_balance
HEFT,726.02,232399.2820170243,0.048695833333333334,0.9141048486939325,136.67508706783394
GA,666.29,225027.91953953984,0.05339472222222222,0.9162914390591438,107.14297095470145
