algorithm,makespan,energy,cost,reliability,load_balance
HEFT,745.4700000000001,5854.539999999999,0.11020972222222225,0.9711515953132952,9.296025584445639
GA,737.1700000000001,5854.540000000002,0.11236416666666668,0.9711515953132952,5.902453585868467
