algorithm,makespan,energy,cost,reliability,load_balance
HEFT,1281.6900000000003,445014.966575381,0.12683194444444446,0.83909445365637,55.913891759263734
GA,1020.0300000000002,441410.4886032763,0.10344833333333335,0.847922872133024,65.12112323713924
