algorithm,makespan,energy,cost,reliability,load_balance
HEFT,553.16,202460.16669679657,0.05185111111111112,0.9246281706130808,67.81567093968765
GA,533.81,199669.80961390754,0.051887777777777776,0.9253441098498781,24.43622498805135
