algorithm,makespan,energy,cost,reliability,load_balance
HEFT,395.17,2949.28,0.058354444444444445,0.9853617956713564,17.676992579810264
GA,374.08,2949.2799999999997,0.07272305555555557,0.9853617956713564,4.944788502386451
