algorithm,makespan,energy,cost,reliability,load_balance
HEFT,718.68,265680.4458451606,0.07091611111111111,0.9017164187325377,37.9232597930786
GA,637.9700000000001,267297.1902440554,0.0612552777777778,0.9046322241794119,79.97628877777882
