algorithm,makespan,energy,cost,reliability,load_balance
HEFT,446.22999999999996,454266.47450866137,0.06860361111111113,0.8576225454559618,106.52088520567222
GA,500.37000000000006,471675.41191518283,0.09833083333333337,0.8502255599956455,78.8492494891359
