algorithm,makespan,energy,cost,reliability,load_balance
HEFT,150.87,4356.620000000001,0.13629194444444445,0.9784524383708108,10.964979993141803
GA,170.77000000000004,4356.62,0.16169,0.9784524383708108,28.160414999013536
