algorithm,makespan,energy,cost,reliability,load_balance
HEFT,467.79999999999995,1605055.8574390765,0.0880861111111111,0.667617148991273,79.55493788221729
GA,500.79999999999995,1637640.4078474443,0.1594722222222222,0.6536649288660095,33.03113353660896
