algorithm,makespan,energy,cost,reliability,load_balance
HEFT,331.72999999999996,1100306.4789135742,0.01969361111111111,0.7884887029095057,44.068416827491625
GA,344.45,1114134.5597619393,0.01766194444444444,0.7820958309289643,23.47071771917033
