algorithm,makespan,energy,cost,reliability,load_balance
HEFT,553.98,356056.1652586736,0.08019416666666668,0.8687523300802235,52.38780199831148
GA,526.8100000000001,350933.98103680636,0.08869472222222223,0.8706427038588467,43.006629036364
