algorithm,makespan,energy,cost,reliability,load_balance
HEFT,298.09000000000003,519510.6719111678,0.024268333333333336,0.886479569484698,60.79417209225786
GA,316.33000000000004,518054.034931875,0.019766111111111116,0.881320436593829,28.63142091494711
