algorithm,makespan,energy,cost,reliability,load_balance
HEFT,51.36,1394.74,0.01937138888888889,0.9930505598195198,19.15512468015013
GA,51.36,1394.7399999999998,0.02303527777777778,0.9930505598195198,20.130829547892212
