algorithm,makespan,energy,cost,reliability,load_balance
HEFT,555.8899999999999,1887930.7085574483,0.09241972222222222,0.6244814834851218,87.02177140242476
GA,566.7699999999999,1850951.585828466,0.15858694444444438,0.6201481982937205,36.08646353408471
