algorithm,makespan,energy,cost,reliability,load_balance
HEFT,344.62,5208.599999999999,0.14476388888888886,0.9742931941006561,14.386758544876308
GA,345.60999999999996,5208.600000000001,0.1295411111111111,0.9742931941006561,20.082564399427273
