algorithm,makespan,energy,cost,reliability,load_balance
HEFT,681.52,387553.2069638455,0.09367611111111113,0.8597097901488987,87.6361751687868
GA,652.76,384033.95402598195,0.1109425,0.8616900876947816,101.99698019864539
