algorithm,makespan,energy,cost,reliability,load_balance
HEFT,946.7600000000001,364486.4554691791,0.08944722222222225,0.8689952671927396,70.68518232274705
GA,839.26,365109.53194480855,0.08210250000000001,0.8727399922305041,64.26449771582017
