algorithm,makespan,energy,cost,reliability,load_balance
HEFT,356.11,1206022.0947179243,0.043059166666666676,0.7593245430705547,58.38449377079521
GA,366.83,1197126.1830002996,0.04448055555555556,0.754132799367902,31.724646697955816
