algorithm,makespan,energy,cost,reliability,load_balance
HEFT,316.16999999999996,281678.08701015275,0.02247472222222222,0.9278648431131253,67.25176582254178
GA,319.89,271784.3016974585,0.020393611111111112,0.9273127422800115,43.00546437663474
