algorithm,makespan,energy,cost,reliability,load_balance
HEFT,314.12999999999994,99586.27644605734,0.01719583333333333,0.9666260208077098,121.19293640032544
GA,316.12999999999994,88533.83582703317,0.018939166666666667,0.966548693819166,53.521922299807805
