algorithm,makespan,energy,cost,reliability,load_balance
HEFT,166.76,1287.9399999999998,0.044306388888888895,0.993580990430832,7.473238365438819
GA,166.71,1287.94,0.03421777777777778,0.993580990430832,7.384065614551384
