algorithm,makespan,energy,cost,reliability,load_balance
HEFT,795.0499999999998,462921.1012892271,0.11592777777777777,0.8333506308411487,85.63921310607991
GA,786.5699999999998,458232.5785880467,0.14147666666666667,0.8339161677175302,64.20152618346165
