algorithm,makespan,energy,cost,reliability,load_balance
HEFT,377.1000000000001,5714.36,0.14187555555555556,0.9718325140665517,9.548001660781493
GA,390.45000000000005,5714.359999999998,0.14781027777777778,0.9718325140665517,37.06981280541584
