algorithm,makespan,energy,cost,reliability,load_balance
HEFT,376.82000000000005,159641.2499601932,0.03343444444444445,0.9423286310608882,59.27670221090238
GA,401.36,158620.95482858282,0.03805666666666667,0.9414040951131174,49.76281769554452
