algorithm,makespan,energy,cost,reliability,load_balance
HEFT,51.87,464.3200000000001,0.00644888888888889,0.9976810928289863,15.164569232259783
GA,51.87,464.3200000000001,0.007115000000000001,0.9976810928289863,17.131205834188478
