algorithm,makespan,energy,cost,reliability,load_balance
HEFT,187.22,174983.95561371648,0.009254166666666666,0.9580228974424378,52.06745016082504
GA,188.22,163833.09579215813,0.008978055555555557,0.9578696260408861,35.04612360280853
