algorithm,makespan,energy,cost,reliability,load_balance
HEFT,221.11999999999998,205323.73733719246,0.01763333333333333,0.9466827946859774,56.650776502474635
GA,228.11999999999998,195225.64939505525,0.017286666666666665,0.9456231034937698,30.896731839036523
