algorithm,makespan,energy,cost,reliability,load_balance
HEFT,822.7500000000001,321005.5867031297,0.07386972222222224,0.8837569478677458,31.048969387082813
GA,747.6200000000001,323797.176292769,0.07458833333333334,0.8864168089529274,78.6445516231099
