algorithm,makespan,energy,cost,reliability,load_balance
HEFT,448.30000000000007,303477.7286415347,0.07240972222222224,0.8877257711109879,46.94956942979196
GA,450.1,305448.85272161744,0.07170416666666667,0.8875979478034469,57.68879946686854
