algorithm,makespan,energy,cost,reliability,load_balance
HEFT,266.75,4094.9999999999995,0.10909666666666668,0.9797331894980912,7.048960916333698
GA,276.83,4095.0,0.10681916666666666,0.9797331894980912,18.267234328162544
