algorithm,makespan,energy,cost,reliability,load_balance
HEFT,545.5,1001438.981613199,0.0959613888888889,0.749023890084214,119.94677523558238
GA,611.5,1039988.0508421913,0.20522000000000007,0.7333703883589716,62.4472375410802
