algorithm,makespan,energy,cost,reliability,load_balance
HEFT,118.19,5586.78,0.2663527777777778,0.9724526437966238,11.761168915292062
GA,142.01,5586.7800000000025,0.2543386111111111,0.9724526437966238,36.818983235718186
