algorithm,makespan,energy,cost,reliability,load_balance
HEFT,463.90999999999997,471215.8315406006,0.07470583333333335,0.8508927385581297,105.5131461142007
GA,495.90999999999997,467727.87600572687,0.11878861111111111,0.8465473015482053,60.42813133177295
