algorithm,makespan,energy,cost,reliability,load_balance
HEFT,612.1100000000002,586010.1783666337,0.0860691666666667,0.8215500649717067,118.22085602098024
GA,631.2400000000001,571328.6820226857,0.14650888888888888,0.819039308954018,50.851776484864985
