algorithm,makespan,energy,cost,reliability,load_balance
HEFT,429.72999999999996,1447233.3340469596,0.05336638888888889,0.7164480067095715,66.24773954813926
GA,445.72999999999996,1448677.5556502815,0.05895777777777778,0.70914901374431,32.42848324231069
