algorithm,makespan,energy,cost,reliability,load_balance
HEFT,864.0899999999998,388131.6964320847,0.08811055555555554,0.866244567311124,32.99823972577929
GA,802.5399999999998,392439.51876541984,0.08626138888888887,0.8683798889381725,36.994335940339006
