algorithm,makespan,energy,cost,reliability,load_balance
HEFT,670.2,5229.1399999999985,0.1121288888888889,0.9741931393275224,15.245332345781549
GA,661.3800000000001,5229.1399999999985,0.11594555555555557,0.9741931393275224,7.168339533439151
