algorithm,makespan,energy,cost,reliability,load_balance
HEFT,557.4499999999999,993851.0567584536,0.09704277777777777,0.7467616657344293,100.97154477741687
GA,611.4499999999999,1034490.4183661786,0.19042916666666665,0.7339684756468187,54.267017755062106
