algorithm,makespan,energy,cost,reliability,load_balance
HEFT,561.64,998359.1446478171,0.08115083333333332,0.757400426805959,109.55101253746527
GA,605.86,1017948.150166705,0.14180416666666662,0.7467583799903286,58.52237437786151
