algorithm,makespan,energy,cost,reliability,load_balance
HEFT,504.37,283923.0919166485,0.057439166666666666,0.9012141222968026,118.2187004710821
GA,551.57,286984.22435955546,0.08117472222222225,0.8978175545266973,83.97630923361658
