algorithm,makespan,energy,cost,reliability,load_balance
HEFT,231.31,3268.76,0.09026555555555557,0.9837890352371425,11.228831194741511
GA,214.71,3268.76,0.07228277777777778,0.9837890352371425,9.709080800982132
