algorithm,makespan,energy,cost,reliability,load_balance
HEFT,671.3399999999999,5178.680000000002,0.10497638888888891,0.974438959265456,24.258299610648727
GA,651.4300000000002,5178.680000000002,0.11583527777777776,0.974438959265456,3.9558016465272083
