algorithm,makespan,energy,cost,reliability,load_balance
HEFT,1246.8599999999997,408807.1215132412,0.12851916666666666,0.8500157502190301,44.577742858217086
GA,920.8199999999998,400573.6924588954,0.09367527777777776,0.8611739176542229,59.92356096172316
