algorithm,makespan,energy,cost,reliability,load_balance
HEFT,323.54999999999995,556541.2801112656,0.025619722222222224,0.8802751059215955,60.7745482825797
GA,333.54999999999995,554016.0585219606,0.024166666666666663,0.8774627277875564,42.72763277812825
