algorithm,makespan,energy,cost,reliability,load_balance
HEFT,590.78,585115.918006703,0.10083833333333334,0.8179870285691893,121.7888180964629
GA,638.78,588946.4041140926,0.20214694444444445,0.8117289499712717,60.91563729180435
