algorithm,makespan,energy,cost,reliability,load_balance
HEFT,483.43999999999994,1670951.8917135529,0.07842138888888889,0.6652824444511032,89.54322303027628
GA,528.4399999999999,1721168.807565665,0.14273138888888898,0.6463955862505915,32.19994952449398
