algorithm,makespan,energy,cost,reliability,load_balance
HEFT,514.53,1718769.449614211,0.05431222222222223,0.6757308723733517,72.76016009737631
GA,536.5300000000001,1740554.7534900194,0.07616055555555555,0.6662832490378773,37.49969446138756
