algorithm,makespan,energy,cost,reliability,load_balance
HEFT,55.72,621.2399999999999,0.008628333333333335,0.9968986192480792,16.707857227818334
GA,55.72,621.2399999999999,0.008628333333333333,0.9968986192480792,16.70785722781833
