algorithm,makespan,energy,cost,reliability,load_balance
HEFT,240.42000000000002,409157.40009150654,0.008627222222222224,0.9158916567139909,42.705885792836646
GA,244.42000000000002,397680.2322641355,0.007585277777777778,0.914720065371817,21.1153632510022
