algorithm,makespan,energy,cost,reliability,load_balance
HEFT,172.45999999999998,296284.9836483822,0.00844611111111111,0.9361465914222464,32.53653994903023
GA,177.45999999999998,291708.95559562714,0.007497222222222222,0.9346499545047874,19.275129544353593
