algorithm,makespan,energy,cost,reliability,load_balance
HEFT,634.1699999999998,423362.03760821227,0.10218861111111112,0.846841273801933,69.47769198763417
GA,678.81,427498.77372165996,0.11550694444444445,0.8438224279045617,48.42332818487389
