algorithm,makespan,energy,cost,reliability,load_balance
HEFT,151.84,2259.3399999999997,0.06704611111111111,0.9887668681202791,5.449630229919929
GA,160.28,2259.34,0.05455305555555556,0.9887668681202791,20.749365179617975
