algorithm,makespan,energy,cost,reliability,load_balance
HEFT,372.03000000000003,217820.3541112276,0.0429425,0.9226076648620146,88.8081157809996
GA,390.10999999999996,215193.11281433442,0.05307277777777778,0.9212741697517028,64.61202254335377
