algorithm,makespan,energy,cost,reliability,load_balance
HEFT,415.0799999999999,768052.1167003951,0.08747833333333332,0.7864271392496025,81.50910180474403
GA,461.97,799426.033941598,0.15126333333333336,0.7747150458615188,41.362081352252126
