algorithm,makespan,energy,cost,reliability,load_balance
HEFT,231.5,1783.8,0.044898333333333325,0.99112065629476,5.7697400288054554
GA,230.16,1783.8000000000002,0.04893555555555556,0.99112065629476,8.71741743102087
