algorithm,makespan,energy,cost,reliability,load_balance
HEFT,346.91999999999996,133741.53874092008,0.028430555555555556,0.9507478438666548,67.3900004946332
GA,347.69000000000005,132273.13221547933,0.027797777777777782,0.9507185612840178,53.1627824077459
