algorithm,makespan,energy,cost,reliability,load_balance
HEFT,469.37999999999994,834401.8281136819,0.07187,0.7954965246306087,93.46553029446633
GA,491.7999999999999,825705.3675477834,0.09539472222222221,0.7898097383963864,47.627307547178724
