algorithm,makespan,energy,cost,reliability,load_balance
HEFT,622.91,635881.0578093143,0.10562999999999999,0.7986478250762913,127.75570862652935
GA,710.05,668526.408421942,0.18928277777777774,0.7875900229174343,82.25764681778831
