algorithm,makespan,energy,cost,reliability,load_balance
HEFT,403.36,372799.5577399841,0.03966555555555555,0.9033225419758966,99.416218208684
GA,415.36,356370.1514108244,0.05505777777777778,0.9015898266343209,55.4685565245452
