algorithm,makespan,energy,cost,reliability,load_balance
HEFT,97.63,1774.4400000000005,0.07353138888888891,0.9911670418268876,16.716398685123536
GA,78.94,1774.44,0.059922777777777776,0.9911670418268876,18.133025809279598
