algorithm,makespan,energy,cost,reliability,load_balance
HEFT,182.85000000000002,314347.74459939846,0.00894916666666667,0.9327832688764263,34.755024213263276
GA,183.85000000000002,305746.5600217569,0.007687777777777779,0.9324848259837953,24.697043410615095
