algorithm,makespan,energy,cost,reliability,load_balance
HEFT,50.92,548.9399999999999,0.007624166666666666,0.9972590632452646,15.019477941697202
GA,50.92,548.9399999999999,0.007624166666666666,0.9972590632452646,15.019477941697206
