algorithm,makespan,energy,cost,reliability,load_balance
HEFT,156.82,270430.13148833055,0.008683333333333333,0.9393033457753389,29.832069336321528
GA,158.82,265673.3431557738,0.008683333333333335,0.9387023839623357,22.2463585911159
