algorithm,makespan,energy,cost,reliability,load_balance
HEFT,620.41,422546.01511903416,0.1069402777777778,0.8467386428591089,49.789961050683374
GA,665.6199999999999,436628.1520387007,0.12422361111111113,0.8436816900614497,99.68105533579154
