algorithm,makespan,energy,cost,reliability,load_balance
HEFT,460.9100000000001,3600.5399999999986,0.09245111111111112,0.9821583805270934,7.347572728459432
GA,460.94999999999993,3600.539999999999,0.082585,0.9821583805270934,8.08983879114203
