algorithm,makespan,energy,cost,reliability,load_balance
HEFT,682.0999999999999,262660.14465620875,0.05620166666666667,0.9042190825481394,80.18094469178233
GA,650.3499999999999,260588.54160067654,0.057213055555555545,0.9053681702992505,48.40888442906597
