algorithm,makespan,energy,cost,reliability,load_balance
HEFT,73.7,3074.56,0.11486833333333335,0.9847447583188226,11.19242370476997
GA,94.0,3074.56,0.09028361111111112,0.9847447583188226,30.66284722591821
