algorithm,makespan,energy,cost,reliability,load_balance
HEFT,460.2,805805.3002390265,0.05112416666666667,0.8148529593451234,90.73765570924162
GA,489.2,807761.2057440719,0.09547027777777778,0.8073261025147549,43.24096544529422
