algorithm,makespan,energy,cost,reliability,load_balance
HEFT,380.33,364071.5264375674,0.02866888888888889,0.9051237538909697,106.0082750681128
GA,399.33,341083.0526882529,0.05242916666666667,0.9023763558400411,42.76424795219328
