algorithm,makespan,energy,cost,reliability,load_balance
HEFT,275.96000000000004,4228.300000000001,0.1335086111111111,0.9790804148885941,7.888362925402028
GA,296.18,4228.3,0.12756555555555554,0.9790804148885941,20.12444103039175
