algorithm,makespan,energy,cost,reliability,load_balance
HEFT,552.0099999999999,329681.7741526422,0.06250611111111112,0.8843227333464222,128.86508259610122
GA,638.9999999999999,338564.8464632237,0.09748472222222221,0.8781899190722998,80.50965726234337
