algorithm,makespan,energy,cost,reliability,load_balance
HEFT,105.24000000000001,2434.600000000001,0.10655416666666669,0.9879007912407519,11.479652651539595
GA,104.72,2434.600000000001,0.09410888888888891,0.9879007912407519,20.58185215993287
