algorithm,makespan,energy,cost,reliability,load_balance
HEFT,388.4,378367.7455715757,0.03784638888888889,0.8964069355232596,108.21487352331319
GA,416.37,365002.75581814256,0.05981027777777778,0.892404298186914,55.234770555632196
