algorithm,makespan,energy,cost,reliability,load_balance
HEFT,303.96000000000004,532360.5226016581,0.019383333333333336,0.8837951269925568,63.86092720977939
GA,310.96000000000004,514702.93475045025,0.02183777777777778,0.8818176415186768,35.88104007684236
