algorithm,makespan,energy,cost,reliability,load_balance
HEFT,209.08,5900.12,0.22294027777777775,0.9709302950828425,13.858765637674956
GA,251.25,5900.12,0.23835,0.9709302950828425,64.73850949525071
