algorithm,makespan,energy,cost,reliability,load_balance
HEFT,694.5600000000001,663120.1676888965,0.12262166666666668,0.7913083216449553,102.00580261068484
GA,592.4799999999999,591512.9053638941,0.15482972222222222,0.8043387240136789,84.04535564949438
