algorithm,makespan,energy,cost,reliability,load_balance
HEFT,167.83,155599.3737114938,0.008772222222222223,0.9616464610198457,44.67660140293425
GA,170.83,147517.48106304515,0.008571666666666668,0.9611849814825056,29.06753595078193
