algorithm,makespan,energy,cost,reliability,load_balance
HEFT,524.4100000000001,955937.425010965,0.0968061111111111,0.7531765624370566,106.51884940671981
GA,573.4100000000001,975704.4954046842,0.17589805555555557,0.7414588607964429,48.45984045574199
