algorithm,makespan,energy,cost,reliability,load_balance
HEFT,407.61999999999995,420511.1059565281,0.09199027777777775,0.8529482513311338,52.213109524811856
GA,384.84,411236.78741814784,0.1108036111111111,0.8560627495312094,59.903992684823045
