algorithm,makespan,energy,cost,reliability,load_balance
HEFT,564.39,1894889.0014706142,0.07067888888888889,0.6498360361436865,84.87117279165962
GA,551.35,1786900.7764577856,0.09686750000000002,0.6552820010806001,34.93433499449984
