algorithm,makespan,energy,cost,reliability,load_balance
HEFT,487.67999999999995,169851.5117700131,0.04088222222222222,0.9364417113363178,81.09202118581086
GA,445.34999999999997,166775.8105759515,0.040094444444444446,0.9380286375545556,66.13694706188566
