algorithm,makespan,energy,cost,reliability,load_balance
HEFT,318.41,2484.560000000001,0.0462825,0.9876540444430582,6.990550765140053
GA,317.96999999999997,2484.5600000000004,0.055518333333333336,0.9876540444430582,10.352542360856745
