algorithm,makespan,energy,cost,reliability,load_balance
HEFT,392.76,717079.5993482026,0.06106583333333333,0.8216611460494025,89.89004780931695
GA,424.76,723717.4778698559,0.11086555555555558,0.813290267955419,53.754857589953005
