algorithm,makespan,energy,cost,reliability,load_balance
HEFT,535.98,982995.4289898877,0.10711805555555552,0.7525242928673408,116.91138359291139
GA,577.98,984982.6244679746,0.1990044444444444,0.7424780284917608,56.648028357875596
