algorithm,makespan,energy,cost,reliability,load_balance
HEFT,740.77,281846.9925617938,0.07395083333333334,0.8970565279613272,70.85919394592817
GA,700.9900000000001,280454.9705701936,0.07130222222222224,0.8984850605477345,51.292732103746104
