algorithm,makespan,energy,cost,reliability,load_balance
HEFT,583.3900000000001,4529.799999999998,0.09109805555555556,0.9776055631119831,14.126345363657729
GA,576.39,4529.799999999998,0.09898444444444444,0.9776055631119831,11.097743013784436
