algorithm,makespan,energy,cost,reliability,load_balance
HEFT,703.94,412892.0107395517,0.08435333333333335,0.8525597366181993,114.88349701203514
GA,792.4600000000002,429332.52128814085,0.1225277777777778,0.8465435767482731,91.27563514667301
