algorithm,makespan,energy,cost,reliability,load_balance
HEFT,230.47,404255.26229010284,0.02009388888888889,0.9078675328094974,48.051135392412945
GA,233.47,392454.61344069906,0.017644166666666666,0.906996398189521,33.06095201266701
