algorithm,makespan,energy,cost,reliability,load_balance
HEFT,411.5,136403.90041312273,0.02376722222222222,0.9557726576657313,176.31473194262583
GA,413.5,127462.00120918985,0.02935638888888889,0.9556961989115089,136.27665353977548
