algorithm,makespan,energy,cost,reliability,load_balance
HEFT,625.58,604520.2040026856,0.0964413888888889,0.8121531079551558,114.178960051024
GA,607.5500000000001,565954.5629166323,0.15870694444444447,0.8144993898908888,44.80970860204294
