algorithm,makespan,energy,cost,reliability,load_balance
HEFT,617.6,222369.90529468912,0.05581888888888889,0.9169349014782474,56.52501179419012
GA,564.89,222363.90509656747,0.05690805555555556,0.9188702065061588,75.27340184288207
