algorithm,makespan,energy,cost,reliability,load_balance
HEFT,155.3,3829.3,0.14982888888888887,0.9810356299948817,13.735142745890924
GA,162.55,3829.2999999999997,0.12478472222222221,0.9810356299948817,32.19716011674529
