algorithm,makespan,energy,cost,reliability,load_balance
HEFT,462.65000000000003,457663.89806549234,0.06680416666666668,0.8547279908663791,95.30909847263621
GA,492.89,459657.7462314107,0.09778277777777777,0.8506024634794782,59.62000110421558
