algorithm,makespan,energy,cost,reliability,load_balance
HEFT,113.28999999999999,5157.300000000001,0.20709499999999997,0.974543132358154,12.82907037448104
GA,135.16000000000003,5157.3,0.2004502777777778,0.974543132358154,34.30739666643661
