algorithm,makespan,energy,cost,reliability,load_balance
HEFT,473.91999999999996,869939.9549713033,0.09810722222222222,0.7699864205032373,97.39443453000462
GA,505.91999999999996,876216.8927893738,0.14359416666666666,0.7621419915789227,57.50594404059462
