algorithm,makespan,energy,cost,reliability,load_balance
HEFT,345.48999999999995,599725.7976497149,0.029645833333333333,0.8647790830388572,66.87222983635499
GA,357.21999999999997,595105.5886848441,0.03842027777777778,0.861539132815451,44.2090567359205
