algorithm,makespan,energy,cost,reliability,load_balance
HEFT,58.08,1672.1999999999998,0.023225,0.9916738559493222,14.063231041930218
GA,58.08,1672.1999999999998,0.05966166666666668,0.9916738559493222,21.3048768364459
