algorithm,makespan,energy,cost,reliability,load_balance
HEFT,412.96000000000004,1374275.8551433552,0.03742694444444445,0.7343305581812207,56.16289101959203
GA,379.40999999999997,1228342.5820616216,0.03781277777777778,0.7502686024255303,23.452918674340687
