algorithm,makespan,energy,cost,reliability,load_balance
HEFT,59.21,1731.9599999999998,0.024055,0.9913775880657907,14.436880066288113
GA,61.74,1731.9599999999998,0.04024222222222222,0.9913775880657907,22.615132449884225
