algorithm,makespan,energy,cost,reliability,load_balance
HEFT,356.66999999999996,622110.7751703254,0.02495,0.8627195601322298,72.17963410154036
GA,362.8499999999999,595937.8539341326,0.03964555555555556,0.861015131824311,33.03895577022821
