algorithm,makespan,energy,cost,reliability,load_balance
HEFT,530.71,302298.14955437055,0.0587625,0.8983053815041282,146.27837091728324
GA,543.18,284163.8465517876,0.07703055555555555,0.8974096789062795,71.12420884571283
