algorithm,makespan,energy,cost,reliability,load_balance
HEFT,230.73000000000002,3391.5000000000005,0.09116083333333333,0.9831854691294208,12.10024844786255
GA,224.39,3391.5000000000005,0.09338138888888889,0.9831854691294208,11.618295224712243
