algorithm,makespan,energy,cost,reliability,load_balance
HEFT,613.58,228568.322924476,0.056280555555555556,0.9150446656316921,39.56321060446611
GA,592.49,229235.2643251363,0.05520805555555555,0.9158169230039798,61.411935050661505
