algorithm,makespan,energy,cost,reliability,load_balance
HEFT,455.36000000000007,3577.96,0.07526666666666669,0.9822692724679871,9.3182598518536
GA,450.51,3577.9599999999996,0.07757694444444443,0.9822692724679871,3.873925657521065
