algorithm,makespan,energy,cost,reliability,load_balance
HEFT,467.36,846670.228218076,0.08343027777777778,0.7824647543081253,95.56687507970533
GA,513.14,874448.6637564797,0.16769555555555554,0.7710855128197305,55.37995170826422
