algorithm,makespan,energy,cost,reliability,load_balance
HEFT,231.07,125852.22625178518,0.016163055555555556,0.9603690896729241,75.20037955831265
GA,240.35999999999999,124476.65535030788,0.019449166666666667,0.9596556085279134,65.95744342268841
