algorithm,makespan,energy,cost,reliability,load_balance
HEFT,433.0400000000001,432652.31652965094,0.06962277777777776,0.8613882043810986,90.86463583952782
GA,474.95000000000005,446305.961111696,0.1219627777777778,0.8556314026139995,66.12483864819635
