algorithm,makespan,energy,cost,reliability,load_balance
HEFT,414.7799999999999,402247.4837504219,0.04141083333333333,0.8891501145158298,112.5476795684833
GA,436.7799999999999,388339.41826548823,0.06272472222222222,0.8860258081179442,67.26908187458781
