algorithm,makespan,energy,cost,reliability,load_balance
HEFT,479.8,886234.8114214254,0.0942872222222222,0.7685561917029107,103.76169462266769
GA,522.8000000000001,894627.4995409338,0.17287833333333333,0.7580532842242832,47.154622049648125
