algorithm,makespan,energy,cost,reliability,load_balance
HEFT,137.51,3541.0,0.19479277777777781,0.982450812603331,13.16466932107804
GA,155.85,3541.0,0.14471472222222223,0.982450812603331,35.75234311668724
