algorithm,makespan,energy,cost,reliability,load_balance
HEFT,475.82000000000005,482502.29431297554,0.07041416666666668,0.8544921184927848,123.17367608381268
GA,524.0,474405.9138931298,0.11056861111111113,0.8479303338871303,46.36828542585259
