algorithm,makespan,energy,cost,reliability,load_balance
HEFT,290.99,4430.699999999998,0.13321805555555555,0.9780900866993105,8.562717254803784
GA,299.03,4430.699999999999,0.12623083333333335,0.9780900866993105,25.74238496970651
