algorithm,makespan,energy,cost,reliability,load_balance
HEFT,526.26,329186.8822065139,0.07818027777777778,0.8796369618337949,80.01362722106421
GA,574.84,335210.1222079187,0.10468361111111113,0.8762249752123095,60.22872118314603
