algorithm,makespan,energy,cost,reliability,load_balance
HEFT,68.75,508.96,0.019253055555555558,0.9974584352585761,4.7187780904241166
GA,68.37,508.96,0.014370833333333336,0.9974584352585761,4.595374486009461
