algorithm,makespan,energy,cost,reliability,load_balance
HEFT,189.02999999999997,59100.12315505475,0.010538611111111111,0.9801833823267216,73.0662224743189
GA,186.03,55872.033757996025,0.009022777777777779,0.9803010113902035,59.12743356513963
