algorithm,makespan,energy,cost,reliability,load_balance
HEFT,1242.9800000000002,466016.7903506091,0.11338583333333335,0.8349972897040188,111.2512260232071
GA,1163.0100000000002,462130.9000524502,0.1179266666666667,0.8376725555733741,36.86744939645259
