algorithm,makespan,energy,cost,reliability,load_balance
HEFT,810.99,6470.72,0.129915,0.9681641786922608,2.874879707628374
GA,818.32,6470.719999999999,0.12390361111111114,0.9681641786922608,7.636456420792758
