algorithm,makespan,energy,cost,reliability,load_balance
HEFT,886.2,266560.4476980366,0.07181583333333334,0.8996243425130592,78.9452170284348
GA,679.3199999999999,253262.03719896366,0.06040194444444444,0.9070998016728012,90.64138251924444
