algorithm,makespan,energy,cost,reliability,load_balance
HEFT,80.68,1134.28,0.038939166666666664,0.994344652028818,7.149335133922796
GA,87.65,1134.28,0.029224166666666673,0.994344652028818,13.071544613068056
