algorithm,makespan,energy,cost,reliability,load_balance
HEFT,296.74,156965.38306261375,0.01943611111111111,0.954800176177289,102.79004397835146
GA,304.74,144585.71513421278,0.027437777777777783,0.9541892995659024,64.96660965175
