algorithm,makespan,energy,cost,reliability,load_balance
HEFT,362.45,647634.0372465168,0.046704999999999997,0.8438416672752459,78.05788711156981
GA,362.46000000000004,608356.0686972357,0.06262944444444443,0.8438389669862312,38.71562948124481
