algorithm,makespan,energy,cost,reliability,load_balance
HEFT,79.81,2929.54,0.11852166666666665,0.9854590556802916,10.376078213503497
GA,94.84,2929.540000000001,0.08150777777777778,0.9854590556802916,29.70276818416794
