algorithm,makespan,energy,cost,reliability,load_balance
HEFT,483.96,855169.4800396727,0.06444861111111111,0.7948661049172757,95.40635577453644
GA,521.9599999999999,871458.6326155262,0.11949555555555556,0.7852590622796869,50.97800208296681
