algorithm,makespan,energy,cost,reliability,load_balance
HEFT,98.77000000000001,3774.720000000001,0.1713205555555556,0.9813033911526554,13.24147589473952
GA,98.03,3774.72,0.14773805555555553,0.9813033911526554,31.627609110783514
