algorithm,makespan,energy,cost,reliability,load_balance
HEFT,542.32,978067.2982556424,0.09041888888888887,0.7549386434417654,109.6107351953288
GA,563.3200000000002,960048.1822942557,0.16694555555555557,0.749882463549676,58.1554424191211
