algorithm,makespan,energy,cost,reliability,load_balance
HEFT,101.16,4994.8,0.21760472222222216,0.975335270415703,10.072157967835505
GA,125.57999999999998,4994.799999999999,0.18707944444444446,0.975335270415703,31.580727866542997
