algorithm,makespan,energy,cost,reliability,load_balance
HEFT,406.16,390303.46380736656,0.05877916666666667,0.8823521849597411,90.94558467384036
GA,378.75999999999993,344298.4385362762,0.07336083333333332,0.8862289085075804,31.54802875511136
