algorithm,makespan,energy,cost,reliability,load_balance
HEFT,459.37,1529224.1188148987,0.042013888888888885,0.7099181480706993,62.87515524847507
GA,478.37,1545549.6468005937,0.043842777777777786,0.7013378175275781,27.475835008687238
