algorithm,makespan,energy,cost,reliability,load_balance
HEFT,582.23,349324.5226800405,0.08407666666666667,0.8730961427971092,90.4363288254702
GA,613.14,352979.0280197019,0.1100852777777778,0.8709398178341651,75.44061448772611
