algorithm,makespan,energy,cost,reliability,load_balance
HEFT,311.78,4646.12,0.15141749999999998,0.9770371530261526,14.566173877465936
GA,309.20000000000005,4646.12,0.14573888888888892,0.9770371530261526,22.394084518652967
