algorithm,makespan,energy,cost,reliability,load_balance
HEFT,597.9699999999999,568535.3595832565,0.07584805555555556,0.844161375047639,147.5897231615964
GA,628.97,550972.1126762803,0.11889972222222221,0.8399847013409298,76.69775448418726
