algorithm,makespan,energy,cost,reliability,load_balance
HEFT,141.96,3521.28,0.09932999999999999,0.9825476870292844,15.187840311687943
GA,166.79000000000002,3521.2800000000007,0.11257388888888889,0.9825476870292844,43.120676247016355
