algorithm,makespan,energy,cost,reliability,load_balance
HEFT,99.32,4554.539999999999,0.2365016666666667,0.9774846407830264,10.651331276592126
GA,118.97,4554.540000000001,0.23099166666666662,0.9774846407830264,31.145133517689047
