algorithm,makespan,energy,cost,reliability,load_balance
HEFT,508.84000000000003,919844.2143895921,0.0835497222222222,0.7736457480672245,108.65081717725961
GA,503.27,857935.0651737633,0.16534722222222223,0.7750259238958823,54.874856887718444
