algorithm,makespan,energy,cost,reliability,load_balance
HEFT,155.56,4081.8000000000006,0.13535194444444443,0.979797854022504,11.863965539958945
GA,176.89,4081.800000000002,0.15392805555555558,0.979797854022504,44.08721944433934
