algorithm,makespan,energy,cost,reliability,load_balance
HEFT,392.18999999999994,413070.13467961946,0.07866972222222221,0.8650645072286612,91.49557088551698
GA,424.18999999999994,418084.61279143783,0.11351305555555555,0.8606466961987383,68.3284568219323
