algorithm,makespan,energy,cost,reliability,load_balance
HEFT,364.38000000000005,628810.6385641363,0.025471111111111115,0.8619372558541523,68.84569895437288
GA,376.6500000000001,621108.4131156247,0.03502388888888889,0.8585595808037845,39.99889587185804
