algorithm,makespan,energy,cost,reliability,load_balance
HEFT,49.31,1599.2,0.022211111111111112,0.9920358829726562,14.653332770749547
GA,58.19,1599.2,0.03599416666666666,0.9920358829726562,19.67965856640614
