algorithm,makespan,energy,cost,reliability,load_balance
HEFT,288.39,962628.6993654426,0.01726638888888889,0.811043815350462,41.53530973445489
GA,308.39,1000120.5941502643,0.017266388888888887,0.8007286126477894,23.53459370307567
