algorithm,makespan,energy,cost,reliability,load_balance
HEFT,131.51,1924.22,0.04699305555555556,0.9904250347085085,10.016375074988806
GA,134.38,1924.2199999999998,0.05344361111111112,0.9904250347085085,11.681397834041212
