algorithm,makespan,energy,cost,reliability,load_balance
HEFT,227.85999999999999,149744.93653998067,0.027223333333333335,0.947733058727507,71.04150652963378
GA,246.16,142562.8743906402,0.03471944444444445,0.9463465926703176,38.45956085849877
