algorithm,makespan,energy,cost,reliability,load_balance
HEFT,442.78,825766.0259722662,0.08983833333333333,0.7888341366058368,104.92625033457647
GA,467.78,810534.0663987343,0.13981611111111114,0.7825486390259278,60.17729297600013
