algorithm,makespan,energy,cost,reliability,load_balance
HEFT,116.74000000000001,4903.379999999999,0.32568500000000006,0.9757811980768126,13.889518903945683
GA,118.63999999999999,4903.38,0.2752183333333333,0.9757811980768126,27.632441777897064
