algorithm,makespan,energy,cost,reliability,load_balance
HEFT,973.35,402693.7722299276,0.09937083333333334,0.8584321800153656,38.14258599867959
GA,868.85,408064.40356793464,0.09112833333333334,0.8620279364231825,71.2556641023483
