algorithm,makespan,energy,cost,reliability,load_balance
HEFT,737.8200000000002,5784.420000000001,0.11443972222222225,0.97149214075674,12.02737814321987
GA,729.2700000000001,5784.419999999999,0.11761,0.97149214075674,5.00296162287906
