algorithm,makespan,energy,cost,reliability,load_balance
HEFT,593.85,2016860.9752967923,0.1098652777777778,0.6075718737901018,93.90916484172267
GA,625.5699999999999,2036393.8343910356,0.19811833333333342,0.5953620327910244,35.58415007426672
