algorithm,makespan,energy,cost,reliability,load_balance
HEFT,450.84,844749.8415180554,0.09476083333333334,0.7721191511490824,98.53515907170542
GA,488.13999999999993,851742.9756012617,0.14853472222222222,0.7629579199537463,53.83044359056739
