algorithm,makespan,energy,cost,reliability,load_balance
HEFT,125.0,6476.219999999999,0.37208194444444453,0.9681375545434305,9.780974408670362
GA,160.87,6476.22,0.3176313888888889,0.9681375545434305,45.55161045695063
