algorithm,makespan,energy,cost,reliability,load_balance
HEFT,645.56,626067.5920596072,0.10731194444444445,0.8112196687114454,134.00496674719437
GA,692.52,633612.2318633397,0.19247666666666668,0.8051473297390519,86.76387615966681
