algorithm,makespan,energy,cost,reliability,load_balance
HEFT,339.22999999999996,370264.041505763,0.06363166666666667,0.8729683308778645,70.92876609669732
GA,381.73999999999995,381875.59218316135,0.09431666666666666,0.8670508963026309,46.18877778566275
