algorithm,makespan,energy,cost,reliability,load_balance
HEFT,581.85,198418.54326716508,0.048002500000000003,0.9257413527840612,88.8621265406885
GA,571.8100000000001,196612.36725485738,0.050543611111111116,0.9261132051743015,74.39939202260548
