algorithm,makespan,energy,cost,reliability,load_balance
HEFT,584.04,422144.30018491886,0.10135694444444444,0.8481236840443369,43.36709079804311
GA,614.33,429284.56523366924,0.11015083333333335,0.8460709987710676,75.31146900894785
