algorithm,makespan,energy,cost,reliability,load_balance
HEFT,414.47,1397486.6919198013,0.05082416666666667,0.7252752797405198,64.791239449671
GA,439.16,1423060.4565078786,0.056710555555555556,0.7139048420244108,27.424127684684393
