algorithm,makespan,energy,cost,reliability,load_balance
HEFT,1009.6199999999999,339636.3645629048,0.09220611111111111,0.8746212005638507,85.76753479609866
GA,850.54,333782.6689750041,0.07704833333333333,0.8802043346481228,89.0976327313657
