algorithm,makespan,energy,cost,reliability,load_balance
HEFT,219.65,727388.3437286592,0.0084575,0.8584922723711746,28.847148348790782
GA,222.43000000000004,721675.9894798364,0.01132305555555556,0.8569662009159099,18.08881157967763
