algorithm,makespan,energy,cost,reliability,load_balance
HEFT,301.47999999999996,315032.93744195305,0.040830555555555564,0.9029233616376968,85.33691915968531
GA,332.69,311390.2018696083,0.06038888888888889,0.8984257624905957,49.731977489337794
