algorithm,makespan,energy,cost,reliability,load_balance
HEFT,172.21,1303.0600000000002,0.03730555555555555,0.9935058785472204,8.494109233266707
GA,174.44,1303.0600000000002,0.033933611111111116,0.9935058785472204,12.602841941403526
