algorithm,makespan,energy,cost,reliability,load_balance
HEFT,292.34,99845.2095847301,0.021710833333333332,0.9640065401563995,88.67553679003018
GA,287.28,100044.09701336674,0.019028333333333335,0.9642016748270897,91.24144357143851
