algorithm,makespan,energy,cost,reliability,load_balance
HEFT,208.70999999999998,5728.379999999996,0.20641027777777776,0.9717643909950572,15.397560074570254
GA,245.14000000000004,5728.379999999999,0.21014194444444445,0.9717643909950572,48.89288867429155
