algorithm,makespan,energy,cost,reliability,load_balance
HEFT,539.04,568545.8242616502,0.10549361111111114,0.8144677879276431,111.73005210289963
GA,565.01,570193.7236686075,0.13923666666666665,0.8110905328196762,87.49810936766958
