algorithm,makespan,energy,cost,reliability,load_balance
HEFT,48.010000000000005,591.14,0.01680861111111111,0.9970486637808439,7.52420273422469
GA,55.22,591.1400000000001,0.013470833333333333,0.9970486637808439,12.766430239946818
