algorithm,makespan,energy,cost,reliability,load_balance
HEFT,163.48000000000002,84999.10539515538,0.007807777777777779,0.975991696782707,56.332882160422095
GA,163.48000000000002,84999.10539515538,0.007807777777777779,0.975991696782707,56.33288216042209
