algorithm,makespan,energy,cost,reliability,load_balance
HEFT,498.78000000000003,3776.62,0.09944666666666668,0.9812940688147207,17.883339313450428
GA,478.77,3776.62,0.08014138888888889,0.9812940688147207,5.542841479482035
