algorithm,makespan,energy,cost,reliability,load_balance
HEFT,789.7800000000001,269566.51272506267,0.07769361111111112,0.8988750876937809,26.47291005285721
GA,612.8900000000001,266507.09478046634,0.06101166666666667,0.9052577221199499,30.287326832631972
