algorithm,makespan,energy,cost,reliability,load_balance
HEFT,535.8199999999999,961411.5378298681,0.0999738888888889,0.7484994574293534,95.85050987630888
GA,598.2400000000001,1013458.4175247395,0.21701527777777777,0.7336969575447758,45.32209435911777
