algorithm,makespan,energy,cost,reliability,load_balance
HEFT,127.37,6056.980000000002,0.3059641666666667,0.9701690929968266,10.305398048180944
GA,153.1,6056.980000000002,0.24020277777777782,0.9701690929968266,44.013258521786874
