algorithm,makespan,energy,cost,reliability,load_balance
HEFT,77.50999999999999,3325.78,0.1542725,0.983508596961572,10.644507287003213
GA,99.53,3325.7799999999993,0.14054444444444442,0.983508596961572,30.305266122208916
