algorithm,makespan,energy,cost,reliability,load_balance
HEFT,370.61999999999995,655918.6080351842,0.04606472222222222,0.8377452687069022,73.28873993121756
GA,384.21,647012.3275552432,0.0677113888888889,0.8341099923564583,42.99238673107923
