algorithm,makespan,energy,cost,reliability,load_balance
HEFT,610.33,384078.05479003163,0.09761694444444446,0.8586433803082203,47.84149148116999
GA,588.6800000000001,382604.08785757964,0.09621305555555557,0.8601318392762876,63.27499703674429
