algorithm,makespan,energy,cost,reliability,load_balance
HEFT,301.56999999999994,4585.5,0.15033000000000002,0.9773333378717807,7.746309605224918
GA,299.87000000000006,4585.500000000001,0.131105,0.9773333378717807,18.83401629081958
