algorithm,makespan,energy,cost,reliability,load_balance
HEFT,252.51,234663.33923408974,0.014981944444444445,0.9417430615976645,67.04191079404484
GA,261.51,223558.79626018126,0.01545888888888889,0.9403879275196673,38.72125793733979
