algorithm,makespan,energy,cost,reliability,load_balance
HEFT,528.0500000000001,182823.49893002558,0.0437275,0.9314984061494337,80.86113791556485
GA,494.36,179194.84673112712,0.044737500000000006,0.9327545395941781,54.69221417776633
