algorithm,makespan,energy,cost,reliability,load_balance
HEFT,342.36,2594.2400000000007,0.05599027777777778,0.9871125634527437,12.328392704106516
GA,335.06,2594.2400000000007,0.052867777777777784,0.9871125634527437,8.311369722655018
