algorithm,makespan,energy,cost,reliability,load_balance
HEFT,421.99000000000007,442600.295907486,0.07835055555555555,0.8548322740424091,93.59504755194048
GA,452.34000000000003,440920.58891541755,0.10909638888888891,0.850691271012338,55.28373666444166
