algorithm,makespan,energy,cost,reliability,load_balance
HEFT,172.76999999999998,4522.3600000000015,0.17702472222222224,0.9776419307153641,14.387219733731275
GA,185.46,4522.359999999999,0.16605027777777775,0.9776419307153641,25.96882358393105
