algorithm,makespan,energy,cost,reliability,load_balance
HEFT,218.62,6273.52,0.21565944444444443,0.9691192593498384,11.55562171989605
GA,255.22,6273.520000000003,0.20365055555555556,0.9691192593498384,45.66500739078008
