algorithm,makespan,energy,cost,reliability,load_balance
HEFT,526.37,544185.1408894883,0.11367666666666666,0.8170534205741933,83.88459955746745
GA,541.6400000000001,550604.242651946,0.14359055555555558,0.8150596322606313,78.7175468976475
