algorithm,makespan,energy,cost,reliability,load_balance
HEFT,376.22999999999996,661592.5228184887,0.04471777777777777,0.845836838727853,76.43596555709334
GA,391.61999999999995,644676.6793320053,0.0670061111111111,0.841681501964238,29.845862494900626
