algorithm,makespan,energy,cost,reliability,load_balance
HEFT,442.05999999999995,154189.94674931004,0.03620833333333333,0.9423222232479835,79.04160613246671
GA,415.73999999999995,150729.41790542164,0.03574611111111111,0.9433148224971817,54.55187714460428
