algorithm,makespan,energy,cost,reliability,load_balance
HEFT,362.45,666358.8577734858,0.048848333333333334,0.8385388215359427,88.48658581590115
GA,393.49999999999994,660215.7237102921,0.0844761111111111,0.8302483550482942,40.12134206017636
