algorithm,makespan,energy,cost,reliability,load_balance
HEFT,411.38,166557.36902620448,0.036475,0.9390137092877439,55.68042826403785
GA,423.36,166739.62422052154,0.03815638888888889,0.9385638417151322,57.80925034110027
