algorithm,makespan,energy,cost,reliability,load_balance
HEFT,313.75,2415.7199999999993,0.058617777777777776,0.9879940534773534,9.872066652935429
GA,308.1,2415.7200000000003,0.051093333333333345,0.9879940534773534,5.821159678277196
