algorithm,makespan,energy,cost,reliability,load_balance
HEFT,398.94,724338.820599589,0.06848972222222224,0.8138177763649063,84.87294181966945
GA,443.11,749704.9561734106,0.10696416666666667,0.8023958614998041,44.19628806734171
