algorithm,makespan,energy,cost,reliability,load_balance
HEFT,82.82,3968.1599999999994,0.14852777777777781,0.9803547333575962,10.517941660524343
GA,107.52,3968.16,0.15476611111111116,0.9803547333575962,35.75818417486927
