algorithm,makespan,energy,cost,reliability,load_balance
HEFT,238.08,786595.506468414,0.008339444444444444,0.8484195611833051,30.208666827387393
GA,245.08,794005.9941243676,0.008339444444444444,0.8446271429090817,18.892751756914944
