algorithm,makespan,energy,cost,reliability,load_balance
HEFT,695.4000000000001,205431.43179465062,0.05533250000000001,0.9219211312757947,69.57559839244414
GA,569.29,195501.16936886296,0.044983333333333334,0.9265834195675647,77.24600070553818
