algorithm,makespan,energy,cost,reliability,load_balance
HEFT,413.06999999999994,129481.23361657829,0.022723333333333328,0.9576593009655461,165.1949120231411
GA,415.06999999999994,125547.07728816825,0.025985555555555553,0.9575826912858969,146.98711834148364
