algorithm,makespan,energy,cost,reliability,load_balance
HEFT,217.23,717323.0530773834,0.006916111111111112,0.8615808323185992,27.37984584746511
GA,232.23,747885.2590965852,0.006916111111111111,0.8533492312321548,12.636928998137492
