algorithm,makespan,energy,cost,reliability,load_balance
HEFT,240.69000000000003,73161.85628817152,0.01099027777777778,0.9790497701512008,114.6052652586259
GA,241.69000000000003,65184.81405933221,0.011447500000000001,0.979010608943624,81.4253148085205
