algorithm,makespan,energy,cost,reliability,load_balance
HEFT,478.89,509308.4191359185,0.08169555555555556,0.8340702896657538,108.07175782013235
GA,546.02,525123.0691916046,0.1404736111111111,0.8251596468789018,59.45575395479678
