algorithm,makespan,energy,cost,reliability,load_balance
HEFT,420.54999999999995,445172.90859588626,0.07832361111111111,0.8575769211501608,105.18886913349402
GA,452.1099999999999,439830.041427971,0.10941916666666665,0.8532574157946333,64.28178033406252
