algorithm,makespan,energy,cost,reliability,load_balance
HEFT,385.88,663162.0271327874,0.02885277777777778,0.8516364032399716,69.480175682006
GA,350.33000000000004,580562.0526646306,0.04063805555555555,0.8613799350940293,37.36567166871261
