algorithm,makespan,energy,cost,reliability,load_balance
HEFT,933.4699999999997,302708.3168821708,0.08228833333333332,0.8869165342758213,71.20070552084904
GA,724.1,294014.8953183262,0.07001611111111111,0.8943754728306278,64.73024692264558
