algorithm,makespan,energy,cost,reliability,load_balance
HEFT,308.36,1034952.7134842392,0.027775277777777774,0.7916223750910673,46.4192739027415
GA,329.73,1069231.5362569373,0.03530527777777778,0.7808692162117965,23.092181714260022
