algorithm,makespan,energy,cost,reliability,load_balance
HEFT,331.75999999999993,4927.54,0.12433305555555557,0.9756633308274101,12.895827052079385
GA,335.85,4927.54,0.13081583333333338,0.9756633308274101,22.763035472637885
