algorithm,makespan,energy,cost,reliability,load_balance
HEFT,521.26,334201.34169128654,0.0730013888888889,0.8800818187320453,104.78905053725794
GA,615.67,346683.4201601507,0.09906027777777777,0.8734597757340933,75.4821358122948
