algorithm,makespan,energy,cost,reliability,load_balance
HEFT,841.5899999999999,315207.35801280907,0.08125833333333334,0.8847519108466837,38.897343846763306
GA,755.23,314233.4494260027,0.07449722222222221,0.8878134827500572,16.05652800784357
