algorithm,makespan,energy,cost,reliability,load_balance
HEFT,528.54,1778413.5747341735,0.06328472222222221,0.6625598404455534,80.4451497914896
GA,575.5400000000001,1864591.7581228067,0.08104222222222224,0.6429268016674452,35.41311089678366
