algorithm,makespan,energy,cost,reliability,load_balance
HEFT,226.96,207371.15659146986,0.009603333333333334,0.9510939790746084,58.36248755265092
GA,228.96,201663.53397973446,0.0110925,0.9507896776921223,48.219795174457836
