algorithm,makespan,energy,cost,reliability,load_balance
HEFT,207.49,65306.09190804376,0.008658055555555556,0.9794469532812677,91.49088456416483
GA,209.49,57692.751969067736,0.009536944444444445,0.9793686006591519,54.1626004884059
