algorithm,makespan,energy,cost,reliability,load_balance
HEFT,520.65,539398.0257562662,0.09216972222222222,0.8226868902213803,100.28370974182862
GA,584.65,564439.0494654921,0.14636833333333332,0.8143055621025165,71.44033323632154
