algorithm,makespan,energy,cost,reliability,load_balance
HEFT,309.66999999999996,181569.69709690963,0.027743055555555556,0.9382106327632055,92.43750116391382
GA,328.66999999999996,180922.1719658016,0.03394444444444445,0.9367856358734011,78.98374421360384
