algorithm,makespan,energy,cost,reliability,load_balance
HEFT,275.01,94544.75182720627,0.019009444444444447,0.9648158739938788,64.5757266057972
GA,257.62,94373.34702274668,0.01734166666666667,0.9654872333875557,68.68294159881818
