algorithm,makespan,energy,cost,reliability,load_balance
HEFT,1156.91,441016.18857992406,0.11590472222222223,0.8430366889847419,39.13272319938908
GA,1028.4699999999998,443611.32121500873,0.10132999999999999,0.8473790193049071,93.49419317975492
