algorithm,makespan,energy,cost,reliability,load_balance
HEFT,303.36000000000007,107936.97715585445,0.02068305555555556,0.960711426217232,84.35656954262663
GA,304.77000000000004,107057.95540899696,0.02088277777777778,0.960657243620757,78.47734848349558
