algorithm,makespan,energy,cost,reliability,load_balance
HEFT,491.23,494285.29464812815,0.078085,0.8495378357632486,120.81135212767329
GA,512.23,475440.8883314136,0.11559472222222224,0.8466881787398401,61.9799276345442
