algorithm,makespan,energy,cost,reliability,load_balance
HEFT,169.02,4458.700000000001,0.16215805555555557,0.9779531636720081,13.82939331942415
GA,175.99,4458.7,0.18351944444444449,0.9779531636720081,29.469702400657756
