algorithm,makespan,energy,cost,reliability,load_balance
HEFT,368.3999999999999,330609.3630836047,0.024651666666666665,0.9178482564588238,83.34814403052616
GA,370.3999999999999,315540.213336933,0.028124444444444445,0.9175545920055754,53.6525571307339
