algorithm,makespan,energy,cost,reliability,load_balance
HEFT,634.4399999999999,193450.5279301431,0.05555,0.9269600595973473,90.07440739003879
GA,503.43999999999994,182441.66446845702,0.04172722222222222,0.931830078616219,67.38333819770779
