algorithm,makespan,energy,cost,reliability,load_balance
HEFT,303.44000000000005,2286.6200000000003,0.05945749999999999,0.9886320095170333,17.82607710630694
GA,293.27,2286.62,0.05740055555555556,0.9886320095170333,7.982770509040063
