algorithm,makespan,energy,cost,reliability,load_balance
HEFT,463.91999999999996,313547.19548629073,0.07263333333333333,0.8839952408613432,43.67516193035647
GA,465.68999999999994,315101.8115269815,0.07827833333333335,0.8838700759971188,52.86164743595167
