algorithm,makespan,energy,cost,reliability,load_balance
HEFT,279.45,4230.64,0.1184852777777778,0.9790689597147528,6.669214989144415
GA,294.31,4230.64,0.12114888888888892,0.9790689597147528,31.118333135675137
