algorithm,makespan,energy,cost,reliability,load_balance
HEFT,540.4899999999999,1833825.5052452404,0.08678805555555556,0.6446908367284089,87.18797872585758
GA,585.49,1902016.3152743855,0.1663033333333333,0.6263885584734866,36.0710278062465
