algorithm,makespan,energy,cost,reliability,load_balance
HEFT,457.74,442409.937628348,0.05359666666666666,0.8769093988371669,120.2664540769786
GA,484.74,424627.0350084582,0.0828422222222222,0.8731293210809189,55.758085000443366
