algorithm,makespan,energy,cost,reliability,load_balance
HEFT,115.84,3143.66,0.10185833333333334,0.9844045877726691,11.247032478984547
GA,143.34,3143.66,0.10273111111111112,0.9844045877726691,33.15459313956363
