algorithm,makespan,energy,cost,reliability,load_balance
HEFT,463.79,848018.4039328146,0.07733444444444443,0.7889919192108926,104.4391262561362
GA,495.55,837926.5189789125,0.1435433333333333,0.7810138465829979,47.50400957185851
