algorithm,makespan,energy,cost,reliability,load_balance
HEFT,423.09999999999997,779423.33809974,0.08778416666666666,0.7963507097746058,92.81353154037382
GA,436.61999999999995,757653.7181759881,0.14073777777777777,0.7929128202688736,54.29839632482326
