algorithm,makespan,energy,cost,reliability,load_balance
HEFT,416.90000000000003,446278.4366994482,0.07645083333333333,0.8522283258230355,93.38342900822038
GA,442.90000000000003,446035.82637164154,0.11569555555555555,0.8486904199339915,66.79642934568683
