algorithm,makespan,energy,cost,reliability,load_balance
HEFT,530.53,1802254.6355154281,0.0853811111111111,0.6449985566118198,85.36233727470211
GA,551.37,1805547.8255255087,0.12114944444444442,0.636452939556569,45.65466633689631
