algorithm,makespan,energy,cost,reliability,load_balance
HEFT,351.21999999999997,1205135.4761972553,0.06129250000000001,0.7383618964370768,59.76953233222838
GA,388.21999999999997,1269851.3114986348,0.0993980555555556,0.7210828777266345,27.227435013888396
