algorithm,makespan,energy,cost,reliability,load_balance
HEFT,54.94,1752.4400000000003,0.02433944444444445,0.9912760761982691,12.009084850712517
GA,54.94,1752.4400000000003,0.040247500000000005,0.9912760761982691,16.113707336082012
