algorithm,makespan,energy,cost,reliability,load_balance
HEFT,244.29999999999995,437430.3480556692,0.027831666666666664,0.8935905557944847,54.091267383536625
GA,254.29999999999995,425600.02229650004,0.03207611111111112,0.8907356363232938,28.16102191938983
