algorithm,makespan,energy,cost,reliability,load_balance
HEFT,639.6399999999999,4952.44,0.1065122222222222,0.9755418683039211,17.00066763394895
GA,628.36,4952.440000000001,0.12533972222222223,0.9755418683039211,13.97224510711627
