algorithm,makespan,energy,cost,reliability,load_balance
HEFT,955.4199999999998,375462.1083607209,0.09196222222222221,0.8657710342574536,53.77583805328683
GA,843.8700000000002,376755.30127863295,0.08042888888888892,0.8696427359551812,26.969158156432325
