algorithm,makespan,energy,cost,reliability,load_balance
HEFT,297.51,298601.0087055897,0.04143666666666667,0.9097927979118096,79.25196282532482
GA,310.51,289857.6891565489,0.048807222222222224,0.9079023955921185,53.32183653688859
