algorithm,makespan,energy,cost,reliability,load_balance
HEFT,912.7099999999998,302553.17694557965,0.08114416666666666,0.8871872625131099,68.29641248508847
GA,710.4000000000001,294859.0033643018,0.0686777777777778,0.8943958648238761,36.42904827652429
