algorithm,makespan,energy,cost,reliability,load_balance
HEFT,722.8099999999998,412160.0570274346,0.09958638888888889,0.8499514914573253,67.6818584576821
GA,716.16,415730.180015639,0.11532722222222222,0.8504037859504482,98.92391647119517
