algorithm,makespan,energy,cost,reliability,load_balance
HEFT,40.29,456.02,0.006333611111111112,0.9977224974534787,13.923257027362526
GA,40.29,456.02,0.012942222222222225,0.9977224974534787,15.776237603328198
