algorithm,makespan,energy,cost,reliability,load_balance
HEFT,221.95,200419.52646992565,0.009821944444444444,0.9545080520206541,55.35913473252029
GA,223.95000000000002,191064.11440053588,0.009821944444444446,0.9542026583096074,38.20301225034486
