algorithm,makespan,energy,cost,reliability,load_balance
HEFT,679.9,271825.74656567146,0.06532888888888888,0.9014037576970785,47.13579770195906
GA,642.4,272239.2236145704,0.06539194444444443,0.9027568779200813,46.75956898503945
