algorithm,makespan,energy,cost,reliability,load_balance
HEFT,130.87,3431.0199999999995,0.17186972222222224,0.9829912108740686,9.522128941751069
GA,139.24,3431.0199999999995,0.15525916666666664,0.9829912108740686,25.14097942105677
