algorithm,makespan,energy,cost,reliability,load_balance
HEFT,418.84999999999997,411105.7369702757,0.06337527777777777,0.8719517405592632,92.0141694681676
GA,461.66999999999996,422633.537180237,0.09845361111111113,0.8659982423852455,60.34569929097405
