algorithm,makespan,energy,cost,reliability,load_balance
HEFT,519.72,508656.42774955736,0.06363527777777776,0.855515729068074,135.43733534830784
GA,555.72,491489.6271683581,0.10577861111111111,0.8506021232385608,59.519927695828635
