algorithm,makespan,energy,cost,reliability,load_balance
HEFT,482.32000000000005,883169.4965997677,0.10251472222222222,0.7665556351027526,97.50765454650873
GA,532.5,919889.2078122065,0.1639216666666667,0.7543448913298167,61.87090033339191
