algorithm,makespan,energy,cost,reliability,load_balance
HEFT,124.26,6148.9400000000005,0.23234722222222223,0.9697231117868041,11.216191129237263
GA,158.29,6148.939999999998,0.23326916666666664,0.9697231117868041,35.023326349861044
