algorithm,makespan,energy,cost,reliability,load_balance
HEFT,451.62999999999994,3518.94,0.07496777777777779,0.9825591829044734,10.4655956192978
GA,450.39,3518.9400000000005,0.07343361111111112,0.9825591829044734,8.721736734542436
