algorithm,makespan,energy,cost,reliability,load_balance
HEFT,658.28,276689.26166676794,0.05974333333333334,0.9010259684320141,47.537053179598786
GA,644.25,277089.9243616609,0.06211222222222222,0.9015317661190543,48.61437398890719
