algorithm,makespan,energy,cost,reliability,load_balance
HEFT,72.92999999999999,1682.2,0.07977472222222223,0.9916242734960964,9.329513652918891
GA,74.7,1682.1999999999996,0.06060416666666667,0.9916242734960964,22.655495249497417
