algorithm,makespan,energy,cost,reliability,load_balance
HEFT,289.27,270934.3325958447,0.03198611111111111,0.9213099158829596,65.62415456915743
GA,302.58000000000004,268979.2259567718,0.036811388888888893,0.9193499819644554,45.98793678328409
