algorithm,makespan,energy,cost,reliability,load_balance
HEFT,326.27000000000004,169715.2558617096,0.028956388888888893,0.9414033419901426,71.8179005615691
GA,334.27000000000004,167407.16770873845,0.035500555555555556,0.9408010366095494,54.54928320532073
