algorithm,makespan,energy,cost,reliability,load_balance
HEFT,451.75,848705.0306806861,0.0971086111111111,0.769039304191823,97.81113748046165
GA,486.75,851916.6010272212,0.14473916666666667,0.7604741185589717,51.960486374302086
