algorithm,makespan,energy,cost,reliability,load_balance
HEFT,135.22,6185.32,0.29889111111111116,0.9695467351947076,13.456582257333661
GA,166.11,6185.320000000001,0.30687527777777784,0.9695467351947076,44.40756328618053
