algorithm,makespan,energy,cost,reliability,load_balance
HEFT,595.7099999999999,1996331.5372748482,0.07049583333333333,0.6387582638587291,88.43334403424068
GA,642.7099999999999,2072455.1475004272,0.07175777777777778,0.619830515754132,30.24632918457817
