algorithm,makespan,energy,cost,reliability,load_balance
HEFT,673.98,370539.04707854823,0.08418388888888889,0.8724625050357772,145.60361297886809
GA,685.09,357608.906464844,0.11193805555555557,0.8716874048668416,76.14797791846762
