algorithm,makespan,energy,cost,reliability,load_balance
HEFT,289.30999999999995,4105.119999999999,0.11122805555555557,0.9796836162529163,14.425109061236626
GA,278.35,4105.12,0.11660555555555556,0.9796836162529163,29.549482470691665
