algorithm,makespan,energy,cost,reliability,load_balance
HEFT,698.4300000000001,400024.7255702075,0.09432722222222223,0.8545632151946252,76.65529778542012
GA,656.08,388137.2878002682,0.10620472222222224,0.8574633854820276,57.550802091965416
