algorithm,makespan,energy,cost,reliability,load_balance
HEFT,331.51,603995.7389520678,0.05137333333333334,0.8459951942056732,74.24251538251234
GA,353.83000000000004,595292.2401153097,0.07535027777777781,0.839974285595211,31.180081524443903
