algorithm,makespan,energy,cost,reliability,load_balance
HEFT,732.6400000000001,233455.3563005023,0.06527416666666667,0.9117272514770066,69.67659482686179
GA,603.38,227104.3619609533,0.05445194444444444,0.9164534537072423,81.37843858582359
