algorithm,makespan,energy,cost,reliability,load_balance
HEFT,154.59,1153.3600000000001,0.030705555555555555,0.9942497960737156,7.345443031794165
GA,147.71999999999997,1153.36,0.028528055555555556,0.9942497960737156,3.56458506234129
