algorithm,makespan,energy,cost,reliability,load_balance
HEFT,276.45000000000005,93748.27531199134,0.02261,0.9655915116396858,74.48625169564295
GA,259.09000000000003,91327.11555830021,0.019776944444444444,0.9662622512392053,65.04068079543245
