algorithm,makespan,energy,cost,reliability,load_balance
HEFT,488.32,459427.7170093382,0.06007166666666666,0.8712467911114845,114.48708215158307
GA,460.34999999999997,406001.4479200607,0.08471361111111111,0.8751545321906783,47.91243171575272
