algorithm,makespan,energy,cost,reliability,load_balance
HEFT,104.91999999999999,2678.3799999999997,0.1065086111111111,0.9866973725388315,9.132303447104675
GA,125.86999999999999,2678.3799999999997,0.0968861111111111,0.9866973725388315,41.85339420226274
