algorithm,makespan,energy,cost,reliability,load_balance
HEFT,374.55,349442.69283139764,0.031254444444444446,0.9105165528715425,97.25200151325079
GA,386.55000000000007,336714.9325054974,0.0402025,0.9087700382805658,64.0508353185187
