algorithm,makespan,energy,cost,reliability,load_balance
HEFT,349.37,180551.90070698687,0.019511388888888894,0.9481664613502472,115.0440700573356
GA,353.37,165637.30013866484,0.021526944444444446,0.94786309662356,71.63446734987285
