algorithm,makespan,energy,cost,reliability,load_balance
HEFT,392.88999999999993,688433.0978136373,0.033396388888888885,0.8437296125424306,79.68277743248431
GA,414.48999999999995,684758.01679172,0.05741500000000001,0.8379178620087555,40.6669690011677
