algorithm,makespan,energy,cost,reliability,load_balance
HEFT,74.36,2622.2,0.08210611111111113,0.9869745747620071,12.600865161669681
GA,69.06,2622.2,0.07978527777777777,0.9869745747620071,21.96057661818618
