algorithm,makespan,energy,cost,reliability,load_balance
HEFT,366.21,647583.6576554435,0.04899777777777779,0.8409704133071756,72.8419653664533
GA,387.34,648957.4920483296,0.0724663888888889,0.8353032887665712,40.90908979829544
