algorithm,makespan,energy,cost,reliability,load_balance
HEFT,655.0,380598.908519084,0.10550083333333334,0.863533661091005,108.07866206082097
GA,632.27,372381.3719455296,0.11995444444444446,0.8651053392370301,92.842738272845
