algorithm,makespan,energy,cost,reliability,load_balance
HEFT,71.2,2992.5799999999995,0.09888777777777777,0.9851484879339892,12.358789052114993
GA,99.89999999999999,2992.58,0.09467361111111111,0.9851484879339892,29.282756057423082
