algorithm,makespan,energy,cost,reliability,load_balance
HEFT,328.57,598295.0816873116,0.052713611111111114,0.8506722157412872,75.33744507576797
GA,359.59999999999997,602162.519660734,0.07542555555555557,0.8422671792919635,33.041166281686124
