algorithm,makespan,energy,cost,reliability,load_balance
HEFT,354.34,122391.41386803635,0.029175,0.9533248142287163,44.328166647554184
GA,316.93,123157.07086738395,0.024918333333333334,0.9547524373619605,65.21592156061277
