algorithm,makespan,energy,cost,reliability,load_balance
HEFT,883.43,364062.24293945194,0.0870825,0.8711422477692772,58.08404083739356
GA,814.4599999999999,365982.8729956044,0.08095361111111113,0.8735488731751104,54.39745275899107
