algorithm,makespan,energy,cost,reliability,load_balance
HEFT,151.63,137163.6039701906,0.006730555555555556,0.9679918608052005,37.74988118634723
GA,151.63,136990.6213150432,0.005743611111111111,0.9679918608052005,37.51755974984691
