algorithm,makespan,energy,cost,reliability,load_balance
HEFT,54.3,702.7399999999999,0.009760277777777776,0.9964924658201169,19.932168796111142
GA,54.3,702.7399999999999,0.012708611111111111,0.9964924658201169,21.496139023477372
