algorithm,makespan,energy,cost,reliability,load_balance
HEFT,163.42,148799.14753396157,0.006423055555555555,0.9652227261247575,41.774863768977944
GA,168.42,141403.91135257095,0.006423055555555556,0.9644508567327807,22.932348685862944
