algorithm,makespan,energy,cost,reliability,load_balance
HEFT,402.37,234861.63637945175,0.0489513888888889,0.9174088959049416,99.63444734736217
GA,420.32,233452.84733060526,0.05586277777777778,0.9160924421704246,81.64055477474766
