algorithm,makespan,energy,cost,reliability,load_balance
HEFT,129.59,39804.21922987885,0.006658055555555556,0.9856542944569843,39.071391388073195
GA,124.94999999999999,41118.51308523409,0.006556944444444444,0.9858372488716799,47.38898069875175
