algorithm,makespan,energy,cost,reliability,load_balance
HEFT,208.07,365058.03003796795,0.017173333333333336,0.9164948783395395,43.47218662987936
GA,211.53,351737.95948565216,0.014669722222222226,0.9154806967647682,25.279577325143382
