algorithm,makespan,energy,cost,reliability,load_balance
HEFT,43.35,1204.1000000000001,0.016723611111111116,0.9939975868945388,16.07444312171924
GA,43.35,1204.1,0.016723611111111113,0.9939975868945388,16.074443121719245
