algorithm,makespan,energy,cost,reliability,load_balance
HEFT,234.77,411520.295906632,0.016919166666666666,0.9066594209422041,48.87328364179607
GA,237.77,396288.91209992854,0.016533888888888893,0.9057894455531004,29.781224368705757
