algorithm,makespan,energy,cost,reliability,load_balance
HEFT,145.08,1125.6599999999999,0.03717027777777778,0.994387509206886,6.077441210465687
GA,145.42000000000002,1125.6599999999999,0.03669583333333334,0.994387509206886,3.8695854644479373
