algorithm,makespan,energy,cost,reliability,load_balance
HEFT,206.65,83775.85042342125,0.016144444444444444,0.969973623618789,59.347872399382055
GA,208.65,80681.63733525042,0.020036666666666668,0.9698960288327323,37.07987448288717
