algorithm,makespan,energy,cost,reliability,load_balance
HEFT,288.66,503730.1870020093,0.02079472222222223,0.8879683309238171,58.808596913782445
GA,292.66,484453.9266725893,0.022905277777777785,0.8868324585736233,32.9920846812217
