algorithm,makespan,energy,cost,reliability,load_balance
HEFT,585.87,208544.83568027036,0.05308027777777778,0.9218894177343548,62.14793882342354
GA,488.6700000000001,205427.1390918207,0.04577277777777779,0.9254807007206503,29.079469848445772
