algorithm,makespan,energy,cost,reliability,load_balance
HEFT,417.9099999999999,3236.020000000001,0.06461805555555555,0.9839500946845668,9.436353020809069
GA,411.9,3236.0199999999995,0.07698166666666667,0.9839500946845668,6.370391798521247
