algorithm,makespan,energy,cost,reliability,load_balance
HEFT,518.53,937871.0879794804,0.08506361111111112,0.7651314728401967,107.59086508949375
GA,548.48,935515.2338644983,0.1429836111111111,0.7578334806449176,61.04187668126008
