algorithm,makespan,energy,cost,reliability,load_balance
HEFT,308.35999999999996,4715.559999999999,0.12535194444444447,0.9766979846096662,10.032202079874015
GA,316.49999999999994,4715.5599999999995,0.13281055555555557,0.9766979846096662,16.702300739718442
