algorithm,makespan,energy,cost,reliability,load_balance
HEFT,595.22,363285.5679412654,0.08151250000000002,0.8689017683323185,100.59811087937985
GA,642.6700000000001,367264.1550873699,0.11641000000000003,0.8656096695763235,69.52545822266423
