algorithm,makespan,energy,cost,reliability,load_balance
HEFT,314.52,4857.38,0.13928666666666667,0.9760056535637618,6.56312629664508
GA,330.84999999999997,4857.38,0.14167277777777776,0.9760056535637618,35.7244645816121
