algorithm,makespan,energy,cost,reliability,load_balance
HEFT,566.6600000000001,357395.5581124484,0.07826583333333334,0.8705100280209342,92.66220924103082
GA,620.59,361422.81190480024,0.10976916666666668,0.8667623897744905,55.711737606566004
