algorithm,makespan,energy,cost,reliability,load_balance
HEFT,524.8599999999999,293859.2850474412,0.052980555555555565,0.9001779616843697,135.56467211919818
GA,586.6800000000001,291151.8389752506,0.09258416666666668,0.8957370321393483,52.86453913744343
