algorithm,makespan,energy,cost,reliability,load_balance
HEFT,542.39,564301.1137373475,0.09302305555555554,0.8192706383170353,118.973199755239
GA,607.7199999999999,576635.4436911736,0.1524647222222222,0.8107515678255768,60.465941432622486
