algorithm,makespan,energy,cost,reliability,load_balance
HEFT,448.2900000000001,280769.393696045,0.05980333333333334,0.8966802020009026,71.98736451628163
GA,476.5300000000001,285000.7129456698,0.07440555555555556,0.8946567086872458,66.82640597633755
