algorithm,makespan,energy,cost,reliability,load_balance
HEFT,234.00000000000003,3553.019999999999,0.10635888888888889,0.9823917690837691,8.803581961743921
GA,243.71,3553.0199999999986,0.08775972222222224,0.9823917690837691,17.485170808839293
