algorithm,makespan,energy,cost,reliability,load_balance
HEFT,150.60999999999999,2085.38,0.07713305555555557,0.9896272716774321,11.057172122977141
GA,152.09,2085.3799999999997,0.0794063888888889,0.9896272716774321,20.73190497587165
