algorithm,makespan,energy,cost,reliability,load_balance
HEFT,273.48,148944.32733655113,0.026015555555555552,0.9471517080992846,61.022338532704566
GA,290.94,150330.37024816114,0.03117555555555556,0.9458296501336448,48.8221562700496
