algorithm,makespan,energy,cost,reliability,load_balance
HEFT,852.0799999999998,296262.1002957468,0.0849972222222222,0.8897517390997848,31.11953834276241
GA,740.57,294833.3377803584,0.07500944444444446,0.8937292518112765,75.62015912881085
