algorithm,makespan,energy,cost,reliability,load_balance
HEFT,1221.4799999999998,433111.1951157612,0.11217388888888888,0.8436577298416886,65.92544292608147
GA,1014.18,431075.12079709716,0.09974694444444443,0.8506824238691246,84.56587585032952
