algorithm,makespan,energy,cost,reliability,load_balance
HEFT,334.54,1115720.7456208526,0.025318333333333335,0.7833422324516489,47.53475106414421
GA,336.54,1093863.3908599275,0.02110888888888889,0.7823401958343573,27.648118969284013
