algorithm,makespan,energy,cost,reliability,load_balance
HEFT,539.68,937420.0510672991,0.05183861111111111,0.7936537468018328,103.54370529418186
GA,572.8199999999999,940868.6718689988,0.06620722222222222,0.7852816780663463,48.48799674794816
