algorithm,makespan,energy,cost,reliability,load_balance
HEFT,569.6500000000001,353108.5454401826,0.08355277777777777,0.8715953595369667,88.04869901488773
GA,612.0899999999999,355992.7915339247,0.11014555555555555,0.8686411368984887,54.99257091059796
