algorithm,makespan,energy,cost,reliability,load_balance
HEFT,266.98,881498.8462431643,0.008790833333333336,0.832330234870458,33.55981918108711
GA,281.98,908731.4822682459,0.008790833333333335,0.8243780959548296,16.168304383634823
