algorithm,makespan,energy,cost,reliability,load_balance
HEFT,303.73999999999995,295638.3467110028,0.029680277777777778,0.9197656220838939,86.39154601531718
GA,319.73999999999995,274573.6818352411,0.037753055555555554,0.9174140334091436,28.398385334087802
