algorithm,makespan,energy,cost,reliability,load_balance
HEFT,454.17,1521248.0496510118,0.041136388888888896,0.7114637581463232,67.16688863379814
GA,475.17,1542033.7137235098,0.07030833333333333,0.7019656554595015,35.170893203685345
