algorithm,makespan,energy,cost,reliability,load_balance
HEFT,359.03999999999996,625770.8779801694,0.039600555555555556,0.8526726230002413,68.5232239408949
GA,373.15999999999997,617916.539956051,0.04064111111111111,0.8488285979817447,35.555216030787484
