algorithm,makespan,energy,cost,reliability,load_balance
HEFT,452.69,827859.9218007905,0.09007111111111112,0.7797028448705245,91.15956336635868
GA,501.82999999999987,862515.4790267618,0.1474347222222222,0.7675380685762861,53.23489923321887
