algorithm,makespan,energy,cost,reliability,load_balance
HEFT,110.22,5406.34,0.29491555555555543,0.9733303864620358,11.515018764954666
GA,123.22,5406.34,0.2454261111111111,0.9733303864620358,28.322950099143068
