algorithm,makespan,energy,cost,reliability,load_balance
HEFT,117.88,3302.76,0.14862888888888892,0.9836218053160981,9.348468591165076
GA,139.71,3302.7600000000007,0.13698055555555555,0.9836218053160981,29.155017378374744
