algorithm,makespan,energy,cost,reliability,load_balance
HEFT,458.2700000000001,446642.0597246165,0.06273000000000001,0.8670408385705687,109.20593046892341
GA,486.2700000000001,437513.51415880077,0.11827694444444446,0.8631651835631492,56.558210098829456
