algorithm,makespan,energy,cost,reliability,load_balance
HEFT,390.94000000000005,704111.2273494655,0.06015916666666668,0.8214035135128945,81.72871397929666
GA,418.94000000000005,703691.515968874,0.09365777777777778,0.8140766115704068,35.75617616399953
