algorithm,makespan,energy,cost,reliability,load_balance
HEFT,80.28,3217.98,0.16761694444444444,0.9840388509859563,11.88706300289005
GA,94.52000000000001,3217.9799999999996,0.1482402777777778,0.9840388509859563,32.02698805084348
