algorithm,makespan,energy,cost,reliability,load_balance
HEFT,486.20000000000005,1641183.1098930482,0.06734027777777778,0.673207281818588,74.01770185349997
GA,522.0600000000001,1697287.0741868757,0.10738833333333334,0.6579328529845008,33.23298605718098
