algorithm,makespan,energy,cost,reliability,load_balance
HEFT,531.5,539198.9024459077,0.09821805555555556,0.8241466430829896,99.0552155597237
GA,577.99,547328.48033703,0.1618316666666667,0.8180390541986038,46.331581844892796
