algorithm,makespan,energy,cost,reliability,load_balance
HEFT,239.56,408675.3074803807,0.009103333333333335,0.9141432419038293,43.0462641404758
GA,248.56,408277.68329578376,0.010617777777777778,0.9115142968651286,27.20624308689507
