algorithm,makespan,energy,cost,reliability,load_balance
HEFT,769.6499999999999,474613.26395114657,0.11812249999999999,0.829086157345856,80.95364387810378
GA,771.2499999999999,473241.4322204214,0.14406,0.8289800411092997,68.6879561079358
