algorithm,makespan,energy,cost,reliability,load_balance
HEFT,431.78000000000003,770479.4873083516,0.05274055555555555,0.8196033297279783,93.62165834458133
GA,468.78000000000003,777865.6070011521,0.0812188888888889,0.8099564485365415,43.36120030435825
