algorithm,makespan,energy,cost,reliability,load_balance
HEFT,429.5000000000001,419771.03734575096,0.06258111111111112,0.8705044567745829,95.20291493261469
GA,446.5000000000001,411716.56385218375,0.08849583333333336,0.868139901904606,59.00043919328059
