algorithm,makespan,energy,cost,reliability,load_balance
HEFT,415.96000000000004,1422905.7902923357,0.06631861111111112,0.7065557286976859,71.01305428821013
GA,448.96000000000004,1465743.8944449394,0.10194,0.6917897493149647,32.423080550067276
