algorithm,makespan,energy,cost,reliability,load_balance
HEFT,500.07000000000005,493158.85670006205,0.07094111111111112,0.8476797227225883,110.07539891478933
GA,553.07,504746.33849241515,0.12341583333333335,0.8405217911976582,63.602212379628234
