algorithm,makespan,energy,cost,reliability,load_balance
HEFT,346.90000000000003,610242.1010954166,0.027294722222222224,0.8621858744078129,72.81368866051773
GA,362.00000000000006,597793.4732320443,0.03837138888888889,0.858029841324932,35.99691534583655
