algorithm,makespan,energy,cost,reliability,load_balance
HEFT,531.19,527410.3219940134,0.09355972222222221,0.8320289858547965,103.98345653676519
GA,576.19,529574.0828893248,0.14632472222222223,0.8260598916821281,29.814546002468887
