algorithm,makespan,energy,cost,reliability,load_balance
HEFT,508.88000000000005,260132.76886495837,0.041710277777777784,0.9161287201494338,128.82524796904417
GA,494.54,236982.10175112225,0.057598888888888894,0.9171803060915558,55.978866675609964
