algorithm,makespan,energy,cost,reliability,load_balance
HEFT,110.74000000000001,3010.7199999999993,0.10409916666666666,0.9850591390181682,9.417088722105149
GA,113.83999999999999,3010.7200000000003,0.08990666666666665,0.9850591390181682,22.129939599254822
