algorithm,makespan,energy,cost,reliability,load_balance
HEFT,339.37,349081.254736718,0.053193333333333336,0.8903648112154743,87.17501743618985
GA,349.41,333530.7599668012,0.07672555555555559,0.8889356773703679,51.239450670357506
