algorithm,makespan,energy,cost,reliability,load_balance
HEFT,491.93,1643387.7924298171,0.0555913888888889,0.6891686933381759,69.95010142139958
GA,523.8500000000001,1692354.8574782864,0.0616641666666667,0.6752326370536642,28.670288198272857
