algorithm,makespan,energy,cost,reliability,load_balance
HEFT,293.38,288185.3486263549,0.028576666666666667,0.9218912615150341,85.91196044013118
GA,302.94,274618.4087278009,0.04143194444444445,0.9204822145552616,58.62721336262424
