algorithm,makespan,energy,cost,reliability,load_balance
HEFT,70.61,1735.6400000000003,0.07082055555555557,0.9913593468859896,10.167263069938407
GA,84.94,1735.6400000000003,0.05322722222222223,0.9913593468859896,20.141055541687315
