algorithm,makespan,energy,cost,reliability,load_balance
HEFT,481.27,206304.88673717453,0.04468472222222222,0.9257035833073702,40.47846423305443
GA,490.56999999999994,207083.83292904173,0.04709972222222222,0.9253592856177206,57.29143333285819
