algorithm,makespan,energy,cost,reliability,load_balance
HEFT,418.49999999999994,3249.2599999999998,0.05996138888888889,0.9838849593443023,13.181371640816954
GA,416.97,3249.26,0.0635263888888889,0.9838849593443023,10.846054198032869
