algorithm,makespan,energy,cost,reliability,load_balance
HEFT,238.19,72395.47340358538,0.008559166666666666,0.9783842426125061,108.37250831430143
GA,239.19,61359.42443245956,0.008559166666666666,0.9783451080254986,53.559533465107776
