algorithm,makespan,energy,cost,reliability,load_balance
HEFT,128.65,3177.6399999999985,0.09320500000000001,0.9842373516403183,14.56546594975023
GA,134.32,3177.64,0.0968438888888889,0.9842373516403183,22.51281290732013
