algorithm,makespan,energy,cost,reliability,load_balance
HEFT,435.43,416202.0650391567,0.04847083333333334,0.8817382815021944,107.12498761571301
GA,470.8,409665.78882752766,0.07666333333333333,0.876762441137321,46.29433786472524
