algorithm,makespan,energy,cost,reliability,load_balance
HEFT,346.04999999999995,186270.97445455857,0.027387777777777775,0.9406986830249022,105.68308527148513
GA,357.04999999999995,175999.83646548103,0.03165722222222222,0.9398712323155506,66.61478877793257
