algorithm,makespan,energy,cost,reliability,load_balance
HEFT,125.07,1713.58,0.0792263888888889,0.9914686998526564,14.286850535169943
GA,137.39000000000001,1713.5800000000002,0.05796805555555555,0.9914686998526564,38.954233746612374
