algorithm,makespan,energy,cost,reliability,load_balance
HEFT,227.98999999999998,206538.15399798236,0.011597222222222224,0.9533103238016676,57.75277179134637
GA,228.98999999999998,195148.4813747325,0.007872500000000001,0.9531578063515806,38.60834965284928
