algorithm,makespan,energy,cost,reliability,load_balance
HEFT,222.02,111237.16606612017,0.007047500000000001,0.9724758856925501,77.22984155613499
GA,223.02,102563.6628553493,0.008302777777777779,0.9723980907335344,55.72855614173811
