algorithm,makespan,energy,cost,reliability,load_balance
HEFT,544.52,516850.2636817748,0.06048416666666667,0.8549304144206192,129.88368051837764
GA,592.06,517127.68550484756,0.12171694444444447,0.8484521411199851,67.39711683991632
