algorithm,makespan,energy,cost,reliability,load_balance
HEFT,132.41,3669.880000000001,0.1360872222222222,0.9818179252378992,11.859989249573541
GA,161.19,3669.88,0.12360333333333333,0.9818179252378992,37.160124125196354
