algorithm,makespan,energy,cost,reliability,load_balance
HEFT,211.54000000000002,701070.4418549684,0.010600833333333335,0.8614936447501339,27.9561664119276
GA,217.54000000000002,706309.2103061506,0.009515277777777779,0.8581918526523624,17.957073836481523
