algorithm,makespan,energy,cost,reliability,load_balance
HEFT,642.16,416520.171016569,0.10193194444444445,0.8482417510784309,58.35653439969561
GA,638.01,414453.45549442794,0.10959277777777778,0.8485234140932622,45.69741935508268
