algorithm,makespan,energy,cost,reliability,load_balance
HEFT,60.24,2232.1400000000012,0.09489305555555558,0.9889013495588741,11.0198780024788
GA,72.35000000000001,2232.140000000001,0.08300916666666666,0.9889013495588741,22.052394535240456
