algorithm,makespan,energy,cost,reliability,load_balance
HEFT,268.84,508394.1697664038,0.040662222222222225,0.8722855875797924,71.91880465429908
GA,289.63,498668.1382453474,0.04535083333333334,0.8665017068563228,40.99485819449919
