algorithm,makespan,energy,cost,reliability,load_balance
HEFT,429.12,739919.4989746457,0.029205000000000002,0.8421502807204263,81.44283440430135
GA,457.12,742915.7511813091,0.024171666666666668,0.834638318053882,30.826989300851917
