algorithm,makespan,energy,cost,reliability,load_balance
HEFT,246.27,816239.0646851017,0.011206111111111111,0.8405073343471788,32.57318963862961
GA,247.27,812015.04735714,0.011439166666666669,0.8399695817523826,27.822618993879274
