algorithm,makespan,energy,cost,reliability,load_balance
HEFT,341.48999999999995,130998.20015227384,0.027018055555555552,0.9524896863680083,86.65880696732442
GA,370.48999999999995,126903.39714972062,0.030858055555555555,0.9513854389191647,36.75617351774621
