algorithm,makespan,energy,cost,reliability,load_balance
HEFT,246.95,1830.1399999999999,0.042481388888888895,0.9908910402407436,12.449563245351218
GA,242.59999999999997,1830.1399999999999,0.04578861111111111,0.9908910402407436,26.38321104414699
