algorithm,makespan,energy,cost,reliability,load_balance
HEFT,274.7,914059.0744448489,0.016375555555555556,0.8202592747347799,38.07456555806666
GA,280.7,913995.0216957605,0.015504722222222222,0.8171155189938668,24.99406868478285
