algorithm,makespan,energy,cost,reliability,load_balance
HEFT,202.32,58952.636071569796,0.009501666666666667,0.9785130064513087,52.86896529786324
GA,202.32,63966.26121984975,0.009830555555555556,0.9785130064513087,78.5895431445346
