algorithm,makespan,energy,cost,reliability,load_balance
HEFT,630.13,2128405.3738434925,0.11437611111111114,0.5954244300016174,95.62526409082736
GA,697.13,2262386.1315393103,0.23227055555555562,0.5704322911907134,37.89925198067166
