algorithm,makespan,energy,cost,reliability,load_balance
HEFT,108.76,4590.54,0.21102861111111107,0.9773087093819866,14.15079713573101
GA,117.55000000000001,4590.54,0.18478083333333334,0.9773087093819866,35.31724336540795
