algorithm,makespan,energy,cost,reliability,load_balance
HEFT,495.8299999999999,885576.0009277372,0.08132555555555555,0.7729680219565788,92.72564416974168
GA,523.8299999999999,894531.2205868314,0.14493861111111112,0.7660731635728671,58.08867667335252
