algorithm,makespan,energy,cost,reliability,load_balance
HEFT,362.43,187576.60665507824,0.022274722222222224,0.9473134954272725,122.51616615631937
GA,365.43,172233.0178967244,0.022961111111111116,0.9470861674688161,80.97122821233656
