algorithm,makespan,energy,cost,reliability,load_balance
HEFT,73.99,1044.54,0.03428944444444444,0.9947909145857008,7.4733353378146035
GA,78.48,1044.54,0.030574444444444446,0.9947909145857008,10.684594968591798
