algorithm,makespan,energy,cost,reliability,load_balance
HEFT,485.53,3597.419999999999,0.0766925,0.9821737023173392,23.92413199400693
GA,459.93,3597.42,0.08167555555555556,0.9821737023173392,10.962303209940236
