algorithm,makespan,energy,cost,reliability,load_balance
HEFT,828.8800000000002,271109.6846829457,0.07638500000000002,0.8979220665725273,42.70875788406866
GA,622.2700000000001,265231.49292107933,0.06044027777777779,0.905373602524569,52.90990329481501
