algorithm,makespan,energy,cost,reliability,load_balance
HEFT,261.59,136496.23976451697,0.015453055555555553,0.9599481561393838,86.39857505438715
GA,264.59,125061.53512982347,0.018205,0.9597177962262057,53.15561870583391
