algorithm,makespan,energy,cost,reliability,load_balance
HEFT,289.86,154904.57731318567,0.018645555555555558,0.9545966344780441,100.42720103210513
GA,293.86,141233.66167562787,0.021133611111111113,0.9542912124251459,62.43015451572375
