algorithm,makespan,energy,cost,reliability,load_balance
HEFT,247.34,127520.47663135765,0.011178333333333335,0.9667892010520472,88.97468138063611
GA,244.98,113720.41142134051,0.00971361111111111,0.9669717480851036,57.626971968118234
