algorithm,makespan,energy,cost,reliability,load_balance
HEFT,467.87,474752.65631478827,0.08321555555555554,0.8515526063407677,110.21469331680176
GA,511.87,474564.33381522656,0.14380472222222224,0.8455787287142648,54.93505362016132
