algorithm,makespan,energy,cost,reliability,load_balance
HEFT,157.14,4317.099999999999,0.1506647222222222,0.9786457996761005,12.614384101096647
GA,193.82999999999998,4317.100000000001,0.14648444444444447,0.9786457996761007,36.0001023088824
