algorithm,makespan,energy,cost,reliability,load_balance
HEFT,558.47,549008.2886278582,0.09588916666666666,0.8257985676760378,104.60664581939014
GA,539.63,514470.5837888923,0.14045388888888885,0.828291610504817,51.533102011393275
