algorithm,makespan,energy,cost,reliability,load_balance
HEFT,172.88,4973.0199999999995,0.19570777777777776,0.9754414902102141,12.106224139535277
GA,191.2,4973.019999999999,0.18737972222222224,0.9754414902102141,36.93702509564985
