algorithm,makespan,energy,cost,reliability,load_balance
HEFT,492.30999999999983,508831.6223111453,0.08966527777777777,0.8418720802289282,122.64341965633537
GA,522.1299999999999,496141.0203589143,0.13210833333333333,0.8378649072732639,67.86676613041172
