algorithm,makespan,energy,cost,reliability,load_balance
HEFT,169.14000000000001,4620.139999999999,0.1947583333333333,0.977164078395955,13.380111842457326
GA,185.33,4620.139999999999,0.16234305555555553,0.977164078395955,26.2119083544738
