algorithm,makespan,energy,cost,reliability,load_balance
HEFT,215.62999999999997,65268.84955711172,0.009486944444444444,0.9815083086933749,103.27573363735225
GA,215.62999999999997,64981.8305894356,0.006971944444444444,0.9815083086933749,102.27207581577026
