algorithm,makespan,energy,cost,reliability,load_balance
HEFT,538.37,549332.3216746846,0.08470916666666668,0.8288878636538899,125.4387712790587
GA,580.0600000000001,540422.417749888,0.15674805555555554,0.8233772494810943,51.85773018557602
