algorithm,makespan,energy,cost,reliability,load_balance
HEFT,170.97,4874.919999999998,0.17214055555555555,0.9759200616212058,10.877357445629885
GA,196.15000000000003,4874.919999999998,0.16911444444444446,0.9759200616212058,31.23275244034698
