algorithm,makespan,energy,cost,reliability,load_balance
HEFT,485.2300000000001,1664852.4697978275,0.09203361111111114,0.654912526233692,81.64699698438064
GA,531.54,1745851.4226963161,0.17111222222222225,0.6357867948924875,42.67556416598286
