algorithm,makespan,energy,cost,reliability,load_balance
HEFT,644.3399999999999,631625.7999192971,0.11112666666666668,0.8055754598464414,128.76795263832793
GA,617.81,587748.2385199333,0.18199805555555557,0.8090022343993147,72.08615844945548
