algorithm,makespan,energy,cost,reliability,load_balance
HEFT,203.26,5715.1799999999985,0.24394527777777775,0.9718285295614123,10.617158106103533
GA,213.37,5715.18,0.21129333333333333,0.9718285295614123,30.013298712126485
