algorithm,makespan,energy,cost,reliability,load_balance
HEFT,573.3,574670.5908599336,0.0975238888888889,0.8181198804499097,115.74256323842148
GA,648.78,599214.5955793952,0.15106583333333334,0.808299031853062,61.10225460924771
