algorithm,makespan,energy,cost,reliability,load_balance
HEFT,372.35999999999996,1248127.3749597163,0.039915555555555565,0.7512493938412005,54.69072191053285
GA,389.54,1266101.768496175,0.056341666666666665,0.7430345014594516,29.28278127105166
