algorithm,makespan,energy,cost,reliability,load_balance
HEFT,464.47999999999996,1573231.1734197382,0.0635488888888889,0.6915390901320002,74.91697201838693
GA,487.51,1581344.740805317,0.08617500000000003,0.6814211058437034,29.244959156858286
