algorithm,makespan,energy,cost,reliability,load_balance
HEFT,1181.6900000000007,433857.43588419986,0.11317000000000005,0.8443515015967457,62.01382016669107
GA,999.09,432323.4669449199,0.10127972222222223,0.8505412223068163,11.67032525967753
