algorithm,makespan,energy,cost,reliability,load_balance
HEFT,428.37,139539.4133342671,0.035311944444444444,0.946470004312266,46.6433842218451
GA,342.72,135363.24722805788,0.030446111111111115,0.9497181714802924,39.943580523032736
