algorithm,makespan,energy,cost,reliability,load_balance
HEFT,91.16,3561.2400000000007,0.14926972222222223,0.9823513936117814,12.087492852851742
GA,93.97999999999999,3561.2400000000002,0.14690611111111113,0.9823513936117814,26.181866408432995
