algorithm,makespan,energy,cost,reliability,load_balance
HEFT,437.74,781643.3854114313,0.0686013888888889,0.8103025358503431,91.45064025100395
GA,464.74,791924.7708180919,0.09151194444444445,0.8033316794046913,64.31120713848303
