algorithm,makespan,energy,cost,reliability,load_balance
HEFT,461.71,464214.344675229,0.08123083333333336,0.8480022414282807,87.34982175139226
GA,493.02,469163.1215366516,0.11566777777777779,0.843764712424385,54.80454421548151
