algorithm,makespan,energy,cost,reliability,load_balance
HEFT,332.27000000000004,122608.94236614801,0.02503527777777778,0.9546527664104141,71.23469519833716
GA,329.25,119869.36127562643,0.028296388888888892,0.954768095430329,46.53266021480686
