algorithm,makespan,energy,cost,reliability,load_balance
HEFT,222.76000000000002,1716.9999999999998,0.03726277777777778,0.9914517458828458,6.127851717091947
GA,221.58,1716.9999999999995,0.040044444444444445,0.9914517458828458,5.701979188550822
