algorithm,makespan,energy,cost,reliability,load_balance
HEFT,376.9,683912.523879013,0.06184583333333334,0.8238605490373115,80.38411149315738
GA,396.9,673760.5368858654,0.07301333333333333,0.8186046782500188,39.83151418763588
