algorithm,makespan,energy,cost,reliability,load_balance
HEFT,515.5399999999998,1709017.6790549713,0.0305775,0.6918985072117041,67.99675562332085
GA,544.5399999999998,1756854.4494068392,0.05230722222222221,0.6791753074434761,31.78185542141581
