algorithm,makespan,energy,cost,reliability,load_balance
HEFT,643.69,184869.3979555376,0.050842500000000006,0.9294193896529281,56.422561902723515
GA,505.21000000000004,176256.44221214938,0.04356972222222223,0.9345819144647869,97.0037876837807
