algorithm,makespan,energy,cost,reliability,load_balance
HEFT,622.83,1071773.5480628742,0.08843694444444444,0.7528852900784115,103.0302717788446
GA,573.7200000000001,949074.592867601,0.1505863888888889,0.764810491020888,35.45876150317028
