algorithm,makespan,energy,cost,reliability,load_balance
HEFT,388.09,3007.2799999999997,0.06757527777777778,0.9850760821810701,8.95719077985206
GA,385.2900000000001,3007.2799999999997,0.07014194444444444,0.9850760821810701,7.7783760087394676
