algorithm,makespan,energy,cost,reliability,load_balance
HEFT,594.21,207208.59043099242,0.05601222222222221,0.9218355809644081,45.90952878579056
GA,488.93000000000006,205728.43212729838,0.04523444444444445,0.9257258004599743,54.78099092446817
