algorithm,makespan,energy,cost,reliability,load_balance
HEFT,298.61,521951.72830782627,0.021410833333333334,0.8867420062759942,62.22989806196391
GA,301.61,496225.09104472655,0.017118333333333336,0.8858911424299619,30.74517942643545
