algorithm,makespan,energy,cost,reliability,load_balance
HEFT,371.25,1268400.1816835017,0.05731861111111112,0.7404612323404507,64.22566467813482
GA,401.25,1309952.6020436136,0.06380694444444443,0.7263799891869201,32.24905791928731
