algorithm,makespan,energy,cost,reliability,load_balance
HEFT,742.8800000000001,256779.31560951972,0.07499972222222223,0.9036380372898304,29.12714312572843
GA,564.7200000000001,255555.39435472447,0.05423527777777779,0.9101007238927604,36.87567671695442
