algorithm,makespan,energy,cost,reliability,load_balance
HEFT,370.01000000000005,135676.59047052782,0.03028527777777778,0.9503505143155799,90.00879531097691
GA,378.00000000000006,135018.8643915344,0.03350027777777779,0.9500468308224119,83.07808555810612
