algorithm,makespan,energy,cost,reliability,load_balance
HEFT,758.36,245970.27319478875,0.07520638888888889,0.906892643736436,42.35379951472282
GA,579.2900000000001,242527.04189611424,0.058434166666666676,0.9134118543933376,89.52139632512446
