algorithm,makespan,energy,cost,reliability,load_balance
HEFT,460.49,3606.4999999999995,0.08715472222222223,0.9821291126434473,11.914563567332188
GA,459.15,3606.5,0.09245083333333334,0.9821291126434473,10.571333485737055
