algorithm,makespan,energy,cost,reliability,load_balance
HEFT,251.38,156600.9305434004,0.03159555555555556,0.9421639264117845,52.3906894672817
GA,283.97,160194.20213402825,0.042905000000000006,0.9397107160175532,39.03354052240568
