algorithm,makespan,energy,cost,reliability,load_balance
HEFT,173.6,2321.32,0.07324361111111112,0.9884604967425457,16.854992265964224
GA,157.17,2321.32,0.06361722222222223,0.9884604967425457,17.963671872500264
