algorithm,makespan,energy,cost,reliability,load_balance
HEFT,340.72,1163274.025064569,0.04476916666666668,0.7598814839751198,58.74532477091668
GA,353.72,1155542.1538505033,0.06417305555555555,0.7535854976501238,28.840898785543015
