algorithm,makespan,energy,cost,reliability,load_balance
HEFT,543.4,373760.2776959883,0.09691,0.8638266213921052,56.668828607218316
GA,529.4800000000001,371877.5877086954,0.09570250000000001,0.8647891145344031,53.74749661944399
