algorithm,makespan,energy,cost,reliability,load_balance
HEFT,524.13,1760745.1846106881,0.0796841666666667,0.6547367712990175,75.8068783955544
GA,499.75,1630025.028774387,0.14455972222222224,0.6650328772996709,35.25138366324946
