algorithm,makespan,energy,cost,reliability,load_balance
HEFT,451.58000000000004,440896.2330926968,0.06318194444444444,0.866410209107245,103.88763664010587
GA,464.58000000000004,428526.82254939945,0.09054972222222223,0.8646099487920834,66.5630921256918
