algorithm,makespan,energy,cost,reliability,load_balance
HEFT,137.88000000000002,3552.020000000001,0.10647111111111113,0.9823966810548944,11.899632189693936
GA,156.89000000000001,3552.0200000000004,0.11487666666666668,0.9823966810548944,33.058890376367245
