algorithm,makespan,energy,cost,reliability,load_balance
HEFT,458.98,145922.3840036603,0.034395,0.9451530565500661,86.06131355996527
GA,393.61,138029.5388582607,0.03317305555555556,0.9476276766707274,49.09438350429374
