algorithm,makespan,energy,cost,reliability,load_balance
HEFT,242.36,811281.6215134511,0.01853388888888889,0.8362681196763769,35.881439098795845
GA,244.36,803758.50126862,0.01748027777777778,0.8351983812618314,27.54596422012612
