algorithm,makespan,energy,cost,reliability,load_balance
HEFT,116.22,2998.3199999999993,0.10107111111111111,0.9851202145781102,10.447726706481813
GA,125.08000000000001,2998.3199999999997,0.10613999999999998,0.9851202145781102,22.180874193773338
