algorithm,makespan,energy,cost,reliability,load_balance
HEFT,384.74,375839.83292613196,0.05061805555555556,0.8867146950427962,92.13432523585695
GA,408.14000000000004,370949.2067917872,0.06791305555555556,0.8834010422533475,55.91051880758516
