algorithm,makespan,energy,cost,reliability,load_balance
HEFT,481.62,3728.880000000001,0.07584277777777779,0.9815283316671058,12.818145991783195
GA,475.03999999999996,3728.8800000000006,0.07364472222222224,0.9815283316671058,10.114026563804012
