algorithm,makespan,energy,cost,reliability,load_balance
HEFT,679.4700000000001,250762.80901290712,0.059655555555555566,0.9071193952401271,52.42393918812285
GA,627.73,250216.82866837652,0.06159527777777778,0.9089987135883446,58.71372468739039
