algorithm,makespan,energy,cost,reliability,load_balance
HEFT,44.46,625.16,0.008682777777777779,0.996879080226625,15.688391318979123
GA,44.46,625.16,0.008682777777777777,0.996879080226625,16.32816158932465
