algorithm,makespan,energy,cost,reliability,load_balance
HEFT,159.61,274841.25637491385,0.009376944444444445,0.9390400020397006,30.235001278626516
GA,159.61,273734.11722323165,0.008209722222222222,0.9390400020397006,29.277156994376792
