algorithm,makespan,energy,cost,reliability,load_balance
HEFT,576.9399999999999,564710.4190383749,0.0854702777777778,0.828989325737754,126.7168701147036
GA,640.98,576872.9899216825,0.15014694444444443,0.8205385385198992,61.36932044325296
