algorithm,makespan,energy,cost,reliability,load_balance
HEFT,374.95,653250.8182424323,0.034326944444444445,0.8540567802428082,74.50824578474085
GA,386.95,641130.5234784855,0.04884055555555556,0.8507834909443458,42.99349425185014
