algorithm,makespan,energy,cost,reliability,load_balance
HEFT,512.77,1702898.0763110167,0.06087638888888889,0.6797164180999867,67.30009362224172
GA,539.4200000000001,1744505.6123058097,0.09147222222222222,0.6682214823468616,32.44045580738766
