algorithm,makespan,energy,cost,reliability,load_balance
HEFT,64.19,570.9,0.01896388888888889,0.9971495702113978,13.622062396295629
GA,45.71,570.9000000000001,0.009615555555555558,0.9971495702113978,10.435204751910032
