algorithm,makespan,energy,cost,reliability,load_balance
HEFT,192.8,97584.5520746888,0.00982388888888889,0.9731517967222297,63.91260813463513
GA,192.8,92192.99242738589,0.009076388888888889,0.9731517967222297,50.98854682321175
