algorithm,makespan,energy,cost,reliability,load_balance
HEFT,95.37,568.2199999999999,0.018410277777777782,0.9971629321051632,18.18452524355072
GA,77.03999999999999,568.2199999999999,0.014785833333333335,0.9971629321051632,5.448518911900123
