algorithm,makespan,energy,cost,reliability,load_balance
HEFT,220.26,71941.50862616906,0.011495,0.977617098925689,102.56297979778083
GA,220.26,69988.4086534096,0.013978611111111112,0.977617098925689,95.31630933371265
