algorithm,makespan,energy,cost,reliability,load_balance
HEFT,472.74000000000007,292842.91316579946,0.0643352777777778,0.8929131136355072,80.84243818997545
GA,482.0,289243.7308506224,0.07618638888888889,0.8922518885489372,53.65781009255383
