algorithm,makespan,energy,cost,reliability,load_balance
HEFT,381.15,1287591.5023219204,0.051645277777777776,0.732319195969327,58.31148320686691
GA,405.03999999999985,1321361.2095348602,0.06725527777777779,0.7212074916142355,30.230419991001465
