algorithm,makespan,energy,cost,reliability,load_balance
HEFT,182.07999999999998,312444.8299648506,0.007834166666666666,0.9332639626326306,34.15841838806641
GA,191.07999999999998,315537.64370944106,0.007501111111111112,0.930580029139613,23.046563770178476
