algorithm,makespan,energy,cost,reliability,load_balance
HEFT,1093.6799999999998,423052.09394886985,0.11089777777777778,0.8493516374777269,25.660878622265884
GA,911.4799999999999,428207.1225150305,0.09646194444444445,0.8555643237415608,54.288996045853224
