algorithm,makespan,energy,cost,reliability,load_balance
HEFT,779.3000000000001,6145.5800000000045,0.11523500000000003,0.9697394032719303,10.617376873157843
GA,784.5699999999999,6145.580000000003,0.12303777777777779,0.9697394032719303,22.492056931281315
