algorithm,makespan,energy,cost,reliability,load_balance
HEFT,561.02,1892834.9970232793,0.09470027777777777,0.6337628805145282,85.02620934611193
GA,601.7,1956984.6388067147,0.15588638888888887,0.6174756774504329,39.41376553774185
