algorithm,makespan,energy,cost,reliability,load_balance
HEFT,857.9799999999999,291825.2723490058,0.08748,0.8909922051306898,35.79530171684557
GA,669.42,289094.54021391657,0.06651694444444445,0.8977378318675938,61.4035782752113
