algorithm,makespan,energy,cost,reliability,load_balance
HEFT,571.9499999999999,190104.81800856718,0.046235,0.928649777447927,90.03858284091322
GA,527.24,184474.56960776876,0.04772777777777778,0.9303120606805311,51.41213605106615
