algorithm,makespan,energy,cost,reliability,load_balance
HEFT,576.3499999999999,588198.8208380323,0.10963500000000002,0.8065740251097212,98.02517946723346
GA,561.64,567016.4358129762,0.14706,0.8084746134702537,69.5508957736467
