algorithm,makespan,energy,cost,reliability,load_balance
HEFT,557.0999999999999,576648.1881529348,0.1179672222222222,0.8093440291250891,98.13075471023343
GA,595.92,583431.1089407974,0.15993138888888894,0.8043326110626056,58.1024338560787
