algorithm,makespan,energy,cost,reliability,load_balance
HEFT,208.05,5675.38,0.22271500000000005,0.9720219426827623,11.879256412615511
GA,226.57,5675.380000000003,0.23968888888888892,0.9720219426827623,47.95935542640943
