algorithm,makespan,energy,cost,reliability,load_balance
HEFT,450.27,473878.30641615036,0.08391333333333333,0.8416966523676266,89.022301454467
GA,507.89,496903.3542105575,0.12478527777777776,0.8339725423559092,66.92867554033424
