algorithm,makespan,energy,cost,reliability,load_balance
HEFT,419.98999999999995,221483.54891783133,0.02833888888888889,0.9322659042490719,131.11799151227984
GA,423.01,209944.76350440885,0.039084999999999995,0.9320406960128557,98.58907566800406
