algorithm,makespan,energy,cost,reliability,load_balance
HEFT,144.71,1979.7,0.05213555555555556,0.9901503289073366,11.589284998899387
GA,140.48000000000002,1979.7,0.05551722222222223,0.9901503289073366,16.974884335814657
