algorithm,makespan,energy,cost,reliability,load_balance
HEFT,460.59,866078.8241603161,0.09382277777777778,0.7668488220313839,101.99222715481802
GA,509.59,881322.3058537253,0.1968469444444444,0.7549184113572324,45.4055590599696
