algorithm,makespan,energy,cost,reliability,load_balance
HEFT,49.42,625.74,0.008690833333333333,0.9968761892814841,18.584501775673193
GA,49.42,625.7400000000001,0.008690833333333335,0.9968761892814841,19.042528532646777
