algorithm,makespan,energy,cost,reliability,load_balance
HEFT,242.91,223499.66501996625,0.012418333333333335,0.9469497968796187,63.927787251841174
GA,242.91,221070.5996047919,0.010863611111111112,0.9469497968796187,60.773342261087905
