algorithm,makespan,energy,cost,reliability,load_balance
HEFT,113.53,5457.280000000001,0.22099944444444447,0.9730825107809119,12.297280842894997
GA,133.03,5457.28,0.18645999999999996,0.9730825107809119,31.774090378086967
