algorithm,makespan,energy,cost,reliability,load_balance
HEFT,594.8700000000001,1055838.7533746872,0.10336833333333334,0.7418780517967823,112.1972872116848
GA,628.84,1057099.7597799122,0.20669888888888896,0.7338572144597217,54.39474802313178
