algorithm,makespan,energy,cost,reliability,load_balance
HEFT,971.6800000000001,350637.36171373294,0.09604694444444445,0.871702746700175,39.29006012975804
GA,885.0799999999999,350666.7984024043,0.08843,0.8747275609684209,87.23634845445262
