algorithm,makespan,energy,cost,reliability,load_balance
HEFT,647.0900000000001,5019.639999999999,0.09913333333333335,0.9752141412973914,13.554080566383055
GA,644.1800000000001,5019.6399999999985,0.1018236111111111,0.9752141412973914,19.107573542097608
