algorithm,makespan,energy,cost,reliability,load_balance
HEFT,1041.3,392823.15332757134,0.09972083333333334,0.8585671361613392,27.69648112426296
GA,912.8900000000002,394546.8908630832,0.08982083333333336,0.8629884254342057,71.85164669882889
