algorithm,makespan,energy,cost,reliability,load_balance
HEFT,81.99000000000001,1827.8599999999994,0.0576713888888889,0.9909023364629908,13.126172058778854
GA,89.77000000000001,1827.8599999999997,0.05007583333333333,0.9909023364629908,29.43698477963847
