algorithm,makespan,energy,cost,reliability,load_balance
HEFT,379.21000000000004,362861.95390416926,0.03169722222222223,0.9053095043426126,105.44705518252596
GA,399.21000000000004,344546.6451241202,0.04470500000000001,0.9024171441731343,52.72246093143479
