algorithm,makespan,energy,cost,reliability,load_balance
HEFT,600.2299999999999,271534.40299551835,0.06121194444444443,0.9046477839874818,25.90409411013379
GA,568.0699999999999,273893.067667717,0.058175833333333336,0.905812271734737,32.82034265004963
