algorithm,makespan,energy,cost,reliability,load_balance
HEFT,567.4399999999999,4368.16,0.09304055555555554,0.9783959832938613,15.59646327430248
GA,552.5899999999999,4368.159999999997,0.08397083333333336,0.9783959832938613,5.808287182982564
