algorithm,makespan,energy,cost,reliability,load_balance
HEFT,506.5200000000001,923655.1186330254,0.09905583333333336,0.7580081055948801,100.85283912901544
GA,559.5200000000001,963539.460162282,0.1860386111111111,0.7452606917491473,63.24716252002676
