algorithm,makespan,energy,cost,reliability,load_balance
HEFT,702.8200000000002,5541.379999999998,0.11367916666666669,0.9726734156034176,7.59152762404692
GA,705.4399999999999,5541.379999999998,0.10518972222222223,0.9726734156034177,10.70648829760095
