algorithm,makespan,energy,cost,reliability,load_balance
HEFT,969.3500000000001,429811.01633053075,0.10135861111111111,0.8523745807520609,19.422308479340607
GA,892.4600000000002,435104.73354548105,0.09549805555555557,0.855000179588816,37.43188569477453
