algorithm,makespan,energy,cost,reliability,load_balance
HEFT,182.92000000000002,55502.5156899191,0.007000833333333334,0.9829333143968161,80.20878521084833
GA,181.27,48997.70127434215,0.008459444444444445,0.9829981901364421,50.97419633173894
