algorithm,makespan,energy,cost,reliability,load_balance
HEFT,634.55,2119821.066819005,0.08405305555555556,0.60852407672476,87.85217567938874
GA,642.9000000000001,2090013.964831234,0.11543166666666667,0.6052807978185307,45.473673006274176
