algorithm,makespan,energy,cost,reliability,load_balance
HEFT,470.27000000000004,830734.203946669,0.06931083333333335,0.7955986729421525,89.5999895452678
GA,502.27000000000004,840686.512413642,0.12272083333333338,0.7874933128007428,46.40454195021077
