algorithm,makespan,energy,cost,reliability,load_balance
HEFT,87.9,4175.0999999999985,0.22145416666666667,0.9793408849199329,9.5522977676122
GA,116.02,4175.099999999999,0.18029083333333334,0.9793408849199328,34.248120255398334
