algorithm,makespan,energy,cost,reliability,load_balance
HEFT,186.87,5057.4000000000015,0.20590722222222227,0.9750300382473892,14.234051601704978
GA,199.9,5057.400000000001,0.20976305555555555,0.9750300382473892,32.517908066171785
