algorithm,makespan,energy,cost,reliability,load_balance
HEFT,498.39,500447.9360340295,0.08701027777777777,0.8323412217020713,75.89693554419702
GA,535.7899999999998,517546.00671905023,0.13340472222222222,0.8273753644943864,60.96764025557601
