algorithm,makespan,energy,cost,reliability,load_balance
HEFT,768.9799999999999,270622.69507659494,0.06613666666666668,0.9000775074292974,101.3137802407286
GA,732.3599999999999,266377.8449123382,0.07034472222222221,0.9013969070545524,59.335127875483664
