algorithm,makespan,energy,cost,reliability,load_balance
HEFT,64.7,2435.7800000000007,0.08960972222222222,0.987894962643278,10.687554824420785
GA,78.53999999999999,2435.7800000000007,0.07751083333333333,0.987894962643278,28.697070588878304
