algorithm,makespan,energy,cost,reliability,load_balance
HEFT,381.5,669016.4460026212,0.04104722222222223,0.8438197276771127,76.01244260876504
GA,389.9,646220.8629135676,0.058204166666666675,0.8415545859634487,37.13787622772262
