algorithm,makespan,energy,cost,reliability,load_balance
HEFT,452.4699999999999,801837.174287798,0.05995444444444444,0.8053863329328381,90.18961764721483
GA,480.8499999999999,795794.4746386604,0.08868333333333334,0.7981052484028057,29.436812739392018
