algorithm,makespan,energy,cost,reliability,load_balance
HEFT,918.1599999999999,346495.7985645204,0.08660166666666666,0.8742525379852253,41.359794789142626
GA,740.6100000000001,349576.17397820717,0.07623000000000003,0.8804835797490047,24.299539604692235
