algorithm,makespan,energy,cost,reliability,load_balance
HEFT,315.14,1066661.8071650695,0.043773333333333324,0.7767222943723234,50.09066877561026
GA,340.14,1107584.7610101723,0.05433722222222222,0.7643936299878269,25.105655531328754
