algorithm,makespan,energy,cost,reliability,load_balance
HEFT,238.19000000000003,124617.5510306898,0.013939444444444449,0.9625019373413901,76.71518675315487
GA,247.19000000000003,114928.5226748655,0.017324722222222224,0.9618091853671419,39.619853518875395
