algorithm,makespan,energy,cost,reliability,load_balance
HEFT,192.78,2910.2,0.11067277777777776,0.9855543541785841,8.180750489498417
GA,197.01,2910.2000000000003,0.10597138888888892,0.9855543541785841,14.77795341523505
