algorithm,makespan,energy,cost,reliability,load_balance
HEFT,458.75,266535.1910844687,0.06094833333333334,0.9069118700642816,113.46836801977646
GA,482.35,259601.52372758367,0.06928277777777778,0.9052012358004812,66.27153492315861
