algorithm,makespan,energy,cost,reliability,load_balance
HEFT,384.56000000000006,429216.60866964847,0.0787786111111111,0.8559346921228125,90.22781906328375
GA,436.55999999999995,437471.5164696719,0.11392138888888888,0.848842858421978,51.48477573920923
