algorithm,makespan,energy,cost,reliability,load_balance
HEFT,229.54,3389.4599999999987,0.08850972222222223,0.9831954976723515,12.42748272119959
GA,247.76,3389.4599999999996,0.1050138888888889,0.9831954976723515,36.50790381645362
