algorithm,makespan,energy,cost,reliability,load_balance
HEFT,550.3799999999999,320669.0457502089,0.08470138888888887,0.8839849865760241,94.20779054834051
GA,518.41,306207.9514669855,0.08378138888888889,0.8862487602574697,55.18406472886897
