algorithm,makespan,energy,cost,reliability,load_balance
HEFT,553.77,992978.8090181844,0.08931138888888887,0.753001243341256,109.3656047351851
GA,622.77,1042651.2192783853,0.22371444444444444,0.7365571863480498,46.27616542227236
