algorithm,makespan,energy,cost,reliability,load_balance
HEFT,483.46,1653008.7662681504,0.08282722222222225,0.6700562599820201,82.74360034717306
GA,514.44,1676796.837065547,0.1418977777777778,0.6569017598924464,34.853215401301554
