algorithm,makespan,energy,cost,reliability,load_balance
HEFT,368.41999999999996,5522.24,0.15451333333333334,0.9727665049035429,14.557005186507272
GA,361.8900000000001,5522.24,0.13583305555555555,0.9727665049035429,14.806243856659192
