algorithm,makespan,energy,cost,reliability,load_balance
HEFT,686.0999999999999,413725.54349220236,0.1215713888888889,0.8481640556925351,44.523906559927354
GA,601.21,398899.60175313114,0.11105861111111114,0.8539437106104788,39.00361372909659
