algorithm,makespan,energy,cost,reliability,load_balance
HEFT,675.5100000000002,262963.7730455508,0.058727777777777795,0.9041246870034545,66.98227147288061
GA,655.6400000000001,262702.51117991586,0.0616538888888889,0.9048435709513221,64.2804689751613
