algorithm,makespan,energy,cost,reliability,load_balance
HEFT,422.12,3157.94,0.08943361111111112,0.98433430379427,18.33359461935021
GA,398.7,3157.9400000000005,0.07737944444444446,0.98433430379427,3.9145657485856598
