algorithm,makespan,energy,cost,reliability,load_balance
HEFT,351.01,5331.340000000002,0.14534444444444444,0.9736954538028073,8.931362777954352
GA,362.2300000000001,5331.34,0.16888055555555556,0.9736954538028073,46.89500778715303
