algorithm,makespan,energy,cost,reliability,load_balance
HEFT,767.86,461875.1928346313,0.11877750000000001,0.8332409691140299,79.48292609781947
GA,747.3599999999999,458797.2624304218,0.13744222222222222,0.8346086054586466,85.17473937022474
