algorithm,makespan,energy,cost,reliability,load_balance
HEFT,94.67,628.56,0.01740638888888889,0.9968621334263094,11.006943263231623
GA,86.1,628.5600000000002,0.01681138888888889,0.9968621334263094,6.7397477697611174
