algorithm,makespan,energy,cost,reliability,load_balance
HEFT,217.69,66666.92457163858,0.008567500000000002,0.979175096542498,94.10471060650117
GA,223.69,62946.08623541508,0.009658333333333335,0.9789401227173147,75.16072084761649
