algorithm,makespan,energy,cost,reliability,load_balance
HEFT,497.44000000000005,855408.9814449984,0.04638333333333334,0.817567345326059,91.78368673520173
GA,515.44,840176.379889027,0.035946111111111116,0.8128716938756878,38.05804347685638
