algorithm,makespan,energy,cost,reliability,load_balance
HEFT,254.14999999999998,865156.6372614597,0.026219166666666672,0.8206074666520758,43.615267200104455
GA,271.15,886203.1125207449,0.03256305555555555,0.8117276512059906,24.63231603511875
