algorithm,makespan,energy,cost,reliability,load_balance
HEFT,126.36,3627.4799999999996,0.13505694444444447,0.9820260927030213,7.995938865032257
GA,146.21999999999997,3627.479999999998,0.11430805555555557,0.9820260927030213,34.91535934704572
