algorithm,makespan,energy,cost,reliability,load_balance
HEFT,448.31999999999994,438291.204050678,0.062077222222222214,0.8651717818784483,99.4346097694359
GA,470.36,431156.85636533727,0.09598611111111112,0.8621262132096051,57.369696007561345
