algorithm,makespan,energy,cost,reliability,load_balance
HEFT,586.1799999999998,1039217.3500290014,0.09651222222222222,0.7422811494259229,107.11893238735367
GA,633.1799999999998,1058774.2184844748,0.1795816666666667,0.7312007742258242,40.56537938733852
