algorithm,makespan,energy,cost,reliability,load_balance
HEFT,126.86,6311.48,0.24735388888888882,0.968935337969105,13.047124621428921
GA,135.76000000000002,6311.479999999999,0.22922444444444445,0.968935337969105,33.9529762520308
