algorithm,makespan,energy,cost,reliability,load_balance
HEFT,570.3599999999999,559737.5380286134,0.07176388888888889,0.8364226763054857,139.49772150917016
GA,637.4699999999999,564683.0758623934,0.1354516666666667,0.8274895501733173,58.08076330636503
