algorithm,makespan,energy,cost,reliability,load_balance
HEFT,159.85000000000002,4379.0599999999995,0.19907249999999999,0.9783426621657858,12.365581247290137
GA,171.86,4379.0599999999995,0.1734102777777778,0.9783426621657858,30.519790512332595
