algorithm,makespan,energy,cost,reliability,load_balance
HEFT,996.38,325098.8741845481,0.09797083333333334,0.8791652510915985,77.54917944977461
GA,808.26,314811.4776433326,0.08057083333333333,0.8858057466399748,27.655414780231926
