algorithm,makespan,energy,cost,reliability,load_balance
HEFT,395.39000000000004,691960.471407977,0.03363972222222222,0.850978512869129,82.48128691423425
GA,403.79,665967.0467074469,0.04168472222222223,0.8486941541800544,42.749865656032995
