algorithm,makespan,energy,cost,reliability,load_balance
HEFT,56.87,1867.6399999999996,0.025939444444444452,0.9907052655876165,13.461664431792732
GA,65.72,1867.6399999999999,0.03551,0.9907052655876165,21.74694319453775
