algorithm,makespan,energy,cost,reliability,load_balance
HEFT,222.22000000000003,200627.73454234545,0.007525277777777779,0.9546680409768729,55.49421005459339
GA,223.22000000000003,191017.30073470122,0.007525277777777778,0.9545153063094157,39.31450728314761
