algorithm,makespan,energy,cost,reliability,load_balance
HEFT,58.09,571.0,0.007930555555555557,0.9971490716367373,20.986054695122345
GA,58.09,571.0,0.015738055555555554,0.9971490716367373,22.954496110057974
