algorithm,makespan,energy,cost,reliability,load_balance
HEFT,122.88,1759.5400000000002,0.04469805555555555,0.9912408865221845,8.28756975837911
GA,128.59,1759.54,0.04763972222222223,0.9912408865221845,15.849843115492162
