algorithm,makespan,energy,cost,reliability,load_balance
HEFT,318.86,181289.26346986138,0.029099722222222225,0.9376332480349299,87.2008949720619
GA,330.86,178370.1206250378,0.04004388888888889,0.9367335520399905,69.83434295070829
