algorithm,makespan,energy,cost,reliability,load_balance
HEFT,444.82000000000005,440530.7702666247,0.05686861111111112,0.8677042050429119,109.9131100138499
GA,501.99000000000007,447062.04914440523,0.10716805555555559,0.859803331662633,46.774753085933014
