algorithm,makespan,energy,cost,reliability,load_balance
HEFT,110.13,1427.8400000000001,0.05427499999999999,0.992886223551071,13.834285566766976
GA,105.27,1427.84,0.04305138888888889,0.992886223551071,22.32755952373018
