algorithm,makespan,energy,cost,reliability,load_balance
HEFT,325.68,167899.2280766396,0.021097222222222226,0.9503303670982377,102.91487925187772
GA,326.68,158543.06299742867,0.023197500000000003,0.950254343709846,78.05230736957292
