algorithm,makespan,energy,cost,reliability,load_balance
HEFT,376.39,364202.372167167,0.039495,0.8962341249255675,97.43532193203859
GA,388.39,350093.6097736811,0.0552625,0.8945150062877161,62.12514885294038
