algorithm,makespan,energy,cost,reliability,load_balance
HEFT,398.06,712686.3648444958,0.052878888888888906,0.8281107313698033,85.84836188657808
GA,416.21,694858.0569664352,0.08331944444444443,0.8233150045139228,39.00105267267299
