algorithm,makespan,energy,cost,reliability,load_balance
HEFT,408.87,414035.1097903979,0.05933333333333333,0.8727546543855353,103.3815072438006
GA,449.87,409073.65149932215,0.08329083333333336,0.8670481217442021,41.70020239759036
