algorithm,makespan,energy,cost,reliability,load_balance
HEFT,342.03999999999996,619093.7916617938,0.04795861111111111,0.842588312744857,74.2780607126075
GA,369.03999999999996,620762.5594515499,0.08437666666666666,0.8353397087839121,34.62300363407486
