algorithm,makespan,energy,cost,reliability,load_balance
HEFT,368.12,5740.359999999999,0.15235333333333334,0.971706184051352,9.19693699010709
GA,369.50000000000006,5740.359999999999,0.14251250000000004,0.971706184051352,8.574196755381822
