algorithm,makespan,energy,cost,reliability,load_balance
HEFT,769.8699999999998,476760.81194227596,0.1269361111111111,0.8273478960882633,54.5513097754241
GA,712.5499999999998,465975.51611816697,0.13185277777777776,0.8311504945349529,38.89592815174503
