algorithm,makespan,energy,cost,reliability,load_balance
HEFT,666.1500000000001,404954.68510095327,0.09027361111111112,0.8554558450630039,117.41694937273748
GA,723.7800000000001,412455.25043521513,0.10990555555555556,0.8515209291730108,95.44145041407774
