algorithm,makespan,energy,cost,reliability,load_balance
HEFT,244.38000000000002,1803.1999999999998,0.045406111111111126,0.9910245222536758,14.869505707991788
GA,237.15,1803.1999999999996,0.04407416666666667,0.9910245222536758,14.930485591567333
