algorithm,makespan,energy,cost,reliability,load_balance
HEFT,461.77000000000004,147207.24763410358,0.03707805555555556,0.9449338064749386,92.47044068241486
GA,421.64,140341.24053695094,0.033645555555555554,0.9464518322626355,53.325206672517126
