algorithm,makespan,energy,cost,reliability,load_balance
HEFT,489.28999999999996,189039.42087514562,0.04265277777777778,0.9299552614125289,46.3796870048372
GA,497.9699999999999,189055.89726288733,0.04647277777777777,0.9296324369913289,43.98886866772845
