algorithm,makespan,energy,cost,reliability,load_balance
HEFT,486.29999999999995,481604.97474809794,0.06481416666666667,0.8589188772919767,125.07522807627949
GA,514.18,462470.1535648994,0.11183055555555557,0.8550959449716913,56.210422743473465
