algorithm,makespan,energy,cost,reliability,load_balance
HEFT,158.9,3959.4,0.1492375,0.9803976738353068,16.58488463430884
GA,173.34,3959.4,0.15907527777777777,0.9803976738353068,40.80958970225831
