algorithm,makespan,energy,cost,reliability,load_balance
HEFT,114.05000000000001,2484.5599999999995,0.09653500000000001,0.9876540444430582,16.17286760802384
GA,114.16,2484.56,0.08727416666666667,0.9876540444430582,28.45833246461687
