algorithm,makespan,energy,cost,reliability,load_balance
HEFT,364.82000000000005,351248.8737733678,0.04240000000000001,0.9013179481439452,95.11939626727033
GA,394.34000000000003,344595.49259522243,0.05925722222222223,0.8970708809805984,47.52823146562472
