algorithm,makespan,energy,cost,reliability,load_balance
HEFT,298.07,282589.67880028184,0.03303888888888889,0.9198763685315952,73.6730648993692
GA,261.48999999999995,237376.62258594975,0.03577611111111111,0.9252760070296077,39.63712113242669
