algorithm,makespan,energy,cost,reliability,load_balance
HEFT,794.72,260047.56938292735,0.0782613888888889,0.9021529551124864,62.66800938277832
GA,609.14,252655.45276947826,0.060464166666666666,0.9088747346193691,41.68891699240933
