algorithm,makespan,energy,cost,reliability,load_balance
HEFT,580.58,1016042.3300148128,0.09542000000000002,0.7512241522856276,99.90592339312151
GA,544.44,917122.9966203807,0.17349000000000006,0.7599623396664612,41.81157711262709
