algorithm,makespan,energy,cost,reliability,load_balance
HEFT,107.19999999999999,4842.820000000001,0.22554805555555554,0.976076709361741,12.270861199468147
GA,129.22,4842.82,0.20220666666666662,0.976076709361741,39.066860088280166
