algorithm,makespan,energy,cost,reliability,load_balance
HEFT,628.4200000000001,207956.54858215846,0.05712750000000001,0.9228106608770272,116.92411342404952
GA,602.47,202136.28957458463,0.05831194444444446,0.923769035653477,72.72527552371321
