algorithm,makespan,energy,cost,reliability,load_balance
HEFT,402.52,3197.8399999999992,0.0705888888888889,0.9841379486877362,2.413807504062116
GA,412.95000000000005,3197.8399999999997,0.08065555555555555,0.9841379486877362,15.07032182801681
