algorithm,makespan,energy,cost,reliability,load_balance
HEFT,475.98,519404.3286482624,0.10439944444444446,0.8244064550491041,91.53297420192355
GA,525.19,532001.1447856966,0.1421327777777778,0.8179408954017455,59.60411825466984
