algorithm,makespan,energy,cost,reliability,load_balance
HEFT,554.5799999999999,529508.0148400591,0.06278694444444445,0.852588042071323,136.7640452491687
GA,604.5799999999999,523917.37766714074,0.12508722222222224,0.8457945479431949,56.48374060662649
