algorithm,makespan,energy,cost,reliability,load_balance
HEFT,407.04999999999995,1392357.5457069154,0.07520527777777779,0.7102129672860121,69.04920028443946
GA,436.04999999999995,1429737.5613347092,0.11608416666666667,0.6971529861376482,36.67821164025018
