algorithm,makespan,energy,cost,reliability,load_balance
HEFT,549.9599999999999,356675.6130809513,0.07685833333333333,0.8720787059755466,105.42845250791784
GA,666.6,376290.49761476147,0.09872194444444445,0.8639790138487383,90.22759475546903
