algorithm,makespan,energy,cost,reliability,load_balance
HEFT,300.0,4479.9,0.1180502777777778,0.9778495061306056,13.162658152624694
GA,318.34,4479.899999999998,0.13574722222222224,0.9778495061306056,43.22048288799454
