algorithm,makespan,energy,cost,reliability,load_balance
HEFT,111.96000000000001,5341.5999999999985,0.22742222222222222,0.9736455045072376,11.313261701321183
GA,151.71,5341.599999999999,0.2161825,0.9736455045072376,41.111158441317336
