algorithm,makespan,energy,cost,reliability,load_balance
HEFT,634.9400000000002,1128255.0275616595,0.10620638888888889,0.7299255035344202,123.12712672471439
GA,689.94,1157381.9292112356,0.2073183333333333,0.7171912052104557,63.645434116446786
