algorithm,makespan,energy,cost,reliability,load_balance
HEFT,414.73,763373.6012345382,0.07469305555555557,0.7944865675063155,85.9186423028279
GA,464.80000000000007,796511.1668244407,0.12830833333333336,0.7818584226750905,44.168993412033494
