algorithm,makespan,energy,cost,reliability,load_balance
HEFT,88.22999999999999,4256.799999999999,0.16206111111111113,0.9789409058697262,8.771233039445372
GA,120.13,4256.799999999998,0.15166861111111113,0.9789409058697262,35.87255892560451
