algorithm,makespan,energy,cost,reliability,load_balance
HEFT,472.13,1628848.9637176201,0.09125416666666668,0.662543674182676,83.58673563554417
GA,515.04,1686677.7423501087,0.17349083333333334,0.6445962030598582,35.9546299146798
