algorithm,makespan,energy,cost,reliability,load_balance
HEFT,656.94,229120.79960118124,0.05362861111111111,0.9143637598471714,75.21918078743836
GA,579.4200000000001,224155.8902523213,0.053816666666666665,0.9172034193264949,27.549399721228003
