algorithm,makespan,energy,cost,reliability,load_balance
HEFT,603.92,380266.201781693,0.08567277777777778,0.8636179460893685,108.5889129765492
GA,653.63,387730.36659884034,0.1033663888888889,0.8601903302300282,100.21973825406991
