algorithm,makespan,energy,cost,reliability,load_balance
HEFT,500.29,876926.1588878451,0.05542027777777779,0.8000684439790622,99.20630514917292
GA,529.05,875312.5726679896,0.07968777777777779,0.7927390328264701,49.221294703802215
