algorithm,makespan,energy,cost,reliability,load_balance
HEFT,85.82000000000001,2810.4400000000005,0.09727250000000001,0.986046071314507,12.940400960408029
GA,86.6,2810.4400000000005,0.07731361111111111,0.986046071314507,28.00069900481173
