algorithm,makespan,energy,cost,reliability,load_balance
HEFT,336.89,594256.859657455,0.031241666666666668,0.8639686461627784,71.2227258656807
GA,348.89,577747.2516552495,0.027894166666666664,0.8606573682839379,35.60249577690242
