algorithm,makespan,energy,cost,reliability,load_balance
HEFT,331.47999999999996,581108.7731989863,0.026978055555555557,0.8688784820769643,68.38636558837652
GA,343.47999999999996,572692.1404448585,0.0383275,0.8655483865811612,42.58154512795268
