algorithm,makespan,energy,cost,reliability,load_balance
HEFT,58.88,1963.0800000000004,0.027264999999999998,0.9902326138185595,15.859632757717861
GA,72.47999999999999,1963.0800000000004,0.05521138888888889,0.9902326138185595,26.412781783300638
