algorithm,makespan,energy,cost,reliability,load_balance
HEFT,210.59000000000003,1610.1399999999999,0.03646194444444444,0.9919816200939608,6.839085587026008
GA,204.35000000000002,1610.1399999999996,0.04336722222222223,0.9919816200939608,3.6840772250320786
