algorithm,makespan,energy,cost,reliability,load_balance
HEFT,421.33,141954.6348942634,0.029445277777777775,0.948349285467674,113.34094258769272
GA,408.61999999999995,141893.40066565512,0.030176944444444444,0.9488315488253638,117.39277007834282
