algorithm,makespan,energy,cost,reliability,load_balance
HEFT,464.62,317766.89623778575,0.07499805555555557,0.8831116874708065,53.144661588509024
GA,489.65000000000003,322295.8629837639,0.08591305555555556,0.8813451139115345,60.87705735743145
