algorithm,makespan,energy,cost,reliability,load_balance
HEFT,274.81,4146.26,0.15561527777777778,0.9794821160580586,11.85524168278077
GA,282.04,4146.259999999999,0.13149111111111111,0.9794821160580586,32.64165106008842
