algorithm,makespan,energy,cost,reliability,load_balance
HEFT,447.11,1501308.9256782448,0.04357444444444444,0.7139722378225293,67.88229619865831
GA,471.11,1525909.392880644,0.046505555555555564,0.7030894182678525,31.19850165402738
