algorithm,makespan,energy,cost,reliability,load_balance
HEFT,339.4,5124.599999999999,0.12329611111111112,0.9747024831868699,9.956578227483565
GA,368.84999999999997,5124.600000000001,0.14033305555555556,0.9747024831868698,55.17979463276648
