algorithm,makespan,energy,cost,reliability,load_balance
HEFT,670.1100000000001,407558.52652549586,0.09645666666666666,0.8522443478661678,86.65002480215627
GA,672.8900000000001,404392.5990726568,0.11458111111111112,0.8520548297983926,62.8494179851447
