algorithm,makespan,energy,cost,reliability,load_balance
HEFT,383.12,364063.86560346634,0.039863333333333334,0.8967106896460576,93.66269451023
GA,397.12,350911.1377669219,0.06396388888888889,0.894704305690217,53.50417649975249
