algorithm,makespan,energy,cost,reliability,load_balance
HEFT,896.0999999999999,365348.60967525933,0.08538333333333334,0.8702624901705159,46.52411301321794
GA,796.8499999999999,370454.97977034573,0.07666194444444444,0.8737242994010476,82.91696504133938
