algorithm,makespan,energy,cost,reliability,load_balance
HEFT,391.84000000000003,698807.1475857493,0.04997583333333334,0.8324034831540039,83.42930491408629
GA,420.84000000000003,700968.6033409373,0.060810833333333335,0.8247145108419495,40.33758340030564
