algorithm,makespan,energy,cost,reliability,load_balance
HEFT,141.64,1101.68,0.02912694444444445,0.994506743417188,4.085176454777282
GA,148.48,1101.68,0.03102916666666667,0.994506743417188,7.2051231772954365
