algorithm,makespan,energy,cost,reliability,load_balance
HEFT,310.59000000000003,95195.90994558744,0.021712222222222223,0.966291626058138,96.66113468366349
GA,315.24,88622.72424184748,0.023255000000000005,0.9661119125295674,44.40422305366913
