algorithm,makespan,energy,cost,reliability,load_balance
HEFT,93.34,1190.9600000000003,0.05749833333333334,0.994062894681335,12.943759665789315
GA,90.97,1190.96,0.04605166666666668,0.994062894681335,17.754137545935592
