algorithm,makespan,energy,cost,reliability,load_balance
HEFT,271.65,137443.95670900054,0.0167625,0.9598613807483756,83.91179548447626
GA,272.65,135672.53827251054,0.019777222222222224,0.9597845949093903,78.97177900092811
