algorithm,makespan,energy,cost,reliability,load_balance
HEFT,687.1099999999999,268163.7673734919,0.06816861111111111,0.9019519778237887,30.130720203805303
GA,639.2999999999998,269119.4458000938,0.06130999999999999,0.9036785211807333,49.85131258719931
