algorithm,makespan,energy,cost,reliability,load_balance
HEFT,554.7800000000001,4356.339999999999,0.08751,0.9784538082051834,7.0849059038682505
GA,554.9899999999999,4356.34,0.08568833333333332,0.9784538082051834,8.115320388006827
