algorithm,makespan,energy,cost,reliability,load_balance
HEFT,713.61,228147.43149619538,0.06837361111111112,0.9133362270228101,47.987461817298346
GA,552.89,221024.6426413934,0.052361388888888895,0.9192267973204276,51.48595366699542
