algorithm,makespan,energy,cost,reliability,load_balance
HEFT,379.2,2900.8,0.04900416666666667,0.9856006763217923,14.019044189958155
GA,365.31,2900.7999999999997,0.061388611111111116,0.9856006763217923,2.053793238538558
