algorithm,makespan,energy,cost,reliability,load_balance
HEFT,378.27000000000004,666846.9868876729,0.03230472222222222,0.8501762483432176,80.28434781407553
GA,393.27000000000004,648481.1637043254,0.046070277777777786,0.8461051807298889,37.001764047692774
