algorithm,makespan,energy,cost,reliability,load_balance
HEFT,539.99,180161.45163799328,0.04645555555555556,0.9315498262806357,57.2098967982522
GA,455.07000000000005,174719.2186476806,0.04350277777777779,0.9347194950482787,18.804546214501762
