algorithm,makespan,energy,cost,reliability,load_balance
HEFT,341.74,325232.9585357289,0.03937305555555556,0.9048464664553819,80.3991988740145
GA,354.74,318262.03774595476,0.04504972222222222,0.9029663418126308,52.96425706313646
