algorithm,makespan,energy,cost,reliability,load_balance
HEFT,108.25,2714.06,0.0954311111111111,0.9865213614282284,14.928962888180363
GA,117.06,2714.0599999999995,0.11788666666666667,0.9865213614282284,24.026009508794143
