algorithm,makespan,energy,cost,reliability,load_balance
HEFT,501.94000000000005,288180.6052117783,0.06632,0.8950984202440977,83.30900392943303
GA,506.68,286622.5688402937,0.07946083333333333,0.89475906326929,70.93739468211189
