algorithm,makespan,energy,cost,reliability,load_balance
HEFT,260.58,3829.219999999999,0.09089083333333335,0.9810360224092122,10.733843589986103
GA,255.93,3829.219999999999,0.1081575,0.9810360224092122,17.820597182153342
