algorithm,makespan,energy,cost,reliability,load_balance
HEFT,117.46,5547.639999999999,0.25737194444444444,0.9726429714019635,13.06037603506956
GA,126.55,5547.639999999999,0.2716022222222223,0.9726429714019635,23.754697930942474
