algorithm,makespan,energy,cost,reliability,load_balance
HEFT,496.22,900889.1521704083,0.09861472222222219,0.7628926135509522,96.10307518692139
GA,548.2099999999999,938872.3019463343,0.18277305555555554,0.7503055165488497,55.09840969307231
