algorithm,makespan,energy,cost,reliability,load_balance
HEFT,345.14,217656.54563365586,0.04135277777777778,0.9240088772252216,98.6699107413921
GA,381.0,212772.49522309712,0.05779,0.921361879227568,57.8620806005848
