algorithm,makespan,energy,cost,reliability,load_balance
HEFT,152.38,2335.0200000000004,0.11323555555555553,0.9883927895175176,3.5627735483949645
GA,166.44,2335.0200000000004,0.08627555555555556,0.9883927895175176,23.157741339098063
