algorithm,makespan,energy,cost,reliability,load_balance
HEFT,512.31,1748604.175518729,0.08512027777777777,0.6544395882705002,86.31078979202896
GA,539.31,1762635.0378075684,0.11689722222222222,0.6432280191209667,41.50255187698206
