algorithm,makespan,energy,cost,reliability,load_balance
HEFT,186.33999999999997,5394.239999999997,0.27065194444444446,0.973389274731769,7.144663276413613
GA,207.61,5394.24,0.24278444444444444,0.973389274731769,27.051663165136446
