algorithm,makespan,energy,cost,reliability,load_balance
HEFT,511.43999999999994,543514.7748318473,0.10722722222222224,0.820275351974121,102.94846840369539
GA,561.5099999999999,557107.2408683727,0.1492186111111111,0.8137302142830939,71.95177042065515
