algorithm,makespan,energy,cost,reliability,load_balance
HEFT,664.4000000000001,233490.46542745337,0.06142222222222223,0.9128814988184736,75.14562545484601
GA,559.79,229396.40252594725,0.055043888888888885,0.916709363234825,44.32116227040982
