algorithm,makespan,energy,cost,reliability,load_balance
HEFT,408.0300000000001,3118.899999999999,0.07166444444444446,0.9845264646046556,13.17559707691967
GA,399.72,3118.899999999999,0.06218194444444444,0.9845264646046556,7.209292036439263
