algorithm,makespan,energy,cost,reliability,load_balance
HEFT,415.13,729731.6838098909,0.03658138888888889,0.8332506347653323,85.00450844779712
GA,431.13,721154.5579755526,0.04344694444444445,0.8289952944823867,53.01695010453823
