algorithm,makespan,energy,cost,reliability,load_balance
HEFT,521.2199999999999,923352.0774337131,0.07024694444444445,0.7757222097611036,101.21191302562386
GA,543.2199999999999,913600.8130775742,0.12739444444444442,0.77028030339059,54.78496093599104
