algorithm,makespan,energy,cost,reliability,load_balance
HEFT,186.15000000000003,2763.7599999999993,0.08727083333333334,0.9862762413273475,8.647747848841513
GA,193.58999999999997,2763.7599999999993,0.07678444444444443,0.9862762413273475,15.08689970991863
