algorithm,makespan,energy,cost,reliability,load_balance
HEFT,455.14,273968.6115920376,0.05234777777777778,0.9052378066691341,123.52566878993208
GA,499.03,264010.73069755326,0.07910444444444445,0.9020649092807739,37.50821119625484
