algorithm,makespan,energy,cost,reliability,load_balance
HEFT,309.5,95759.22617124394,0.01862861111111111,0.9650432113930858,83.01988536890826
GA,309.5,98338.82177705978,0.020810000000000002,0.9650432113930858,97.74243790016016
