algorithm,makespan,energy,cost,reliability,load_balance
HEFT,500.1499999999999,884847.7013895831,0.07839555555555555,0.7778086003847576,91.69020939605679
GA,487.9099999999999,820543.0461970445,0.15180333333333337,0.7808610952141772,32.162590005578465
