algorithm,makespan,energy,cost,reliability,load_balance
HEFT,93.08000000000001,4606.980000000002,0.20775111111111114,0.9772283779077442,10.953664244583386
GA,124.87,4606.980000000002,0.17390583333333337,0.9772283779077442,31.73579558910391
