algorithm,makespan,energy,cost,reliability,load_balance
HEFT,306.05,541337.26231008,0.029386666666666665,0.8741895940684987,65.2650098535924
GA,312.05,526399.2166960422,0.03173388888888889,0.8725127603234056,43.46805695801971
