algorithm,makespan,energy,cost,reliability,load_balance
HEFT,53.57,1797.5400000000002,0.024965833333333333,0.9910525686445101,13.718170104945697
GA,56.489999999999995,1797.5400000000004,0.03654833333333334,0.9910525686445101,19.07628702111857
