algorithm,makespan,energy,cost,reliability,load_balance
HEFT,344.8,176712.71250000002,0.01860666666666667,0.9499400515597344,113.1413311416301
GA,346.8,168991.09870242214,0.018485833333333333,0.9497880733100691,93.21988084056197
