algorithm,makespan,energy,cost,reliability,load_balance
HEFT,103.53,1254.1399999999999,0.03809305555555556,0.9937489198078475,16.377594396439473
GA,92.78,1254.1399999999999,0.031024166666666665,0.9937489198078475,12.42927068024738
