algorithm,makespan,energy,cost,reliability,load_balance
HEFT,324.28999999999996,2504.0800000000004,0.058414999999999995,0.9875576541122452,12.205853786878897
GA,320.94,2504.0800000000004,0.05692777777777777,0.9875576541122452,7.963629825651104
