algorithm,makespan,energy,cost,reliability,load_balance
HEFT,558.9200000000001,178986.88153939744,0.04005833333333334,0.932638885201989,91.00249167834181
GA,527.62,172566.7525302301,0.048962500000000006,0.9338072803490018,31.437694333395395
