algorithm,makespan,energy,cost,reliability,load_balance
HEFT,284.88,88541.77611625947,0.018625,0.9673775745670417,72.71956041304614
GA,287.90999999999997,88064.27987912888,0.019190555555555558,0.9672603355098346,67.58045180868994
