algorithm,makespan,energy,cost,reliability,load_balance
HEFT,655.0599999999998,239853.8317558697,0.06490888888888888,0.9106647970330973,34.815477760138066
GA,590.92,238591.43804575916,0.057860277777777774,0.9130041983371376,26.88668986072225
