algorithm,makespan,energy,cost,reliability,load_balance
HEFT,534.6,976100.4168350169,0.1018425,0.7459720096937872,106.98176177847235
GA,580.74,993168.7190825498,0.17780361111111112,0.7350387941542,51.08645649383773
