algorithm,makespan,energy,cost,reliability,load_balance
HEFT,343.45,354299.0460911341,0.058681944444444446,0.8843528008305003,78.66903028934999
GA,340.51,336542.1948254089,0.07667444444444445,0.8847688982464506,50.35787783455534
