algorithm,makespan,energy,cost,reliability,load_balance
HEFT,131.05,3528.039999999999,0.11279777777777776,0.9825144774787075,11.286546489811078
GA,156.5,3528.04,0.12786388888888886,0.9825144774787075,26.084470443797272
