algorithm,makespan,energy,cost,reliability,load_balance
HEFT,161.99,50975.64374344096,0.008022222222222222,0.9839131972478474,71.36046869007144
GA,161.99,50823.870547564664,0.008022222222222222,0.9839131972478474,70.78392490530601
