algorithm,makespan,energy,cost,reliability,load_balance
HEFT,319.15999999999997,292661.9926995864,0.016965555555555553,0.9275998827520728,80.20291361862527
GA,332.02,286684.8715438829,0.022230277777777776,0.925693215485297,56.145825902287704
