algorithm,makespan,energy,cost,reliability,load_balance
HEFT,448.40999999999997,485208.80644945486,0.09343083333333335,0.8366050363254403,90.47419230550406
GA,502.40999999999997,499698.2207758603,0.1376886111111111,0.8294079051899514,55.87991535426659
