algorithm,makespan,energy,cost,reliability,load_balance
HEFT,690.09,402211.215739976,0.09238305555555554,0.8568212145009116,119.57068661764168
GA,719.69,397284.44987425144,0.11594555555555558,0.8547946622498168,48.930227711799716
