algorithm,makespan,energy,cost,reliability,load_balance
HEFT,336.86,4927.019999999999,0.11508666666666666,0.975665867555368,14.269106927204653
GA,334.98,4927.0199999999995,0.12231888888888891,0.975665867555368,19.55963440901403
