algorithm,makespan,energy,cost,reliability,load_balance
HEFT,761.26,279066.9658460972,0.07491388888888889,0.8969155217585096,46.12557099917577
GA,633.2900000000001,280010.77604257135,0.06314944444444445,0.901518423547651,63.66289159837669
