algorithm,makespan,energy,cost,reliability,load_balance
HEFT,720.01,253461.30320412217,0.06965611111111111,0.9051867526965734,39.12373576232205
GA,567.25,253125.00361392685,0.0538938888888889,0.910734738775238,54.10030529796796
