algorithm,makespan,energy,cost,reliability,load_balance
HEFT,590.8100000000002,226628.8018652359,0.05358972222222223,0.9172324034124917,91.92974940137726
GA,604.1100000000001,223314.9267683038,0.06006777777777779,0.9167445655502534,35.0739422506225
