algorithm,makespan,energy,cost,reliability,load_balance
HEFT,461.04999999999995,254769.84105845354,0.056128055555555556,0.91067827497183,102.36325163707083
GA,486.71999999999997,250767.62746548324,0.07710499999999999,0.9088100250419524,55.9980453740511
