algorithm,makespan,energy,cost,reliability,load_balance
HEFT,212.32,2904.5199999999995,0.10842250000000002,0.9855823443197008,17.798363287512863
GA,205.98,2904.5199999999986,0.10168305555555555,0.9855823443197008,22.748740467488368
