algorithm,makespan,energy,cost,reliability,load_balance
HEFT,534.94,557262.9625939359,0.10797388888888891,0.8174849386910142,105.42722918163346
GA,600.08,573390.5979702707,0.17481388888888894,0.8090090300466254,48.319558216626945
