algorithm,makespan,energy,cost,reliability,load_balance
HEFT,224.67,6263.719999999999,0.22522472222222223,0.9691667473569933,16.322691720424057
GA,252.29000000000002,6263.720000000003,0.2804588888888888,0.9691667473569933,42.00035601039591
