algorithm,makespan,energy,cost,reliability,load_balance
HEFT,454.48,850075.859707798,0.10112194444444443,0.7717569578205629,99.40319297583113
GA,474.14000000000004,825807.0574092038,0.17730944444444446,0.7669169212303402,46.232562741657425
