algorithm,makespan,energy,cost,reliability,load_balance
HEFT,250.27,3730.02,0.11461916666666665,0.9815227369715602,10.828380616958123
GA,269.82,3730.02,0.10944361111111109,0.9815227369715602,23.300403391664396
