algorithm,makespan,energy,cost,reliability,load_balance
HEFT,476.63000000000005,279272.30828944885,0.05866527777777779,0.8972449296136802,72.04574975071645
GA,495.91,285487.31523865217,0.07256750000000001,0.8958620857575744,81.06116526602436
