algorithm,makespan,energy,cost,reliability,load_balance
HEFT,422.73,1399385.5014548292,0.023937777777777784,0.7431875823335411,54.984469488173055
GA,435.73,1408653.1337066533,0.018235833333333337,0.7370299130733275,29.720923619040665
