algorithm,makespan,energy,cost,reliability,load_balance
HEFT,530.4700000000001,1792973.3833770056,0.08747916666666665,0.6490380080313602,81.88291338469266
GA,544.1600000000001,1773044.77697736,0.13797083333333338,0.6433762359304931,37.51058389794912
