algorithm,makespan,energy,cost,reliability,load_balance
HEFT,771.8500000000001,448856.74399170827,0.1229413888888889,0.8375616550687915,74.69965001591378
GA,700.95,431973.06816463365,0.12097444444444444,0.842325803127728,53.66667865830985
