algorithm,makespan,energy,cost,reliability,load_balance
HEFT,361.05,5632.36,0.15965555555555555,0.9722310470910063,6.528237018631332
GA,379.88,5632.360000000001,0.13972722222222222,0.9722310470910062,32.39671930039476
