algorithm,makespan,energy,cost,reliability,load_balance
HEFT,388.9,352594.20429416304,0.020710833333333338,0.9183399876588434,96.8484976630166
GA,406.9,337638.8577783239,0.02954,0.9156989733804157,43.75151372143216
