algorithm,makespan,energy,cost,reliability,load_balance
HEFT,86.59,611.4000000000001,0.021085833333333335,0.9969476678667323,8.840639117167942
GA,80.32,611.4000000000001,0.01148972222222222,0.9969476678667323,4.444963441919406
