algorithm,makespan,energy,cost,reliability,load_balance
HEFT,232.02000000000004,69957.53607447635,0.007440000000000001,0.9802041624346953,110.62601863937797
GA,232.02000000000004,69957.53607447635,0.007440000000000001,0.9802041624346953,110.62601863937797
