algorithm,makespan,energy,cost,reliability,load_balance
HEFT,383.27,355880.69400161767,0.03236805555555556,0.9101425894889608,98.89820714375968
GA,396.27,337984.04030080495,0.04030666666666667,0.908251460358934,52.27242181989147
