algorithm,makespan,energy,cost,reliability,load_balance
HEFT,868.8000000000001,280337.90005755064,0.07088611111111112,0.8951732536000209,89.03419769017597
GA,817.95,275989.037630662,0.07301472222222223,0.8969958889896573,75.71965327222959
