algorithm,makespan,energy,cost,reliability,load_balance
HEFT,254.14,85852.53553159676,0.017278333333333333,0.9704315592334404,95.66048034585651
GA,258.14,79077.90323080498,0.021643333333333337,0.9702763026048246,55.67946389828119
