algorithm,makespan,energy,cost,reliability,load_balance
HEFT,635.5300000000001,270784.4670117855,0.05911527777777779,0.9032755704249847,33.30711885868649
GA,555.79,275212.3469655805,0.05549805555555555,0.9061612578322165,25.858500214307373
