algorithm,makespan,energy,cost,reliability,load_balance
HEFT,525.2,4052.48,0.0930988888888889,0.9799415029171104,19.631649616541836
GA,514.59,4052.48,0.08673972222222223,0.9799415029171104,14.248504015041961
