algorithm,makespan,energy,cost,reliability,load_balance
HEFT,72.26,1601.6999999999998,0.07977416666666667,0.9920234826016215,10.592084918308894
GA,77.28,1601.6999999999998,0.0591363888888889,0.9920234826016215,24.223191014328947
