algorithm,makespan,energy,cost,reliability,load_balance
HEFT,308.32,300840.0152114686,0.027525555555555557,0.9178170501486146,87.6469972080238
GA,315.32,278088.97922745143,0.03659027777777778,0.916789670492451,44.44197429889151
