algorithm,makespan,energy,cost,reliability,load_balance
HEFT,379.43000000000006,676904.2408085814,0.04404805555555556,0.842365561843934,83.44090682243814
GA,389.01,649850.4590884553,0.048586944444444446,0.8397871601709267,43.12508426242353
