algorithm,makespan,energy,cost,reliability,load_balance
HEFT,66.75,2562.2,0.06863249999999999,0.9872707115527334,10.933560331943939
GA,84.72,2562.2,0.05724222222222221,0.9872707115527334,26.865256245663495
