algorithm,makespan,energy,cost,reliability,load_balance
HEFT,563.94,179257.3528566869,0.04810527777777778,0.9337497595921899,121.62442226652783
GA,482.1599999999999,166345.83775095406,0.04259277777777778,0.9368092431688758,46.9992619622904
