algorithm,makespan,energy,cost,reliability,load_balance
HEFT,311.09999999999997,2462.2200000000003,0.05104111111111112,0.9877643715614772,3.0404426761027095
GA,309.12,2462.2200000000003,0.061015555555555545,0.9877643715614772,0.9210275059229385
