algorithm,makespan,energy,cost,reliability,load_balance
HEFT,276.88,4228.599999999999,0.1324411111111111,0.9790789462690732,9.0107725211866
GA,282.74,4228.600000000001,0.11177305555555556,0.9790789462690732,20.375349777891632
