algorithm,makespan,energy,cost,reliability,load_balance
HEFT,556.15,337059.2195091252,0.06782416666666667,0.8783578450380372,100.07752544010212
GA,598.8199999999999,349224.19112588087,0.08236472222222221,0.875364594484871,113.16722776966584
