algorithm,makespan,energy,cost,reliability,load_balance
HEFT,532.86,1818294.7522238484,0.1084436111111111,0.6321344311111189,86.16925442125446
GA,487.17999999999995,1601488.5906441153,0.18042055555555564,0.6508878012093432,33.80715977362377
