algorithm,makespan,energy,cost,reliability,load_balance
HEFT,67.87,2359.4400000000005,0.07118249999999998,0.9882721141253002,11.458556107316321
GA,79.36,2359.4400000000005,0.06380222222222222,0.9882721141253002,21.53826493596021
