algorithm,makespan,energy,cost,reliability,load_balance
HEFT,415.52,727593.2917067771,0.040108333333333336,0.8357263934730725,83.96942500809159
GA,427.77,709645.102812259,0.06093583333333333,0.8324567586817244,46.017235558512006
