algorithm,makespan,energy,cost,reliability,load_balance
HEFT,349.54999999999995,1162721.4264625947,0.020933888888888887,0.7796548166545645,48.49621824153053
GA,361.54999999999995,1171712.2718296223,0.019577777777777777,0.7736900018696607,27.354002978874114
