algorithm,makespan,energy,cost,reliability,load_balance
HEFT,353.7099999999999,118346.30075485565,0.021759999999999998,0.9585089299034334,120.93806913733432
GA,357.7099999999999,108415.1485281373,0.028622499999999995,0.9583555807429088,49.651509208347974
