algorithm,makespan,energy,cost,reliability,load_balance
HEFT,394.14,731672.9255087024,0.08570944444444448,0.7966103624270752,79.91726881241304
GA,406.02,709049.745184966,0.12160138888888888,0.7935877175569537,36.351136773945115
