algorithm,makespan,energy,cost,reliability,load_balance
HEFT,306.12,4662.6,0.1583388888888889,0.976956648481576,7.510312434056455
GA,309.85,4662.599999999999,0.13546694444444446,0.976956648481576,16.0644592190338
