algorithm,makespan,energy,cost,reliability,load_balance
HEFT,522.5999999999999,327636.6909873708,0.07605444444444445,0.878953222004771,60.38417258035654
GA,518.11,327434.3560440833,0.08266777777777778,0.8792689987122165,63.75811958096003
