algorithm,makespan,energy,cost,reliability,load_balance
HEFT,478.9000000000001,1691311.6612236374,0.11026499999999999,0.6480641439186655,97.79031793812962
GA,532.9000000000001,1752458.3304184661,0.19627888888888897,0.6260496487028967,38.46955361654654
