algorithm,makespan,energy,cost,reliability,load_balance
HEFT,346.53000000000003,212218.02706836347,0.036861666666666675,0.9268480895852728,102.28695266608683
GA,370.94,206475.95584191516,0.04958277777777778,0.9250399067202946,69.37203574104728
