algorithm,makespan,energy,cost,reliability,load_balance
HEFT,458.57,479012.60647229425,0.08137916666666667,0.8456626142848087,105.58464962412859
GA,492.59,476723.25201486016,0.11244305555555556,0.8410720086693394,63.26506436875989
