algorithm,makespan,energy,cost,reliability,load_balance
HEFT,676.5899999999999,411430.93847086123,0.1045875,0.8506412518361807,82.34050708577675
GA,640.99,405751.9253030468,0.10024166666666667,0.8530673312186025,86.36449762489214
