algorithm,makespan,energy,cost,reliability,load_balance
HEFT,363.58000000000004,5519.700000000002,0.12340583333333335,0.9727788591166042,10.077856117675614
GA,357.01,5519.699999999999,0.14591694444444445,0.9727788591166042,15.18520185434302
