algorithm,makespan,energy,cost,reliability,load_balance
HEFT,302.93,525563.8786518337,0.021548611111111116,0.8858815748572886,60.20247451979402
GA,306.12999999999994,502770.9459380001,0.016829444444444445,0.8849748964232197,30.167619517269003
