algorithm,makespan,energy,cost,reliability,load_balance
HEFT,53.33,1180.4199999999998,0.016394722222222224,0.9941152831763095,17.00760112029135
GA,53.33,1180.4199999999998,0.03366527777777778,0.9941152831763095,20.000713674262695
