algorithm,makespan,energy,cost,reliability,load_balance
HEFT,619.9100000000001,358852.1086770661,0.08089111111111111,0.8700390354558535,92.4776637028022
GA,601.8000000000002,348893.4370056498,0.10228083333333335,0.87130046156685,57.87436810824437
