algorithm,makespan,energy,cost,reliability,load_balance
HEFT,512.87,498055.1896971943,0.08914944444444446,0.8422917738526776,95.4649394978771
GA,500.47,470998.7961316363,0.121635,0.843964539566887,51.67763649136184
