algorithm,makespan,energy,cost,reliability,load_balance
HEFT,187.06,4908.519999999999,0.23934222222222218,0.9757561208222661,12.582485644736497
GA,199.41,4908.519999999999,0.2526761111111111,0.9757561208222661,45.93272397394549
