algorithm,makespan,energy,cost,reliability,load_balance
HEFT,462.66999999999996,444047.1224630946,0.042847222222222224,0.8812915297575834,125.15469369111439
GA,491.66999999999996,421798.7751337279,0.06976194444444445,0.877211809330459,46.85708519441502
