algorithm,makespan,energy,cost,reliability,load_balance
HEFT,101.59,2318.2599999999998,0.10871277777777778,0.9884756203038407,11.664186766194492
GA,101.76,2318.2600000000007,0.09338888888888891,0.9884756203038407,23.897546587812453
