algorithm,makespan,energy,cost,reliability,load_balance
HEFT,423.83,246167.12710284785,0.045129999999999997,0.9135868808716405,103.97071840530046
GA,448.83,239915.0338881091,0.05579805555555556,0.9117615330661519,55.913049588496904
