algorithm,makespan,energy,cost,reliability,load_balance
HEFT,266.11,473067.1994663861,0.031970000000000005,0.8872749209449013,57.5503520061192
GA,270.11,450080.13709229574,0.03663777777777776,0.8861399355916812,28.504435023838408
