algorithm,makespan,energy,cost,reliability,load_balance
HEFT,48.36,1609.9799999999998,0.02236083333333334,0.9919824136795744,12.044743696137546
GA,49.11,1609.9799999999996,0.03250250000000001,0.9919824136795744,15.03371584126718
