algorithm,makespan,energy,cost,reliability,load_balance
HEFT,560.01,968760.8984660988,0.06774694444444444,0.7785799464854339,99.78987019860298
GA,571.0100000000001,940672.1846727729,0.09825416666666666,0.7758441628777418,42.43149249725204
