algorithm,makespan,energy,cost,reliability,load_balance
HEFT,430.9100000000001,1466244.2897588825,0.08186333333333333,0.6965676235160125,69.51294812581938
GA,450.69000000000005,1472781.6505358452,0.07643638888888889,0.6878052142205399,32.33946017061794
