algorithm,makespan,energy,cost,reliability,load_balance
HEFT,56.8,539.3199999999999,0.011530555555555556,0.9973070325598594,14.696534819959625
GA,56.8,539.32,0.010557222222222221,0.9973070325598594,22.756814207114818
