algorithm,makespan,energy,cost,reliability,load_balance
HEFT,179.37999999999997,91918.0443193221,0.007821944444444444,0.9747112555486941,61.25151226996066
GA,179.37999999999997,91688.95389675548,0.007821944444444444,0.9747112555486941,60.770401497886155
