algorithm,makespan,energy,cost,reliability,load_balance
HEFT,404.5,222572.998368356,0.03209055555555556,0.9287051266240519,125.69849251852055
GA,408.5,203842.68660954712,0.045404444444444456,0.9284079885281632,65.44613221137344
