algorithm,makespan,energy,cost,reliability,load_balance
HEFT,313.15000000000003,540296.7922720741,0.017489444444444446,0.8832823211315068,60.04674494951628
GA,323.15000000000003,530776.533312703,0.020976944444444444,0.8804603352893275,32.740879719987824
