algorithm,makespan,energy,cost,reliability,load_balance
HEFT,52.31,1309.84,0.018192222222222224,0.9934721992688047,17.990162320629032
GA,52.31,1309.8399999999997,0.030697500000000003,0.9934721992688047,19.914355455947007
