algorithm,makespan,energy,cost,reliability,load_balance
HEFT,330.78999999999996,567915.1922367665,0.018030277777777777,0.8796091657449814,61.70496053345699
GA,335.78999999999996,548799.1211173651,0.015572777777777777,0.8782029163792819,30.539277294351457
