algorithm,makespan,energy,cost,reliability,load_balance
HEFT,1048.4999999999998,398096.318617072,0.09777972222222223,0.8572058421659716,59.24654553924074
GA,958.38,399214.44244454184,0.08812611111111113,0.8603014740004269,89.81830450971555
