algorithm,makespan,energy,cost,reliability,load_balance
HEFT,258.06000000000006,857749.7354878711,0.019158333333333333,0.8308523312312094,35.30077451907856
GA,266.68000000000006,867705.1343182842,0.01578527777777778,0.8262813054012121,23.31629246568241
