algorithm,makespan,energy,cost,reliability,load_balance
HEFT,357.03999999999996,339750.44146314135,0.034000277777777775,0.9069405289321834,92.73172089420102
GA,368.03999999999996,321563.91441147693,0.04000250000000001,0.9053457174470436,48.730138039342066
