algorithm,makespan,energy,cost,reliability,load_balance
HEFT,74.65,1694.5800000000002,0.043165,0.9915628938532866,10.518188670900837
GA,91.93,1694.5800000000002,0.04005500000000001,0.9915628938532866,27.924300043450806
