algorithm,makespan,energy,cost,reliability,load_balance
HEFT,201.01,183278.33580418886,0.010884444444444445,0.9561252116288331,50.90020823467555
GA,204.01,176065.9632370962,0.008854444444444446,0.9556663816552545,36.44756669975834
