algorithm,makespan,energy,cost,reliability,load_balance
HEFT,664.0100000000001,403129.3740455716,0.09377388888888889,0.8535301604469951,82.53870239382945
GA,698.03,406852.0396831081,0.11117833333333334,0.8512103509909532,60.32293398273756
