algorithm,makespan,energy,cost,reliability,load_balance
HEFT,498.15999999999997,1718701.0298498475,0.10808138888888891,0.6436199930133408,86.89706274361212
GA,556.72,1831765.672492456,0.1875930555555556,0.6199445750621654,46.27099975394055
