algorithm,makespan,energy,cost,reliability,load_balance
HEFT,470.56,293882.30714467866,0.06641027777777779,0.8932910744360621,88.9696816637957
GA,492.15,295923.7512343797,0.07553583333333334,0.8917495137673243,80.85768042634274
