algorithm,makespan,energy,cost,reliability,load_balance
HEFT,387.81999999999994,236050.20759630756,0.05038916666666667,0.9124426908917205,61.97662749260515
GA,420.42999999999995,245281.5999571867,0.0614563888888889,0.9100654126697155,72.94528486426364
