algorithm,makespan,energy,cost,reliability,load_balance
HEFT,222.02999999999997,3133.74,0.09605361111111112,0.9844534154511391,13.453400459681973
GA,218.47,3133.74,0.09988416666666668,0.9844534154511391,34.28447063592662
