algorithm,makespan,energy,cost,reliability,load_balance
HEFT,221.99000000000004,69578.40299112574,0.009470833333333335,0.9779471981759046,96.19063381293076
GA,224.99000000000004,62817.018000800046,0.011002500000000002,0.9778298515530616,63.11615244927405
