algorithm,makespan,energy,cost,reliability,load_balance
HEFT,394.75999999999993,680769.3462356875,0.03398,0.8506337662261013,73.94248527490159
GA,407.75999999999993,668768.4046007455,0.041223055555555554,0.8471024799266876,36.86638489302476
