algorithm,makespan,energy,cost,reliability,load_balance
HEFT,51.07,1682.7600000000002,0.023371666666666666,0.9916214969520178,14.8001668337371
GA,52.75,1682.7600000000004,0.0329525,0.9916214969520178,18.460703239933824
