algorithm,makespan,energy,cost,reliability,load_balance
HEFT,711.1199999999999,286756.41555574303,0.06866472222222222,0.8962875420712283,21.578618082104615
GA,633.9699999999999,289286.6321592504,0.06425166666666667,0.8990577576702413,35.3672959808918
