algorithm,makespan,energy,cost,reliability,load_balance
HEFT,180.79999999999998,92473.5844579646,0.008766944444444444,0.9732752001936689,58.537499199231256
GA,180.79999999999998,93122.76919247788,0.008766944444444444,0.9732752001936689,59.95259756972288
