algorithm,makespan,energy,cost,reliability,load_balance
HEFT,39.54,476.84000000000003,0.01045277777777778,0.9976186399473708,8.05049022464737
GA,42.43000000000001,476.8399999999999,0.009859722222222221,0.9976186399473708,7.61645539980002
