algorithm,makespan,energy,cost,reliability,load_balance
HEFT,625.49,368204.7187644887,0.09837916666666667,0.8648845925229357,66.83907646621957
GA,574.1899999999999,356376.05235200893,0.099715,0.8684413724107987,54.29881687740272
