algorithm,makespan,energy,cost,reliability,load_balance
HEFT,339.09000000000003,4897.059999999999,0.11823166666666671,0.975812033249865,16.624479315154524
GA,323.97,4897.06,0.12984722222222222,0.975812033249865,16.270588660437063
