algorithm,makespan,energy,cost,reliability,load_balance
HEFT,219.32,120094.23235455043,0.018044444444444446,0.9594406697456455,61.54217137169322
GA,228.32,121284.78153468815,0.019869166666666667,0.9587501210907761,58.46094520520271
