algorithm,makespan,energy,cost,reliability,load_balance
HEFT,101.67,2405.14,0.07101055555555558,0.988046319745213,12.003514745690113
GA,110.33,2405.14,0.07387416666666669,0.988046319745213,27.534497506158832
