algorithm,makespan,energy,cost,reliability,load_balance
HEFT,372.94000000000005,353677.8061618492,0.041238333333333335,0.8976186201993518,87.58008011481074
GA,382.38000000000005,346474.4660024061,0.051061666666666665,0.8962638803924531,65.24586469335306
