algorithm,makespan,energy,cost,reliability,load_balance
HEFT,505.21,936601.88480038,0.11160500000000001,0.7535209934923423,107.83611601003179
GA,500.88999999999993,876304.0610513284,0.17439833333333332,0.7545633812461587,53.14075241979488
