algorithm,makespan,energy,cost,reliability,load_balance
HEFT,323.44000000000005,1111652.6556084591,0.03928638888888889,0.7741094555123428,59.68349436467653
GA,338.44000000000005,1106057.4906925897,0.04536750000000001,0.766713561829478,29.41836988821713
