algorithm,makespan,energy,cost,reliability,load_balance
HEFT,453.08,1535150.723073188,0.05497833333333333,0.6967010986591888,73.09811510103667
GA,487.42,1582263.217327972,0.08653861111111114,0.6815563132032295,30.845211862077853
