algorithm,makespan,energy,cost,reliability,load_balance
HEFT,378.67999999999995,651550.9188232808,0.02820138888888889,0.8563391311923582,69.66648647884038
GA,393.40999999999997,644186.3451869551,0.04345583333333333,0.8523121892163078,33.83561279399505
