algorithm,makespan,energy,cost,reliability,load_balance
HEFT,182.6,316042.7918948521,0.00869388888888889,0.9315073485770563,36.1666563543665
GA,190.6,315325.6992654774,0.008693888888888888,0.9291257395249617,23.207258866848175
