algorithm,makespan,energy,cost,reliability,load_balance
HEFT,456.4,1549902.0645705522,0.07337888888888885,0.6841248833690489,72.73807150730752
GA,488.4,1595150.197768222,0.11455638888888887,0.6702565027072764,36.25470897404444
