algorithm,makespan,energy,cost,reliability,load_balance
HEFT,440.97999999999996,1555465.696471495,0.09478277777777779,0.6728454628495346,89.93149263210685
GA,467.39,1542332.4392263421,0.12684611111111113,0.6615683334542501,38.059420360139505
