algorithm,makespan,energy,cost,reliability,load_balance
HEFT,549.9200000000001,561878.4101687518,0.10156833333333336,0.8147822331778122,95.65734506560382
GA,563.8399999999999,551792.6874290578,0.14744694444444442,0.812969569519626,48.00884430671777
