algorithm,makespan,energy,cost,reliability,load_balance
HEFT,199.55,5669.219999999998,0.19627944444444445,0.9720518814196512,11.698272646705867
GA,218.57,5669.22,0.20093388888888886,0.972051881419651,31.256806985305886
