algorithm,makespan,energy,cost,reliability,load_balance
HEFT,1020.1299999999999,412217.36396341637,0.09920472222222221,0.8548049198473093,78.60797160593833
GA,965.97,412443.73431887117,0.10125944444444446,0.8566587765982421,64.81187391211576
