algorithm,makespan,energy,cost,reliability,load_balance
HEFT,800.6,6214.72,0.12290527777777781,0.9694042222995883,19.59622412609124
GA,787.36,6214.720000000001,0.12578638888888888,0.9694042222995883,7.952815015242547
