algorithm,makespan,energy,cost,reliability,load_balance
HEFT,730.5700000000002,430972.51244918356,0.10023888888888892,0.8455506559664816,106.86261500503481
GA,800.0000000000001,436987.86660000007,0.13224361111111113,0.8408671484810115,17.786341469148248
