algorithm,makespan,energy,cost,reliability,load_balance
HEFT,326.21999999999997,4915.1,0.1281152777777778,0.9757240189739694,12.274830155938725
GA,334.05999999999995,4915.099999999999,0.11453000000000002,0.9757240189739694,17.396255703455264
