algorithm,makespan,energy,cost,reliability,load_balance
HEFT,425.90000000000003,765723.1206151679,0.05863138888888889,0.8120092071744118,91.19929385636271
GA,448.4600000000001,762660.6287517281,0.07986361111111114,0.806168259159561,57.14744557181068
