algorithm,makespan,energy,cost,reliability,load_balance
HEFT,78.28,3741.2799999999997,0.1789147222222222,0.981467478797001,11.21180915446428
GA,107.71000000000001,3741.2800000000007,0.1417830555555555,0.981467478797001,32.91371211457757
