algorithm,makespan,energy,cost,reliability,load_balance
HEFT,114.31,713.7399999999999,0.02581222222222222,0.996437660241664,17.34441961169836
GA,97.11,713.7399999999999,0.022195,0.996437660241664,8.060319989512413
