algorithm,makespan,energy,cost,reliability,load_balance
HEFT,270.05,81185.53567857805,0.0080975,0.9777880013310163,131.83703839083563
GA,274.05,68283.84933406312,0.0080975,0.9776315677658223,72.29698950624892
