algorithm,makespan,energy,cost,reliability,load_balance
HEFT,618.5799999999999,1101924.2209900091,0.12255444444444444,0.7231148626064111,111.1167641819094
GA,605.17,1037392.9656790654,0.21739361111111113,0.7262245605006967,58.75892737937099
