algorithm,makespan,energy,cost,reliability,load_balance
HEFT,111.22,2960.6999999999994,0.12159111111111115,0.9853055331191347,10.366385560229435
GA,119.96000000000001,2960.7,0.09083944444444443,0.9853055331191347,19.092147153127296
