algorithm,makespan,energy,cost,reliability,load_balance
HEFT,415.58000000000004,412204.89077915205,0.04962305555555556,0.8785890592493065,108.51043969552731
GA,438.48,398141.5814860427,0.08770555555555555,0.8753757992233906,59.37679807452852
