algorithm,makespan,energy,cost,reliability,load_balance
HEFT,530.0300000000001,511386.4779163444,0.06605166666666668,0.8462872821581928,115.41344561871176
GA,590.03,521410.1650933004,0.1281872222222222,0.8382017966762209,43.320356757341386
