algorithm,makespan,energy,cost,reliability,load_balance
HEFT,497.57000000000005,188629.95172538538,0.047925000000000016,0.9295409656599923,24.680698261326924
GA,401.39,191457.1140287501,0.03977277777777778,0.9331239835369303,39.47579595988742
