algorithm,makespan,energy,cost,reliability,load_balance
HEFT,371.97,2951.68,0.06458055555555556,0.9853499714007541,3.6775988543250913
GA,374.7799999999999,2951.68,0.07087666666666667,0.9853499714007541,7.225598014466801
