algorithm,makespan,energy,cost,reliability,load_balance
HEFT,396.78000000000003,6050.04,0.1386961111111111,0.9702027584484458,10.338211713278623
GA,411.0,6050.040000000002,0.12225027777777778,0.9702027584484458,35.44274930887033
