algorithm,makespan,energy,cost,reliability,load_balance
HEFT,847.5499999999998,509553.98122824606,0.1476366666666666,0.816565295316412,59.537417871332906
GA,749.7600000000001,491253.51471137436,0.13431722222222223,0.822978502125852,44.90353547566477
