algorithm,makespan,energy,cost,reliability,load_balance
HEFT,487.55000000000007,874622.8895292791,0.0684327777777778,0.7856420479627758,101.44746549988719
GA,503.55000000000007,844585.3478899812,0.1053763888888889,0.7816298406926148,41.737759398135076
