algorithm,makespan,energy,cost,reliability,load_balance
HEFT,107.4,4139.040000000001,0.16631138888888886,0.9795174760006914,15.182661163313895
GA,107.3,4139.04,0.13634694444444442,0.9795174760006914,28.682521596981157
