algorithm,makespan,energy,cost,reliability,load_balance
HEFT,277.76,250704.9686419931,0.008958611111111112,0.9442710734302534,69.59520402237978
GA,279.76,241328.33039033457,0.008958611111111112,0.943968955028278,53.23788284279656
