algorithm,makespan,energy,cost,reliability,load_balance
HEFT,702.7099999999999,231730.11666263462,0.06155666666666666,0.9127004010945962,72.83216894568864
GA,578.66,224797.2198873259,0.054595,0.917240475093157,45.615645342360295
