algorithm,makespan,energy,cost,reliability,load_balance
HEFT,501.75,1687109.4921375187,0.08630388888888887,0.6634182785598657,72.50842720521395
GA,466.33000000000004,1519736.495057148,0.13173194444444444,0.6786289270490069,28.28333201272551
