algorithm,makespan,energy,cost,reliability,load_balance
HEFT,348.41,335189.0371114492,0.04012805555555555,0.9026705784877307,86.29403949095597
GA,366.07,326974.9663725517,0.07792833333333336,0.9001235925774475,51.564406053659404
