algorithm,makespan,energy,cost,reliability,load_balance
HEFT,647.0699999999999,262156.1623162873,0.058805,0.9052921225669949,63.75545852447974
GA,593.36,261427.59877645946,0.05776805555555555,0.9072391429034707,10.233713483709895
