algorithm,makespan,energy,cost,reliability,load_balance
HEFT,818.2800000000001,454304.52886542503,0.12127833333333336,0.8359875151834809,64.97051545563902
GA,646.88,418226.2376638634,0.10791527777777778,0.8475295271834397,56.06203012225447
