algorithm,makespan,energy,cost,reliability,load_balance
HEFT,527.84,321964.80456198845,0.0782977777777778,0.8815478466010996,71.44575959625394
GA,513.35,323873.84042076557,0.08792861111111112,0.8825703293814028,91.98306035818304
