algorithm,makespan,energy,cost,reliability,load_balance
HEFT,299.76,297052.3267614092,0.04397305555555556,0.9011340980358724,56.853075345578276
GA,320.15999999999997,300382.8715954523,0.06412583333333333,0.8981975913258877,35.18985236660326
