algorithm,makespan,energy,cost,reliability,load_balance
HEFT,117.81,3014.5800000000013,0.11990583333333336,0.9850401275602464,11.660032572138611
GA,128.73999999999998,3014.5800000000004,0.11703805555555558,0.9850401275602464,25.820164721589208
