algorithm,makespan,energy,cost,reliability,load_balance
HEFT,446.22,1474279.7389404331,0.03006972222222223,0.7271829372658203,55.820769995334395
GA,465.22,1503109.7274192856,0.02291416666666667,0.7183939381621705,29.916783966061992
