algorithm,makespan,energy,cost,reliability,load_balance
HEFT,177.73000000000002,161121.9705733416,0.008482777777777778,0.9621666600751115,44.45923173256597
GA,179.73000000000002,154825.565181105,0.007035277777777779,0.9618588160015662,32.49194699588398
