algorithm,makespan,energy,cost,reliability,load_balance
HEFT,31.26,410.68000000000006,0.00570388888888889,0.9979487067835102,11.161856401752054
GA,31.26,410.68,0.0071175000000000006,0.9979487067835102,12.45584354162067
