algorithm,makespan,energy,cost,reliability,load_balance
HEFT,809.0200000000002,275865.0050431387,0.07332388888888891,0.8973928077629053,86.8539106776432
GA,689.7300000000001,270303.9826018877,0.0629613888888889,0.9016850395471668,65.23592006453714
