algorithm,makespan,energy,cost,reliability,load_balance
HEFT,821.8900000000001,339444.71441433765,0.0765213888888889,0.8793924567461869,55.93002495678555
GA,785.1099999999999,340862.13739476004,0.07682194444444444,0.8806871710868944,68.00977056031488
