algorithm,makespan,energy,cost,reliability,load_balance
HEFT,624.15,4901.72,0.09015500000000001,0.9757892970943676,15.334754644271266
GA,620.6399999999999,4901.720000000001,0.09747722222222223,0.9757892970943676,5.504819100872649
