algorithm,makespan,energy,cost,reliability,load_balance
HEFT,461.28,3552.5,0.08293611111111113,0.9823943233056892,15.073102699842519
GA,454.08000000000004,3552.5,0.08171722222222223,0.9823943233056892,10.953731099492986
