algorithm,makespan,energy,cost,reliability,load_balance
HEFT,729.9800000000001,267377.5689881915,0.06659944444444446,0.9010901237648693,52.62342341264648
GA,713.07,266351.45291486115,0.07169111111111112,0.9016998273030746,39.07749682788461
