algorithm,makespan,energy,cost,reliability,load_balance
HEFT,151.03,497683.21439449117,0.007192222222222223,0.8997114303643984,18.22875905054476
GA,153.03,495575.3974384107,0.0064286111111111115,0.8985605364627646,11.410350606675586
