algorithm,makespan,energy,cost,reliability,load_balance
HEFT,408.89,720857.0681356844,0.04505111111111111,0.8328750900333224,84.16362726220548
GA,370.33,620431.7501957713,0.055226388888888894,0.8432157689951061,40.348884371943704
