algorithm,makespan,energy,cost,reliability,load_balance
HEFT,56.23,2261.980000000001,0.09288027777777778,0.9887538164837609,10.320248687105833
GA,88.75999999999999,2261.980000000001,0.07485222222222222,0.9887538164837609,28.87960532852642
