algorithm,makespan,energy,cost,reliability,load_balance
HEFT,444.96999999999997,1527439.345888487,0.07704749999999999,0.6938490842331712,79.38965248835784
GA,470.96999999999997,1536251.5235365313,0.10806916666666665,0.6823989646666907,34.19041662350561
