algorithm,makespan,energy,cost,reliability,load_balance
HEFT,453.6700000000001,261813.16523023346,0.04833750000000001,0.908430221835885,110.61550207007285
GA,501.6700000000001,258416.75593517654,0.07667277777777778,0.9049485388935754,39.38237076136624
