algorithm,makespan,energy,cost,reliability,load_balance
HEFT,598.4199999999998,335098.26255806955,0.07063611111111111,0.8833346129927415,130.6618170261359
GA,604.8799999999999,326473.09704404173,0.0849775,0.8828782236059223,90.93934210701737
