algorithm,makespan,energy,cost,reliability,load_balance
HEFT,54.4,678.9000000000001,0.009429166666666666,0.9966112548017253,17.190785178707923
GA,54.4,678.9000000000001,0.013228333333333335,0.9966112548017253,18.311677877064877
