algorithm,makespan,energy,cost,reliability,load_balance
HEFT,195.71,333525.20908487047,0.007000833333333335,0.9298719411539096,34.974068076253545
GA,204.71,334771.5292364809,0.007000833333333334,0.9271977626288543,20.341344653649326
