algorithm,makespan,energy,cost,reliability,load_balance
HEFT,124.02,2920.4799999999996,0.1255413888888889,0.9855036979866545,16.13609452955289
GA,138.57999999999998,2920.479999999999,0.11462,0.9855036979866545,37.475312584864895
