algorithm,makespan,energy,cost,reliability,load_balance
HEFT,490.31000000000006,460153.6056780405,0.05455111111111112,0.8719639479690827,115.18187211970468
GA,470.31000000000006,414657.3107950075,0.09222722222222224,0.8747587018238953,55.79594332625506
