algorithm,makespan,energy,cost,reliability,load_balance
HEFT,287.42,4437.52,0.12189861111111112,0.978056734396014,10.5382500580369
GA,297.32000000000005,4437.52,0.11226361111111109,0.978056734396014,18.70001986247991
