algorithm,makespan,energy,cost,reliability,load_balance
HEFT,554.24,327458.7850028868,0.07090111111111111,0.8823514790782755,104.064820733453
GA,560.27,322046.97303086007,0.08552083333333332,0.881925935374162,74.01682530730042
