algorithm,makespan,energy,cost,reliability,load_balance
HEFT,98.49000000000001,2432.96,0.0982088888888889,0.9879088920604534,12.10617253029765
GA,103.41999999999999,2432.96,0.08815972222222222,0.9879088920604534,27.22446840619666
