algorithm,makespan,energy,cost,reliability,load_balance
HEFT,336.55,347287.9617887386,0.04259361111111112,0.9006256414508866,103.8570502501716
GA,359.55,329086.9518564872,0.06471472222222223,0.8973174299329665,56.654745785326774
