algorithm,makespan,energy,cost,reliability,load_balance
HEFT,304.23,1019497.686520067,0.03082916666666667,0.7975971767678007,45.455974572986115
GA,322.23,1046062.2637557025,0.0337325,0.7884615793646529,24.70175597380648
