algorithm,makespan,energy,cost,reliability,load_balance
HEFT,373.58000000000004,352867.57687777723,0.04663111111111111,0.8945833498448871,80.68123563082477
GA,386.58000000000004,350919.1691499819,0.05817583333333335,0.8927245502988966,61.60406758418365
