algorithm,makespan,energy,cost,reliability,load_balance
HEFT,278.45000000000005,927696.3193032861,0.017985555555555557,0.8187978917523825,39.33308044429146
GA,289.45000000000005,936146.8880635691,0.02124555555555556,0.813053797529964,19.547546058767654
