algorithm,makespan,energy,cost,reliability,load_balance
HEFT,493.78000000000003,515181.7809753332,0.0961525,0.8285659861203101,92.64756544516788
GA,534.6,524859.135147774,0.1475008333333334,0.823172089434527,60.52995751072357
