algorithm,makespan,energy,cost,reliability,load_balance
HEFT,601.3,560150.5937302511,0.06616305555555557,0.8526562518430432,145.99370347010404
GA,624.03,541700.3098729227,0.10052166666666666,0.8495609435066452,85.278109029125
