algorithm,makespan,energy,cost,reliability,load_balance
HEFT,68.92999999999999,2940.5599999999995,0.12986583333333332,0.985404758382228,8.822588951461562
GA,84.89,2940.56,0.09572972222222224,0.985404758382228,23.05385262744043
