algorithm,makespan,energy,cost,reliability,load_balance
HEFT,357.0,637660.7459103642,0.042937222222222224,0.8417774591249163,74.39273380813192
GA,375.90999999999997,628776.658854513,0.072705,0.8366990760164549,34.54724205736488
