algorithm,makespan,energy,cost,reliability,load_balance
HEFT,541.15,193592.33151621546,0.04509777777777778,0.9277668657589879,76.52747850717846
GA,506.75,195491.41036013814,0.045949166666666666,0.9290443516750191,104.39141870862758
