algorithm,makespan,energy,cost,reliability,load_balance
HEFT,310.4099999999999,2342.8600000000006,0.05316055555555555,0.9883540452795606,11.884015525065546
GA,301.68000000000006,2342.8599999999997,0.05893333333333334,0.9883540452795606,8.368258978624773
