algorithm,makespan,energy,cost,reliability,load_balance
HEFT,698.49,424623.71426935244,0.09892000000000001,0.8462469998422889,85.1039140865868
GA,717.9000000000001,424361.72088034544,0.12164972222222223,0.8449339672033054,55.12171745976612
