algorithm,makespan,energy,cost,reliability,load_balance
HEFT,275.24,83096.90920651068,0.0095475,0.9767352951853058,132.5021095115093
GA,280.24,73009.87814016559,0.011315555555555556,0.9765399676596723,87.56440805677461
