algorithm,makespan,energy,cost,reliability,load_balance
HEFT,217.94,736307.5352390567,0.017278611111111113,0.8489542339110755,35.4172702690161
GA,226.94,739655.2505067419,0.016853055555555562,0.8440783136550218,19.826899435994516
