algorithm,makespan,energy,cost,reliability,load_balance
HEFT,104.12,621.96,0.018420555555555558,0.9968950304195098,17.88684898652266
GA,86.59,621.96,0.01829,0.9968950304195098,6.905290242512138
