algorithm,makespan,energy,cost,reliability,load_balance
HEFT,183.35,58527.88050177257,0.010596944444444444,0.9800559667692099,69.35417044658045
GA,183.35,60514.275156803924,0.00981111111111111,0.9800559667692099,77.6145550675473
