algorithm,makespan,energy,cost,reliability,load_balance
HEFT,381.29,141371.70193291194,0.030435,0.949342537276999,111.69952771460883
GA,386.29,137872.38859406146,0.03207527777777778,0.9491526877551286,88.1393613829826
