algorithm,makespan,energy,cost,reliability,load_balance
HEFT,280.89,2064.14,0.04607361111111111,0.9897323756746078,18.52628650503566
GA,263.8,2064.14,0.047077222222222215,0.9897323756746078,5.008036042202576
