algorithm,makespan,energy,cost,reliability,load_balance
HEFT,416.26,711004.3396675155,0.01912,0.8537756710238684,75.171811527236
GA,430.26,699919.314902617,0.017816111111111112,0.8499593110470167,34.73426248276727
