algorithm,makespan,energy,cost,reliability,load_balance
HEFT,102.9,4344.979999999999,0.2153869444444444,0.9785093859598827,12.508977804187083
GA,112.52000000000001,4344.979999999999,0.1968561111111112,0.9785093859598827,28.70815333038907
