algorithm,makespan,energy,cost,reliability,load_balance
HEFT,483.3299999999999,880494.0893592368,0.08114166666666667,0.7875941183962015,110.68739757240118
GA,537.8899999999999,901574.4968116157,0.12672916666666664,0.7739626982726036,51.4641958289309
