algorithm,makespan,energy,cost,reliability,load_balance
HEFT,383.89,130373.11107348459,0.02658416666666667,0.9513329238923645,80.38594171246609
GA,380.98,126895.60850963305,0.03230722222222222,0.9514436654897415,47.591299887689566
