algorithm,makespan,energy,cost,reliability,load_balance
HEFT,88.89,3760.9600000000005,0.1271877777777778,0.9813709071484904,13.176822026182085
GA,96.68,3760.96,0.11664,0.9813709071484904,23.856234729811636
