algorithm,makespan,energy,cost,reliability,load_balance
HEFT,476.21999999999997,850460.6237663265,0.07302666666666667,0.7907356217624582,96.53336471043856
GA,506.11999999999995,850629.5569627756,0.10037472222222223,0.7832059427607492,48.88125202051132
