algorithm,makespan,energy,cost,reliability,load_balance
HEFT,992.5500000000001,384802.1912447736,0.0940675,0.8623797155793111,69.4122066594437
GA,870.49,385413.97998828243,0.08747305555555555,0.8666004936816465,40.39592925035896
