algorithm,makespan,energy,cost,reliability,load_balance
HEFT,554.9499999999999,175967.60666726728,0.04617861111111111,0.9334637024920366,82.62899430587306
GA,468.41999999999996,167523.9447077409,0.04357305555555556,0.9367002049191202,43.857697537984535
