algorithm,makespan,energy,cost,reliability,load_balance
HEFT,88.7,1978.0000000000002,0.0983011111111111,0.9901587452209016,13.613862787614687
GA,89.64,1978.0000000000002,0.06735249999999998,0.9901587452209016,20.758835066865704
