algorithm,makespan,energy,cost,reliability,load_balance
HEFT,459.63999999999993,427939.4468497084,0.03637472222222222,0.8942921209208192,121.0747298004418
GA,473.64,399840.8476691158,0.04660361111111111,0.892291148495746,53.031003726593745
