algorithm,makespan,energy,cost,reliability,load_balance
HEFT,366.65,1216020.5207963998,0.020795277777777777,0.7715319462999367,48.91521294358708
GA,383.36,1239544.364696369,0.017580833333333337,0.7633248383217675,26.14752633628934
