algorithm,makespan,energy,cost,reliability,load_balance
HEFT,306.66,102865.56251222854,0.01976722222222222,0.9642992569741556,110.62193076721573
GA,309.66,103670.63166053093,0.022183333333333333,0.9641835480059956,113.42054296584315
