algorithm,makespan,energy,cost,reliability,load_balance
HEFT,450.67999999999995,3505.2799999999993,0.07709972222222224,0.9826262939884832,14.501188457042641
GA,448.23,3505.28,0.07455361111111111,0.9826262939884832,7.178834631516927
