algorithm,makespan,energy,cost,reliability,load_balance
HEFT,644.2299999999999,242956.10382937768,0.061547500000000005,0.9101939229785988,43.34424558116101
GA,567.31,244507.22788246284,0.05467444444444445,0.9129987203283817,68.1599375855543
