algorithm,makespan,energy,cost,reliability,load_balance
HEFT,170.75,2061.2,0.07054444444444444,0.9897469248474664,18.7658466369093
GA,155.81,2061.2,0.07768500000000002,0.9897469248474664,23.595307644892934
