algorithm,makespan,energy,cost,reliability,load_balance
HEFT,404.65,211196.358680341,0.03134111111111111,0.9345699518928424,120.89336703416421
GA,417.15,194074.89713532303,0.04476555555555556,0.9336358490702028,48.097833853808545
