algorithm,makespan,energy,cost,reliability,load_balance
HEFT,86.81,2988.5199999999995,0.14673666666666663,0.9851684866512807,13.04387013059663
GA,89.86,2988.520000000001,0.12118138888888891,0.9851684866512807,27.945152726136545
