algorithm,makespan,energy,cost,reliability,load_balance
HEFT,377.3399999999999,672675.2955424815,0.05154249999999999,0.8327141941089747,77.09649646604382
GA,400.3399999999999,673817.594994255,0.059445000000000005,0.8266079163071708,43.016171897997424
