algorithm,makespan,energy,cost,reliability,load_balance
HEFT,584.35,349875.3998288697,0.0738263888888889,0.8759081895395741,122.02622293559925
GA,642.91,350506.04870044015,0.10181083333333334,0.8718143317930462,60.59343433020253
