algorithm,makespan,energy,cost,reliability,load_balance
HEFT,301.39,4328.46,0.13441444444444448,0.9785902141733223,17.3811790143411
GA,292.95,4328.459999999999,0.1240791666666667,0.9785902141733223,26.284173639826903
