algorithm,makespan,energy,cost,reliability,load_balance
HEFT,439.13,417206.1796962175,0.05115972222222223,0.8832056555533667,108.2460611119407
GA,455.72999999999996,400982.83130362275,0.08565333333333333,0.8808629737907696,59.01542080606277
