algorithm,makespan,energy,cost,reliability,load_balance
HEFT,165.43,548978.6735174998,0.007657777777777778,0.8896720209153895,22.268638064997177
GA,170.43,553449.6862054802,0.007657777777777779,0.8868296207142963,14.126689700873376
