algorithm,makespan,energy,cost,reliability,load_balance
HEFT,673.84,1175302.0492698567,0.0902986111111111,0.730017187935324,122.21584655020753
GA,753.84,1241959.1030192084,0.18871333333333332,0.711565931677877,50.269236724731535
