algorithm,makespan,energy,cost,reliability,load_balance
HEFT,99.38,4510.92,0.2010725,0.9776978534331755,13.440139313194061
GA,114.62,4510.919999999999,0.17970333333333333,0.9776978534331755,28.816867421423012
