algorithm,makespan,energy,cost,reliability,load_balance
HEFT,689.1599999999999,642892.8210430087,0.08635222222222222,0.8105236165361576,126.9887983626246
GA,659.05,592870.1648888551,0.15760055555555558,0.814437816064533,53.78959294866744
