algorithm,makespan,energy,cost,reliability,load_balance
HEFT,167.71,88343.80358952955,0.008140555555555555,0.9763224187907217,62.067429231671674
GA,167.71,85722.16385427225,0.009503333333333334,0.9763224187907217,56.78255315549964
