algorithm,makespan,energy,cost,reliability,load_balance
HEFT,324.39,107444.77326674682,0.017568611111111115,0.9627926568228994,116.73591692362723
GA,325.39,107174.28574940839,0.01971527777777778,0.9627541458868503,115.14711068889223
