algorithm,makespan,energy,cost,reliability,load_balance
HEFT,384.17999999999995,207847.32372846061,0.04286694444444444,0.9295461711039753,98.69227946899247
GA,411.67999999999995,203113.20712689465,0.06267527777777777,0.9275034173805529,51.13730115720673
