algorithm,makespan,energy,cost,reliability,load_balance
HEFT,107.1,2258.42,0.08162361111111112,0.9887714164583337,16.58201836076256
GA,101.96,2258.42,0.08104361111111111,0.9887714164583337,21.749699451946455
