algorithm,makespan,energy,cost,reliability,load_balance
HEFT,339.7,330236.25281130406,0.048951666666666664,0.8996599683424096,79.79008859710167
GA,347.45,325760.33714203484,0.04893611111111112,0.8985450813544517,64.77412764110888
