algorithm,makespan,energy,cost,reliability,load_balance
HEFT,565.8,326736.5762106751,0.06374361111111111,0.8861176051466692,131.5582179656053
GA,603.7299999999999,319678.7414241466,0.09306944444444443,0.8834328452633193,59.80059579254085
