algorithm,makespan,energy,cost,reliability,load_balance
HEFT,826.5999999999999,283895.701500121,0.07733444444444444,0.8943568700142629,71.12083543753783
GA,663.72,279035.58967636956,0.06553583333333333,0.9002028069389751,44.700149515037104
