algorithm,makespan,energy,cost,reliability,load_balance
HEFT,507.44999999999993,3924.559999999999,0.07235166666666668,0.9805684739863502,11.509755282657652
GA,499.09000000000003,3924.559999999999,0.08320555555555556,0.9805684739863502,6.422123221074661
