algorithm,makespan,energy,cost,reliability,load_balance
HEFT,511.4699999999999,1756457.7364263788,0.09424583333333332,0.6429124002683836,87.71208122054047
GA,550.4699999999999,1803139.4612785438,0.1436838888888889,0.6270639186027819,40.1131469361113
