algorithm,makespan,energy,cost,reliability,load_balance
HEFT,257.76,234191.16410614524,0.010270000000000001,0.945855377050013,65.32094166498213
GA,259.76,224631.84547274405,0.01319166666666667,0.945552751751987,48.69948562356691
