algorithm,makespan,energy,cost,reliability,load_balance
HEFT,254.03,136649.08762744558,0.01779277777777778,0.9564614443594921,78.63143835778591
GA,256.95,129336.91204514497,0.02224388888888889,0.9562380410606109,56.711794549912
