algorithm,makespan,energy,cost,reliability,load_balance
HEFT,109.7,1230.88,0.03805055555555555,0.9938644995280516,13.532912261805082
GA,88.74000000000001,1230.88,0.03675833333333333,0.9938644995280516,11.175891143758644
