algorithm,makespan,energy,cost,reliability,load_balance
HEFT,161.89999999999998,2404.54,0.11947166666666667,0.9880492838886183,8.23142400022187
GA,168.60999999999999,2404.54,0.09921277777777777,0.9880492838886183,25.491439984826275
