algorithm,makespan,energy,cost,reliability,load_balance
HEFT,461.58000000000004,250458.64177390706,0.04155972222222222,0.9166686622426661,124.1443298788609
GA,475.58000000000004,245731.35651204846,0.059604166666666666,0.9156425680609571,98.54942856071189
