algorithm,makespan,energy,cost,reliability,load_balance
HEFT,112.88,2958.4200000000005,0.13543138888888887,0.9853167656662376,12.582044597361747
GA,124.49,2958.4199999999996,0.12125277777777778,0.9853167656662376,22.915183167134696
