algorithm,makespan,energy,cost,reliability,load_balance
HEFT,449.44000000000005,425861.87818173727,0.04380666666666667,0.8792099138207776,107.05264248451165
GA,469.27000000000004,409707.18147335225,0.08479861111111112,0.8764247772832284,48.16577951460975
