algorithm,makespan,energy,cost,reliability,load_balance
HEFT,535.73,534592.434491255,0.08614194444444445,0.8327684888444199,114.9590378624056
GA,570.4,528321.0769460028,0.13598083333333336,0.8281617445620459,52.2869407492604
