algorithm,makespan,energy,cost,reliability,load_balance
HEFT,165.55,4724.679999999999,0.1896533333333333,0.976653448197006,11.393623289659295
GA,203.05,4724.680000000001,0.18754999999999997,0.976653448197006,39.04389630061699
