algorithm,makespan,energy,cost,reliability,load_balance
HEFT,400.83,1342070.8733627722,0.04561277777777779,0.7374433553669627,58.50247587671275
GA,418.82,1355914.3625662576,0.04676805555555555,0.7290014193450479,26.180611896227955
