algorithm,makespan,energy,cost,reliability,load_balance
HEFT,237.23000000000002,6374.220000000002,0.2317783333333334,0.9686314306239434,14.49924594303672
GA,254.95999999999998,6374.220000000004,0.19118694444444448,0.9686314306239434,53.807187124491094
