algorithm,makespan,energy,cost,reliability,load_balance
HEFT,594.6400000000001,596556.5333983587,0.10560944444444445,0.8064040172246887,101.92395949105067
GA,648.9300000000001,618077.5864577072,0.17260527777777782,0.799429604492472,72.68525388045822
