algorithm,makespan,energy,cost,reliability,load_balance
HEFT,478.5100000000001,175149.0416710205,0.03901527777777779,0.934877289016479,75.63467916020184
GA,488.80000000000007,173854.56245908348,0.041428333333333345,0.9344925727043683,54.61988732748054
