algorithm,makespan,energy,cost,reliability,load_balance
HEFT,307.88000000000005,2357.8,0.057315833333333344,0.9882802179898619,10.753543601994677
GA,303.33,2357.7999999999997,0.05271416666666666,0.9882802179898619,10.244675039583566
