algorithm,makespan,energy,cost,reliability,load_balance
HEFT,461.73,265199.6021484418,0.04951055555555556,0.9128964701978192,142.56429574556378
GA,487.58,247184.20304360308,0.07489083333333335,0.9110105510100042,59.555507302011954
