algorithm,makespan,energy,cost,reliability,load_balance
HEFT,584.9499999999999,1061366.266809129,0.1112688888888889,0.7357845015012029,121.05196782878738
GA,630.72,1066457.0585838407,0.2297527777777778,0.7250864426453321,51.398968915186956
