algorithm,makespan,energy,cost,reliability,load_balance
HEFT,138.49,3957.88,0.1590883333333333,0.980405124885942,10.60920724339634
GA,171.47,3957.88,0.14590277777777777,0.980405124885942,40.01410532549741
