algorithm,makespan,energy,cost,reliability,load_balance
HEFT,524.68,511034.531485858,0.07184972222222222,0.8464690841912399,118.77469825963215
GA,559.84,509813.6143541011,0.12539777777777777,0.8417205568919964,72.75630895897162
