algorithm,makespan,energy,cost,reliability,load_balance
HEFT,494.36000000000007,881168.2172505867,0.07329305555555557,0.7822175345085497,97.81266442838907
GA,510.35999999999996,870252.6051022805,0.11041333333333332,0.7782228159379985,63.41275784938323
