algorithm,makespan,energy,cost,reliability,load_balance
HEFT,271.46,465794.88981802104,0.017470555555555555,0.89878628322213,50.06709438565188
GA,277.46,454205.9445325452,0.022230555555555555,0.8970622691414779,25.90604484626344
