algorithm,makespan,energy,cost,reliability,load_balance
HEFT,160.15,82877.43609116453,0.009225555555555556,0.9765063752625774,54.4428909008592
GA,161.15,74652.80961836799,0.007612500000000001,0.9764282578772935,31.708014731519945
