algorithm,makespan,energy,cost,reliability,load_balance
HEFT,470.20000000000005,878902.1629094002,0.11595055555555558,0.7622200389148157,99.83333692354636
GA,515.2,898671.7892080744,0.20292500000000005,0.7513227193602663,55.89120711040391
