algorithm,makespan,energy,cost,reliability,load_balance
HEFT,57.89,1281.4800000000002,0.017798333333333336,0.9936130836151251,19.156343417916727
GA,57.89,1281.4800000000002,0.022103611111111116,0.9936130836151251,21.7344144288388
