algorithm,makespan,energy,cost,reliability,load_balance
HEFT,294.50000000000006,515005.2551782683,0.01919888888888889,0.88692150102232,61.1838013487217
GA,300.50000000000006,499633.12595673883,0.019061944444444447,0.8852202454683148,37.51741572874803
