algorithm,makespan,energy,cost,reliability,load_balance
HEFT,159.42000000000002,2056.2,0.07827583333333332,0.9897716688298861,17.289910972256962
GA,150.25,2056.2,0.06898138888888888,0.9897716688298861,15.749680042101536
