algorithm,makespan,energy,cost,reliability,load_balance
HEFT,278.08,158111.24359896436,0.027527777777777776,0.9442865596028439,69.92348936005492
GA,286.08,153832.9746224832,0.03859,0.9436824095533355,48.67027275452645
