algorithm,makespan,energy,cost,reliability,load_balance
HEFT,287.94,967227.8850454956,0.03112666666666667,0.8030492776353527,43.631115840010835
GA,290.94,949550.8377672372,0.03360555555555556,0.8015089022558605,25.803357162838633
