algorithm,makespan,energy,cost,reliability,load_balance
HEFT,425.89,144576.72347319731,0.032515555555555554,0.9483530788724027,129.8129619876228
GA,434.08,137335.36255989678,0.03862722222222223,0.9480424492876682,75.00097977137806
