algorithm,makespan,energy,cost,reliability,load_balance
HEFT,281.23,484526.9752871315,0.023069444444444445,0.8920916544992021,52.59667908917518
GA,294.38,481239.2701270467,0.021076666666666667,0.88834562000132,24.552338425848962
