algorithm,makespan,energy,cost,reliability,load_balance
HEFT,52.38,1152.0399999999997,0.016000555555555553,0.9942563581440245,17.635049948711472
GA,52.38,1152.04,0.022411944444444446,0.9942563581440245,18.232731633591843
