algorithm,makespan,energy,cost,reliability,load_balance
HEFT,326.59000000000003,611033.4979331883,0.07042166666666667,0.831667298288322,72.86275777698052
GA,361.36,626004.5208379455,0.10526805555555553,0.8224651237312427,39.518765324873435
