algorithm,makespan,energy,cost,reliability,load_balance
HEFT,82.09,4016.720000000001,0.19440888888888894,0.9801167321228561,9.841210832268624
GA,116.51999999999998,4016.72,0.15370833333333336,0.9801167321228561,31.0117939843704
