algorithm,makespan,energy,cost,reliability,load_balance
HEFT,189.05,328686.37286432163,0.016536388888888892,0.924117916705937,37.20759239936466
GA,192.05,318095.62910700333,0.017354444444444447,0.9232311892032014,21.360817835674528
