algorithm,makespan,energy,cost,reliability,load_balance
HEFT,267.54999999999995,907245.5554475798,0.026766666666666664,0.8145241510487093,44.62256771082478
GA,296.70000000000005,966601.4472531177,0.031302500000000004,0.7994692571842336,25.09744311069246
