algorithm,makespan,energy,cost,reliability,load_balance
HEFT,902.4399999999998,354050.6375825539,0.0828825,0.8730228058013112,66.54378658697843
GA,828.0999999999999,353629.5743267721,0.08049583333333332,0.8756226900087362,36.02242357199196
