algorithm,makespan,energy,cost,reliability,load_balance
HEFT,619.01,4763.599999999999,0.08936250000000001,0.9764634099273102,17.210161726917814
GA,613.68,4763.5999999999985,0.09487444444444446,0.9764634099273102,23.084842068624464
