algorithm,makespan,energy,cost,reliability,load_balance
HEFT,222.78000000000003,1730.8,0.04358111111111111,0.9913833380724765,7.741623430090969
GA,222.72999999999996,1730.7999999999997,0.036257777777777785,0.9913833380724765,6.494423248706016
