algorithm,makespan,energy,cost,reliability,load_balance
HEFT,378.44,147223.82607546772,0.03139583333333334,0.9469524483427619,97.5498643429776
GA,397.44,144252.97297705314,0.03484722222222223,0.9462330378926201,71.2499274853432
