algorithm,makespan,energy,cost,reliability,load_balance
HEFT,212.0,5855.560000000004,0.22952222222222224,0.9711466424527889,13.12713062071576
GA,224.28,5855.560000000002,0.22431166666666666,0.9711466424527889,33.795123292175354
