algorithm,makespan,energy,cost,reliability,load_balance
HEFT,579.0099999999999,583830.8250980121,0.10787527777777779,0.8100967451427635,101.61386293218067
GA,597.89,580413.2444429577,0.1652825,0.807653297336688,66.79100134000088
