algorithm,makespan,energy,cost,reliability,load_balance
HEFT,395.9,6053.819999999999,0.1619116666666667,0.9701844217895931,17.316622020887493
GA,414.82,6053.820000000001,0.14763666666666672,0.9701844217895931,37.07610625938412
