algorithm,makespan,energy,cost,reliability,load_balance
HEFT,687.22,444994.3024795553,0.11721611111111113,0.838189726657253,46.404099707276465
GA,643.0899999999999,442694.2549098882,0.12144916666666669,0.8411541013034409,74.38542761234505
