algorithm,makespan,energy,cost,reliability,load_balance
HEFT,928.8199999999999,372500.44739562017,0.10017305555555556,0.867364825544857,48.649801215763674
GA,846.45,374022.2249748952,0.0910225,0.8702273322761073,43.24679978526348
