algorithm,makespan,energy,cost,reliability,load_balance
HEFT,741.77,1284466.0345120453,0.10416972222222222,0.7097120177720673,127.8494932938096
GA,722.06,1198046.6587264214,0.2244730555555555,0.7142024595817568,54.23238813274449
