algorithm,makespan,energy,cost,reliability,load_balance
HEFT,462.72999999999996,816386.5003565793,0.05517555555555555,0.8089274860462833,93.641283944477
GA,492.72999999999996,818456.1150934588,0.07730972222222222,0.8011989385633108,46.9461443749472
