algorithm,makespan,energy,cost,reliability,load_balance
HEFT,85.28999999999999,2641.18,0.11421527777777779,0.9868809153190731,13.180187993513401
GA,76.55000000000001,2641.1800000000003,0.11753888888888887,0.9868809153190731,26.48634561300316
