algorithm,makespan,energy,cost,reliability,load_balance
HEFT,568.06,573922.2957258035,0.10184166666666668,0.8146320011858297,106.4199526228517
GA,633.5300000000001,600564.6127413068,0.15908944444444445,0.8061431071022495,75.30706666431335
