algorithm,makespan,energy,cost,reliability,load_balance
HEFT,647.9300000000001,1139316.7020202803,0.09835861111111112,0.7370284390149754,124.19839552590717
GA,696.36,1155518.240680108,0.1793625,0.7256943197492023,57.110860835774716
