algorithm,makespan,energy,cost,reliability,load_balance
HEFT,902.4799999999999,365031.5481783529,0.08409277777777778,0.8700818424294409,42.91435501864925
GA,805.17,369263.55750959425,0.07784722222222222,0.8734751487614284,74.67806148171404
