algorithm,makespan,energy,cost,reliability,load_balance
HEFT,134.75,1805.2799999999997,0.06420888888888888,0.9910142156522388,14.728350698082735
GA,140.26999999999998,1805.2799999999995,0.05553333333333334,0.9910142156522388,25.667419036591888
