algorithm,makespan,energy,cost,reliability,load_balance
HEFT,455.2399999999999,236421.27018715398,0.03259527777777778,0.9291339158674453,141.35855838459668
GA,473.2399999999999,219229.30855379932,0.051198333333333325,0.9277969258924101,69.9200805001171
