algorithm,makespan,energy,cost,reliability,load_balance
HEFT,985.2299999999998,403627.9580910041,0.10224611111111111,0.8577144875208413,25.928115209813015
GA,859.9999999999999,409089.89033720933,0.08853305555555555,0.862021729844384,43.521767255018446
