algorithm,makespan,energy,cost,reliability,load_balance
HEFT,487.21,454482.2923174812,0.0478025,0.8802849650579929,120.9310900127286
GA,498.21,424634.3123582425,0.06522305555555556,0.8787370261053438,47.564271727842105
