algorithm,makespan,energy,cost,reliability,load_balance
HEFT,455.02,1508759.420618874,0.022538055555555554,0.7266490901693401,60.69234494804644
GA,471.02,1520207.9128062504,0.01993861111111111,0.719246171119124,29.07517391981107
