algorithm,makespan,energy,cost,reliability,load_balance
HEFT,629.61,2154160.8845316945,0.11945416666666667,0.5854568478656884,105.89836009592851
GA,689.61,2253787.6300662686,0.20538361111111111,0.5634014781042987,49.30328539125993
