algorithm,makespan,energy,cost,reliability,load_balance
HEFT,678.2599999999999,231546.43907940906,0.05333527777777777,0.9133913941969543,83.98437845813946
GA,609.1399999999999,227185.56038020816,0.05239805555555555,0.9159202329794677,64.60533588644206
