algorithm,makespan,energy,cost,reliability,load_balance
HEFT,244.58,812163.3647068443,0.017854722222222223,0.8391938083213631,33.028128842567966
GA,254.58,825116.5203079582,0.016083611111111108,0.8338401180309529,19.1838596076088
