algorithm,makespan,energy,cost,reliability,load_balance
HEFT,321.31,4549.96,0.11947472222222226,0.9775070254376037,16.460628134169983
GA,322.64,4549.96,0.13086111111111112,0.9775070254376037,57.279608376055485
