algorithm,makespan,energy,cost,reliability,load_balance
HEFT,653.12,368794.85610607546,0.08225222222222221,0.8672721959279985,98.1594566800076
GA,648.0600000000001,358442.4019689535,0.10105888888888889,0.8676233387794283,33.873086134654415
