algorithm,makespan,energy,cost,reliability,load_balance
HEFT,211.04,191636.47810841547,0.008306666666666667,0.9556128658363388,53.440087933435635
GA,211.04,191004.91726686884,0.008187777777777778,0.9556128658363388,52.60215393245159
