algorithm,makespan,energy,cost,reliability,load_balance
HEFT,438.93000000000006,251794.1334381337,0.054120555555555554,0.9090190753875802,85.1298677546757
GA,450.25,248273.671049417,0.06483222222222222,0.9081962403488495,57.47024607506543
