algorithm,makespan,energy,cost,reliability,load_balance
HEFT,391.55,386835.78357808705,0.05798777777777779,0.8814519394128352,93.2637512916996
GA,385.15000000000003,362064.9510061015,0.07493000000000001,0.8823550084912506,57.77923374073652
