algorithm,makespan,energy,cost,reliability,load_balance
HEFT,117.86000000000001,2985.7200000000003,0.10136694444444444,0.9851822791066407,11.954771362654052
GA,128.99,2985.7200000000003,0.08582361111111113,0.9851822791066407,35.30356882337346
