algorithm,makespan,energy,cost,reliability,load_balance
HEFT,464.1000000000001,843574.316332687,0.08682194444444444,0.7859513375370493,98.74053794551737
GA,507.44,856267.7856101212,0.15721333333333332,0.77512637376463,43.46027494489985
