algorithm,makespan,energy,cost,reliability,load_balance
HEFT,101.92,4608.939999999998,0.26177666666666666,0.9772188011165671,14.216204516921364
GA,126.05,4608.939999999999,0.27482305555555553,0.9772188011165671,35.41523355338955
