algorithm,makespan,energy,cost,reliability,load_balance
HEFT,472.19999999999993,485239.91382888594,0.07962472222222224,0.8398516583015244,91.22818568247789
GA,521.66,500433.21759383497,0.13355277777777777,0.8332316368674364,58.220988737596464
