algorithm,makespan,energy,cost,reliability,load_balance
HEFT,440.0299999999999,790107.3614071767,0.0645111111111111,0.8078568516143787,94.33188074772613
GA,467.91999999999996,786529.1526329289,0.10730027777777776,0.8006789690127738,48.959428920708774
