algorithm,makespan,energy,cost,reliability,load_balance
HEFT,308.44,165166.58821812994,0.02291722222222222,0.950595356142341,104.28019246756034
GA,311.40999999999997,148666.60136154905,0.03231083333333334,0.9503695215159377,56.416221562216855
