algorithm,makespan,energy,cost,reliability,load_balance
HEFT,94.89,1075.9,0.04473277777777778,0.9946349435987387,12.1030644732174
GA,81.03999999999999,1075.9,0.03804694444444445,0.9946349435987387,9.314673428061154
