algorithm,makespan,energy,cost,reliability,load_balance
HEFT,555.97,315895.6399086282,0.06599138888888889,0.8875017374006031,108.21682784378513
GA,545.3000000000001,300862.64173849253,0.0789563888888889,0.8882596323071754,43.584683744898946
