algorithm,makespan,energy,cost,reliability,load_balance
HEFT,255.95999999999998,3665.320000000001,0.09685361111111111,0.9818403109417907,17.821971792465284
GA,257.46000000000004,3665.32,0.10677944444444445,0.9818403109417907,26.117678058029156
