algorithm,makespan,energy,cost,reliability,load_balance
HEFT,438.05000000000007,446282.23826047254,0.06238027777777778,0.8653521024665445,116.29014902210477
GA,471.83000000000004,429032.52224318084,0.10320694444444445,0.8606876639565022,41.89655132486047
