algorithm,makespan,energy,cost,reliability,load_balance
HEFT,436.36,412479.98760198004,0.04970277777777778,0.8832148409399485,103.64945410493006
GA,424.04,374785.95318837854,0.062471666666666675,0.8849575510852347,48.506938365385764
