algorithm,makespan,energy,cost,reliability,load_balance
HEFT,99.1,2365.9800000000005,0.13746916666666673,0.9882397981555373,13.787014044019827
GA,96.48,2365.9799999999996,0.10364055555555557,0.9882397981555373,15.309291609455135
