algorithm,makespan,energy,cost,reliability,load_balance
HEFT,419.23,423856.36552727624,0.06470666666666668,0.8624766525070955,87.72422865624601
GA,475.35999999999996,441219.7352322449,0.10646305555555553,0.854765599725366,47.732241374847106
