algorithm,makespan,energy,cost,reliability,load_balance
HEFT,155.54000000000002,4215.620000000002,0.1637563888888889,0.9791424905546758,13.382343202269674
GA,165.14000000000001,4215.620000000002,0.15879722222222223,0.9791424905546758,36.06037848179079
