algorithm,makespan,energy,cost,reliability,load_balance
HEFT,546.9499999999999,566467.2935368862,0.11381333333333332,0.8127543236774244,98.08061187954868
GA,559.91,561417.4852386989,0.16453083333333335,0.8110707424521189,70.55854835997313
