algorithm,makespan,energy,cost,reliability,load_balance
HEFT,205.92000000000002,5940.840000000001,0.21608805555555555,0.9707326337973652,12.14662525148446
GA,235.79000000000002,5940.840000000003,0.20573805555555555,0.9707326337973652,55.55314307039702
