algorithm,makespan,energy,cost,reliability,load_balance
HEFT,637.0000000000001,635417.619356358,0.10637750000000001,0.7976686446765534,115.3131454327014
GA,647.9700000000001,617616.3450931371,0.167365,0.7962698046525426,52.310771002888764
