algorithm,makespan,energy,cost,reliability,load_balance
HEFT,169.27,159072.74921722693,0.008533055555555558,0.9624780675893302,48.42727838384753
GA,169.27,146100.98966148758,0.0077816666666666685,0.9624780675893302,29.688069405065733
