algorithm,makespan,energy,cost,reliability,load_balance
HEFT,42.66,593.86,0.008248055555555557,0.9970351040112231,16.362868623298706
GA,42.66,593.86,0.011577500000000001,0.9970351040112231,17.929885375632868
