algorithm,makespan,energy,cost,reliability,load_balance
HEFT,1069.6699999999998,395692.1599465255,0.10192916666666665,0.8570971553560743,38.976224697457134
GA,958.2899999999998,394277.81858310115,0.09952805555555555,0.8609242134269661,26.015304950483912
