algorithm,makespan,energy,cost,reliability,load_balance
HEFT,755.9300000000001,5823.479999999997,0.12260305555555559,0.9713024268678144,21.72616318328359
GA,733.8899999999999,5823.4800000000005,0.12584055555555557,0.9713024268678144,8.867263764356323
