algorithm,makespan,energy,cost,reliability,load_balance
HEFT,95.15,4787.539999999999,0.2603913888888889,0.9763465342522906,10.285456373074526
GA,141.15,4787.540000000003,0.1734594444444444,0.9763465342522906,40.83253825742841
