algorithm,makespan,energy,cost,reliability,load_balance
HEFT,426.75999999999993,771779.2681366574,0.07690805555555556,0.7945440904161071,82.1468978949915
GA,467.0299999999999,796757.452304991,0.13396861111111108,0.7843709657046221,44.27037524228524
