algorithm,makespan,energy,cost,reliability,load_balance
HEFT,471.5799999999999,853055.926841681,0.0845388888888889,0.7830621593493795,97.28375436892277
GA,515.6999999999999,868587.1599767305,0.16968666666666665,0.7720842521521738,41.31317894371581
