algorithm,makespan,energy,cost,reliability,load_balance
HEFT,103.06,4959.320000000001,0.21964722222222222,0.9755083102408534,11.941817265256331
GA,119.44999999999999,4959.320000000001,0.19808444444444445,0.9755083102408534,28.149554965541896
