algorithm,makespan,energy,cost,reliability,load_balance
HEFT,165.24,285159.026446381,0.007684166666666667,0.9380594053984572,32.09726839793179
GA,166.24,278319.52484359965,0.010548333333333333,0.9377592744122486,24.173563670761386
