algorithm,makespan,energy,cost,reliability,load_balance
HEFT,56.04,1192.52,0.03268944444444445,0.9940551410209958,11.023470642225163
GA,66.77,1192.52,0.04278027777777779,0.9940551410209958,20.7369958849717
