algorithm,makespan,energy,cost,reliability,load_balance
HEFT,278.75,259132.90156053813,0.016376388888888888,0.9367372989816926,74.7875767730399
GA,288.75,242207.86372294373,0.019013055555555557,0.935239717687841,32.186920732651636
