algorithm,makespan,energy,cost,reliability,load_balance
HEFT,448.39,443829.47547893575,0.06380055555555557,0.8653638713351661,107.78865717806305
GA,496.08000000000004,451615.7382478633,0.10599777777777782,0.8587859269403946,65.43704050141123
