algorithm,makespan,energy,cost,reliability,load_balance
HEFT,128.85,3282.7799999999993,0.14430277777777778,0.9837200740428904,13.155114958955444
GA,138.85000000000002,3282.7799999999993,0.1324602777777778,0.9837200740428904,29.39584839593283
