algorithm,makespan,energy,cost,reliability,load_balance
HEFT,400.8300000000001,240123.28508345186,0.047415000000000006,0.9140971702454529,92.00745544325667
GA,462.67000000000013,248125.948256857,0.06629833333333335,0.909586116468025,66.74086796815622
