algorithm,makespan,energy,cost,reliability,load_balance
HEFT,666.3699999999999,629913.3824601948,0.08452083333333331,0.8239126186693938,152.53656883815327
GA,703.3699999999999,617378.2072735543,0.14119,0.819049465104417,76.79727525277183
