algorithm,makespan,energy,cost,reliability,load_balance
HEFT,481.6,1662204.1384966779,0.09525583333333335,0.6577683903299434,85.77519104270593
GA,518.6,1697560.2048206704,0.15361277777777776,0.6423754070537302,35.10764519009572
