algorithm,makespan,energy,cost,reliability,load_balance
HEFT,237.57,407719.0994654207,0.010126666666666667,0.9133786068069475,44.51637480530565
GA,244.57,402952.1171034878,0.010126666666666666,0.9113349285019314,28.00632681976492
