algorithm,makespan,energy,cost,reliability,load_balance
HEFT,269.09,481215.36147757253,0.02504277777777778,0.8879086614568957,61.00443051070539
GA,279.47999999999996,465774.4151996564,0.027671666666666667,0.8849614449070259,31.631649830000043
