algorithm,makespan,energy,cost,reliability,load_balance
HEFT,394.34000000000003,676224.9564081756,0.02362277777777778,0.8581293785595736,72.8499678131917
GA,405.34000000000003,662653.3198055953,0.02113916666666667,0.8551140731978832,37.30884420006007
