algorithm,makespan,energy,cost,reliability,load_balance
HEFT,54.5,1178.9199999999998,0.01637388888888889,0.9941227390688928,17.350233230281415
GA,54.5,1178.92,0.028518333333333337,0.9941227390688928,20.320011102597302
