algorithm,makespan,energy,cost,reliability,load_balance
HEFT,1088.3600000000001,435049.6525873792,0.11667888888888892,0.8465655871674027,14.931761170962458
GA,919.8599999999999,442807.2301328463,0.09865638888888888,0.8522907112197635,72.43203866383978
