algorithm,makespan,energy,cost,reliability,load_balance
HEFT,788.2800000000002,6266.860000000001,0.12895944444444446,0.9691515315585041,5.409512454926193
GA,789.3199999999998,6266.86,0.1271052777777778,0.9691515315585041,11.272758831211975
