algorithm,makespan,energy,cost,reliability,load_balance
HEFT,731.08,318764.504691689,0.07027361111111113,0.8879523476377106,49.11076757358479
GA,718.2199999999999,319019.85134081484,0.07280888888888888,0.888409227824845,42.239136177246785
