algorithm,makespan,energy,cost,reliability,load_balance
HEFT,660.4300000000001,230333.6444134882,0.05627777777777779,0.913793374839657,68.73579635095533
GA,539.25,226171.220472879,0.048697500000000005,0.9182334663986276,33.48677599690164
