algorithm,makespan,energy,cost,reliability,load_balance
HEFT,214.93,194258.04373516957,0.009235,0.9551894320540574,53.43675275500936
GA,223.93,187964.57893091592,0.008024722222222223,0.9538149491371104,31.224612487587418
