algorithm,makespan,energy,cost,reliability,load_balance
HEFT,99.19,2482.32,0.0787925,0.9876651062303018,12.846267162098101
GA,110.72,2482.3199999999997,0.08452194444444444,0.9876651062303018,27.18290087536649
