algorithm,makespan,energy,cost,reliability,load_balance
HEFT,412.62,402548.6908535699,0.05064027777777779,0.8905436144208073,115.95191043416807
GA,437.80000000000007,388329.2520328918,0.07873916666666667,0.8869630099198685,68.05543593277469
