algorithm,makespan,energy,cost,reliability,load_balance
HEFT,565.9200000000001,1028013.6634506646,0.10977027777777777,0.7374973381963231,113.03470962781815
GA,622.9200000000001,1062497.1194053811,0.16902444444444448,0.7241673260284652,60.27685186676344
