algorithm,makespan,energy,cost,reliability,load_balance
HEFT,569.1500000000001,325638.9403672143,0.06689083333333334,0.8879466647608709,140.28401858245604
GA,638.24,326507.88870957633,0.10125083333333333,0.8830523443593593,70.31852071365796
