algorithm,makespan,energy,cost,reliability,load_balance
HEFT,253.0,3594.420000000001,0.10636166666666669,0.9821884350333691,15.318507422162819
GA,241.02999999999997,3594.420000000001,0.10092611111111112,0.9821884350333691,18.968174426428828
