algorithm,makespan,energy,cost,reliability,load_balance
HEFT,370.55999999999995,206776.25429080304,0.03156305555555556,0.9343228842613421,120.97216946028772
GA,378.55999999999995,187047.4996037616,0.04197805555555555,0.9337251089239269,53.88472761036153
