algorithm,makespan,energy,cost,reliability,load_balance
HEFT,143.81,1915.54,0.06476722222222223,0.9904680200877909,15.06697755025871
GA,139.17000000000002,1915.54,0.04630638888888888,0.9904680200877909,13.500762346199991
