algorithm,makespan,energy,cost,reliability,load_balance
HEFT,621.8799999999999,377583.64177976456,0.08920222222222221,0.8631133952058018,91.90830545984403
GA,669.4599999999999,385013.93124309136,0.10974333333333333,0.8598342851397321,78.15665595227871
