algorithm,makespan,energy,cost,reliability,load_balance
HEFT,111.62,798.6399999999999,0.02209805555555556,0.9960147622213468,8.734063582701165
GA,111.89,798.6399999999999,0.022046388888888893,0.9960147622213468,10.568200729862516
