algorithm,makespan,energy,cost,reliability,load_balance
HEFT,255.86,77613.29914797156,0.008406666666666668,0.9779076899071706,122.14058239040236
GA,256.86,73566.32936229854,0.008406666666666668,0.9778685743818901,106.63115867325087
