algorithm,makespan,energy,cost,reliability,load_balance
HEFT,176.74,5129.5199999999995,0.1826683333333333,0.9746785058007066,10.594510213627936
GA,200.75000000000003,5129.520000000001,0.17313611111111113,0.9746785058007065,32.42088760865954
