algorithm,makespan,energy,cost,reliability,load_balance
HEFT,447.39,473370.0977670488,0.08230805555555554,0.8411988518919853,87.69115864783633
GA,523.9,506947.6773430043,0.14122222222222225,0.8309640052888553,62.677644911616355
