algorithm,makespan,energy,cost,reliability,load_balance
HEFT,427.8499999999999,1434049.8804955005,0.04916222222222222,0.7155467093542957,61.92701786651991
GA,455.4,1475489.91763285,0.07412083333333334,0.7030407661634906,27.234335919045076
