algorithm,makespan,energy,cost,reliability,load_balance
HEFT,584.73,337890.459784858,0.07523250000000001,0.8783704934820743,100.7786477438124
GA,605.8599999999999,339491.17669098463,0.09365027777777778,0.8768869502438998,85.82377433480441
