algorithm,makespan,energy,cost,reliability,load_balance
HEFT,482.04999999999995,1600437.4962970645,0.051298611111111114,0.694133620683693,62.70833680726931
GA,511.07000000000005,1655248.8950828651,0.0965088888888889,0.6813605983360776,33.34708221772208
