algorithm,makespan,energy,cost,reliability,load_balance
HEFT,223.59,381832.5784695201,0.008647222222222223,0.9197586318917288,40.56152260117713
GA,234.59,386047.215567586,0.008647222222222223,0.9165267729162682,26.79153175520807
