algorithm,makespan,energy,cost,reliability,load_balance
HEFT,48.3,681.1200000000001,0.00946,0.996600192478193,16.7560914296861
GA,48.3,681.12,0.009460000000000001,0.996600192478193,16.756091429686098
