algorithm,makespan,energy,cost,reliability,load_balance
HEFT,424.41999999999996,764716.0096838037,0.05473750000000001,0.818847676177632,95.61064695097022
GA,451.4200000000001,751239.3901244963,0.09841166666666668,0.8118033077486232,40.42418500061207
