algorithm,makespan,energy,cost,reliability,load_balance
HEFT,75.12,3101.580000000001,0.14953777777777774,0.9846117282883546,11.716620875401887
GA,85.14,3101.5800000000004,0.11984055555555555,0.9846117282883546,26.964673991123657
