algorithm,makespan,energy,cost,reliability,load_balance
HEFT,446.03000000000003,260131.09763917225,0.05559777777777778,0.909220900024022,112.1548383772567
GA,473.03000000000003,253839.74005877008,0.0729386111111111,0.9072591023841681,64.66160485834807
