algorithm,makespan,energy,cost,reliability,load_balance
HEFT,199.10999999999999,2836.8800000000006,0.07342166666666668,0.9859157246399842,12.166552510879976
GA,195.52999999999997,2836.88,0.07604750000000002,0.9859157246399842,24.6192561103818
