algorithm,makespan,energy,cost,reliability,load_balance
HEFT,135.01,3668.1600000000003,0.15380555555555553,0.981826368908364,12.947976933353978
GA,157.67,3668.1600000000003,0.14861055555555555,0.981826368908364,33.56424526188545
