algorithm,makespan,energy,cost,reliability,load_balance
HEFT,451.99,451120.3017323392,0.07446305555555556,0.8613299765066069,107.48729567565958
GA,459.54999999999995,431564.86014579475,0.10045305555555553,0.8602887416328315,64.50349074533356
