algorithm,makespan,energy,cost,reliability,load_balance
HEFT,761.4500000000002,435370.5018451639,0.10192416666666669,0.8453575542497144,119.59445984988487
GA,762.19,430409.3378685105,0.11068472222222223,0.8453075105638105,93.36419884937546
