algorithm,makespan,energy,cost,reliability,load_balance
HEFT,256.33,137835.04806304374,0.019329166666666665,0.9588855061658355,88.20072480063382
GA,258.33,122876.41052142606,0.01653,0.9587320967579288,45.43810167611067
