algorithm,makespan,energy,cost,reliability,load_balance
HEFT,98.43,1324.0200000000002,0.055229166666666676,0.9934017645868155,10.641169964542705
GA,101.17,1324.02,0.039345833333333344,0.9934017645868155,17.117931648670975
