algorithm,makespan,energy,cost,reliability,load_balance
HEFT,525.88,325487.6845097741,0.06321027777777778,0.8876568862639163,141.96243224755926
GA,553.9000000000001,308743.77152915695,0.08829416666666667,0.8856693430583376,51.42081011127693
