algorithm,makespan,energy,cost,reliability,load_balance
HEFT,248.0,3674.5,0.10577666666666667,0.9817952455057781,18.354386737235327
GA,256.1,3674.5000000000005,0.11437777777777777,0.9817952455057781,22.206403798068187
