algorithm,makespan,energy,cost,reliability,load_balance
HEFT,723.8599999999999,5725.179999999999,0.1300775,0.9717799393496996,7.778848993692157
GA,727.42,5725.180000000001,0.11927361111111112,0.9717799393496996,11.633329632282054
