algorithm,makespan,energy,cost,reliability,load_balance
HEFT,978.2000000000003,412784.31434267014,0.09490916666666671,0.8560963078487297,65.15839642747504
GA,923.74,414311.63954142947,0.09545194444444445,0.8579632607926033,55.38450708456298
