algorithm,makespan,energy,cost,reliability,load_balance
HEFT,363.89000000000004,5681.4,0.12551083333333335,0.971992685262614,5.519740547732805
GA,372.03,5681.4,0.13784666666666665,0.971992685262614,14.749170194576092
