algorithm,makespan,energy,cost,reliability,load_balance
HEFT,553.2099999999999,353765.6298331556,0.08927527777777779,0.8693478031625745,48.65173994833067
GA,525.4799999999999,349983.24202633783,0.10009500000000002,0.8712785050718715,51.04946732617017
