algorithm,makespan,energy,cost,reliability,load_balance
HEFT,212.58,114113.41245648696,0.01472416666666667,0.9648340127028132,69.92844562224202
GA,219.33,106994.10677973829,0.019001111111111114,0.9643131429834351,45.75747362843739
