algorithm,makespan,energy,cost,reliability,load_balance
HEFT,114.77,1408.92,0.04232583333333334,0.9929801550307078,13.333143183167918
GA,112.46000000000001,1408.92,0.028813611111111116,0.9929801550307078,22.281248842917222
