algorithm,makespan,energy,cost,reliability,load_balance
HEFT,535.7800000000001,956311.5263727651,0.07465055555555557,0.7714057339979696,110.5993786294743
GA,565.44,945390.4070104698,0.12284638888888892,0.7641188034552553,50.31948168549408
