algorithm,makespan,energy,cost,reliability,load_balance
HEFT,93.91,4296.96,0.2609169444444444,0.9787443542702685,13.424168623263284
GA,122.1,4296.96,0.15989499999999993,0.9787443542702685,35.57496691449961
