algorithm,makespan,energy,cost,reliability,load_balance
HEFT,472.73999999999995,1581290.2082117018,0.05655249999999999,0.6962447696090692,67.77163666084421
GA,461.48999999999995,1494409.1117250647,0.06482777777777778,0.7012758220047511,27.266686386195424
