algorithm,makespan,energy,cost,reliability,load_balance
HEFT,231.32000000000002,6560.2000000000035,0.244795,0.9677311189214083,15.124627543623456
GA,233.93,6560.200000000002,0.23021166666666668,0.9677311189214083,25.866633301095316
