algorithm,makespan,energy,cost,reliability,load_balance
HEFT,620.4399999999999,626158.7558506863,0.1034913888888889,0.8063298314677012,136.58221785186137
GA,689.9399999999999,638493.2376148651,0.19502055555555556,0.7974131125812268,69.05558741574308
