algorithm,makespan,energy,cost,reliability,load_balance
HEFT,401.09999999999997,744875.4355023685,0.07188444444444443,0.8027358283866387,89.8946867262626
GA,430.09999999999997,739173.186979772,0.10749055555555556,0.7953208983878209,42.62529960163367
