algorithm,makespan,energy,cost,reliability,load_balance
HEFT,100.94,4791.279999999999,0.2427994444444445,0.9763282767428083,13.051491757526195
GA,137.93,4791.279999999999,0.1848530555555556,0.9763282767428083,42.27892693651562
