algorithm,makespan,energy,cost,reliability,load_balance
HEFT,440.0899999999999,785595.8919084732,0.0767872222222222,0.7986756185042068,84.38435546162206
GA,444.2199999999999,754561.7988609244,0.12643888888888888,0.7976207859936478,42.83974648537794
