algorithm,makespan,energy,cost,reliability,load_balance
HEFT,484.36,284707.09668428445,0.06454138888888888,0.8950629750484755,70.02384092731765
GA,464.66,281133.2321482374,0.07208305555555557,0.8964747064492938,72.12343297381629
