algorithm,makespan,energy,cost,reliability,load_balance
HEFT,323.94000000000005,4791.400000000002,0.13533666666666666,0.976327690946018,13.343944319428209
GA,324.12,4791.400000000002,0.1460377777777778,0.976327690946018,23.858590396632522
