algorithm,makespan,energy,cost,reliability,load_balance
HEFT,659.76,393684.8621923124,0.09900166666666667,0.857824968261641,97.0945343466871
GA,651.4300000000001,386021.746404065,0.10388333333333336,0.8583968133381075,62.0673675475746
