algorithm,makespan,energy,cost,reliability,load_balance
HEFT,607.4000000000001,328070.92871254525,0.062102500000000005,0.8883044017208235,139.28554686070527
GA,610.22,314945.29405788076,0.08412277777777778,0.8881040228513816,85.54434418141606
