algorithm,makespan,energy,cost,reliability,load_balance
HEFT,232.37,3510.1199999999994,0.0777488888888889,0.982602514719899,9.452858600142386
GA,234.92000000000002,3510.1200000000003,0.09063861111111113,0.982602514719899,14.854191087270381
