algorithm,makespan,energy,cost,reliability,load_balance
HEFT,548.15,338260.49147131265,0.07820722222222223,0.8764342427219364,81.70422160801378
GA,555.66,335876.5927365655,0.09279972222222221,0.8759078391763684,60.62483885103764
