algorithm,makespan,energy,cost,reliability,load_balance
HEFT,90.03,3557.3,0.13781249999999998,0.9823707461248572,12.568028622165876
GA,95.99,3557.3000000000006,0.12437555555555557,0.9823707461248572,30.382870517232824
