algorithm,makespan,energy,cost,reliability,load_balance
HEFT,453.85,798297.6982262863,0.06567305555555555,0.8074659435055906,87.1453415833424
GA,466.42,776646.4223232282,0.09304722222222223,0.804224516023828,40.03992545753752
