algorithm,makespan,energy,cost,reliability,load_balance
HEFT,364.65999999999997,333296.08048593206,0.031690833333333335,0.9108884837748562,83.17055828987803
GA,379.03,325569.28900087066,0.04691583333333334,0.9087965747531142,49.58044849450906
