algorithm,makespan,energy,cost,reliability,load_balance
HEFT,138.92,42935.115318168726,0.007970277777777778,0.985241194768492,49.996564548643406
GA,143.92,39426.26083935519,0.0066705555555555554,0.9850441662330486,24.271944023227032
