algorithm,makespan,energy,cost,reliability,load_balance
HEFT,159.85999999999999,54057.025209558364,0.009216666666666666,0.9815377543843189,62.967164128086104
GA,159.85999999999999,52174.15644939322,0.011371944444444443,0.9815377543843189,54.420085982414
