algorithm,makespan,energy,cost,reliability,load_balance
HEFT,81.97,560.68,0.015939166666666664,0.9972005258563412,12.854603585227098
GA,73.05,560.68,0.011349166666666664,0.9972005258563412,3.2742887268331526
