algorithm,makespan,energy,cost,reliability,load_balance
HEFT,55.94,661.4800000000001,0.009187222222222223,0.9966980634224791,17.128492756600124
GA,55.94,661.4800000000001,0.009187222222222222,0.9966980634224791,17.128492756600128
