algorithm,makespan,energy,cost,reliability,load_balance
HEFT,147.75,254875.6730287648,0.0073952777777777775,0.9437794250915509,28.460720950038606
GA,151.75,252803.28889621087,0.007349166666666666,0.9425721602417695,20.4723068234478
