algorithm,makespan,energy,cost,reliability,load_balance
HEFT,611.0,2047751.2952864156,0.08859333333333334,0.6161401654606473,87.34056374047495
GA,638.24,2074274.0940085237,0.13011527777777776,0.6054917143880237,43.41322432085112
