algorithm,makespan,energy,cost,reliability,load_balance
HEFT,218.42999999999998,6063.640000000002,0.21861777777777774,0.9701367869039292,13.805527335093002
GA,243.76,6063.64,0.22713499999999998,0.9701367869039292,49.43456791557907
