algorithm,makespan,energy,cost,reliability,load_balance
HEFT,573.22,585990.4409650743,0.11372861111111111,0.8102104907105335,109.41050592264897
GA,624.9599999999999,602973.0795090885,0.18020055555555553,0.8035309303672817,78.71271328646132
