algorithm,makespan,energy,cost,reliability,load_balance
HEFT,439.7900000000001,243780.51688305786,0.042800277777777784,0.9191826754930885,125.47909031843857
GA,445.7900000000001,234771.02501177686,0.058571388888888895,0.9187415736817557,95.18741809864221
