algorithm,makespan,energy,cost,reliability,load_balance
HEFT,176.93,2415.1600000000008,0.08708166666666667,0.9879968198645761,12.460004299471859
GA,162.64,2415.1600000000008,0.06957055555555557,0.9879968198645761,11.249545705113091
