algorithm,makespan,energy,cost,reliability,load_balance
HEFT,556.6899999999999,343239.0139395355,0.0953725,0.8726216567108872,44.65707348785857
GA,516.48,337320.3737027571,0.09226416666666667,0.8754332257593894,50.6859260368624
