algorithm,makespan,energy,cost,reliability,load_balance
HEFT,406.64,261429.02122270313,0.05351166666666667,0.904957226441249,82.30341078464312
GA,437.83,258892.63803302654,0.06719083333333334,0.9027019919704535,42.250186791641184
