algorithm,makespan,energy,cost,reliability,load_balance
HEFT,242.72000000000003,226371.2420072512,0.017128055555555556,0.9419310522736049,63.737697257326985
GA,241.72000000000003,208475.30514645047,0.018661666666666667,0.9420817732993291,35.861920170751226
