algorithm,makespan,energy,cost,reliability,load_balance
HEFT,336.97,126856.98658634302,0.02552277777777778,0.9538592071775289,86.18624382695884
GA,340.97,122152.32609907031,0.029978611111111112,0.9537066019131272,44.32262204563263
