algorithm,makespan,energy,cost,reliability,load_balance
HEFT,234.47999999999996,399663.9555612419,0.008782777777777778,0.9160532342529552,41.857693086988384
GA,235.47999999999996,393648.6189909971,0.008782777777777777,0.9157601441149172,34.372919567542894
