algorithm,makespan,energy,cost,reliability,load_balance
HEFT,86.82,3693.760000000001,0.16293111111111114,0.9817007031759222,13.7647963789821
GA,98.13,3693.7600000000016,0.12446666666666673,0.9817007031759222,27.27483207127275
