algorithm,makespan,energy,cost,reliability,load_balance
HEFT,467.07000000000005,848010.7497163167,0.07161027777777779,0.7959634589764005,106.14071196003479
GA,487.07000000000005,817582.7268975714,0.12158027777777777,0.7908855594499878,45.900647263998714
