algorithm,makespan,energy,cost,reliability,load_balance
HEFT,451.59000000000003,453788.9739808233,0.07205527777777777,0.8536844926512148,92.84377861045225
GA,493.59000000000003,463640.1162098098,0.12016055555555555,0.8479669652687865,58.272149093713715
