algorithm,makespan,energy,cost,reliability,load_balance
HEFT,428.53999999999996,234700.21640920333,0.04673166666666666,0.9216213712675229,117.18843299819068
GA,445.53999999999996,223319.15361134804,0.054311944444444434,0.9203688181317915,60.811548950131865
