algorithm,makespan,energy,cost,reliability,load_balance
HEFT,1107.9799999999996,420018.25717070693,0.10941361111111109,0.850010650139829,72.9050738975004
GA,1012.7999999999998,420546.7130134281,0.10305527777777777,0.8532529788676072,91.71687194840437
