algorithm,makespan,energy,cost,reliability,load_balance
HEFT,371.06,207004.9285829785,0.035981666666666676,0.9266093642665367,82.95049913739435
GA,395.95,209307.93953782044,0.04951250000000001,0.9247661354280555,68.08007905610651
