algorithm,makespan,energy,cost,reliability,load_balance
HEFT,585.6600000000001,359541.91662397987,0.07934805555555556,0.8730175676801908,128.51576495150871
GA,640.1400000000001,359913.32216390164,0.11143972222222225,0.8692208876483708,81.71704533458298
