algorithm,makespan,energy,cost,reliability,load_balance
HEFT,279.83,4301.6799999999985,0.12359750000000003,0.9787212561760663,8.154581534327784
GA,290.14000000000004,4301.6799999999985,0.11155194444444447,0.9787212561760663,20.873565647898864
