algorithm,makespan,energy,cost,reliability,load_balance
HEFT,869.2600000000002,510101.8433725239,0.13706722222222223,0.8176785420462288,89.17051978212471
GA,857.4300000000002,502358.57006402855,0.16111222222222224,0.8184527593202483,38.96600274140077
