algorithm,makespan,energy,cost,reliability,load_balance
HEFT,465.73999999999995,291345.5603770344,0.06468194444444444,0.8957284331051152,103.19101731913074
GA,513.76,293653.26878308936,0.08028138888888889,0.8922940038319896,73.8304652444659
