algorithm,makespan,energy,cost,reliability,load_balance
HEFT,119.1,3302.56,0.10348000000000002,0.9836227889383953,6.811455057474869
GA,136.99,3302.559999999999,0.10913416666666668,0.9836227889383953,28.24176953851629
