algorithm,makespan,energy,cost,reliability,load_balance
HEFT,510.43000000000006,484806.7727014479,0.05336972222222223,0.8605954031841918,117.53048343408618
GA,536.7800000000001,469460.6813405865,0.10162472222222223,0.8569747706207675,46.058792460470194
