algorithm,makespan,energy,cost,reliability,load_balance
HEFT,462.3,507980.92924507905,0.10632166666666666,0.8239455758332793,72.6155794090818
GA,522.61,531339.88092459,0.14019444444444448,0.8160330682687376,46.42949823388144
