algorithm,makespan,energy,cost,reliability,load_balance
HEFT,49.74,1543.1200000000003,0.02143222222222222,0.9923140888368811,13.311877972746382
GA,53.769999999999996,1543.1200000000001,0.040018888888888875,0.9923140888368811,18.100364236221075
