algorithm,makespan,energy,cost,reliability,load_balance
HEFT,247.48,439997.61790851783,0.028976388888888892,0.8936323768111,53.08214425500987
GA,256.61,429342.69373757846,0.029633888888888897,0.8910253506572235,29.260702260441285
