algorithm,makespan,energy,cost,reliability,load_balance
HEFT,610.7799999999999,614108.2636137397,0.10572027777777777,0.8015925841533751,106.8696928955227
GA,627.0400000000001,608796.8386227353,0.14394222222222222,0.799509871254087,71.57773755097787
