algorithm,makespan,energy,cost,reliability,load_balance
HEFT,226.60999999999999,6047.440000000001,0.19260166666666667,0.9702153711662882,13.35254257934919
GA,217.31,6047.440000000002,0.20246833333333336,0.9702153711662882,36.712045343910404
