algorithm,makespan,energy,cost,reliability,load_balance
HEFT,426.78000000000003,395746.6033319275,0.03204388888888889,0.8956510455116871,104.30574177028798
GA,434.78000000000003,379977.652490915,0.044514444444444454,0.894505345577816,68.87426238866979
