algorithm,makespan,energy,cost,reliability,load_balance
HEFT,438.19999999999993,1457202.5760155178,0.03521694444444445,0.7247877685620485,59.6398111331601
GA,461.68999999999994,1491038.8776235133,0.041921666666666677,0.7139730945897289,27.071784742455844
