algorithm,makespan,energy,cost,reliability,load_balance
HEFT,573.63,381158.82842598896,0.09363388888888889,0.8610320078862795,64.98990997235103
GA,612.81,384493.78066611185,0.11376666666666665,0.8583374143338538,43.75563928961454
