algorithm,makespan,energy,cost,reliability,load_balance
HEFT,218.72,3209.0199999999995,0.11719055555555555,0.984082936913998,10.478723937443087
GA,213.20999999999998,3209.02,0.11000361111111111,0.984082936913998,13.08231951637672
