algorithm,makespan,energy,cost,reliability,load_balance
HEFT,473.25000000000006,271982.19530903327,0.07837277777777778,0.8983219104752139,46.86651361275221
GA,415.2,259714.01553468208,0.06785583333333334,0.9025034193760063,42.845626360391606
