algorithm,makespan,energy,cost,reliability,load_balance
HEFT,523.0600000000001,294308.0949795434,0.05031916666666667,0.8989218304136412,129.75636221671095
GA,569.57,291450.8716048949,0.08113944444444446,0.895583336852066,70.90528627280602
