algorithm,makespan,energy,cost,reliability,load_balance
HEFT,364.5799999999999,1235309.574332108,0.0496186111111111,0.7461603167923901,58.5192280652113
GA,361.91999999999996,1178788.0919263926,0.05853499999999999,0.7474316619776719,25.248416439715456
