algorithm,makespan,energy,cost,reliability,load_balance
HEFT,186.43,2453.74,0.08182222222222224,0.9878062536587257,14.250523236007863
GA,173.36,2453.7399999999993,0.08197138888888889,0.9878062536587257,20.609072508069282
