algorithm,makespan,energy,cost,reliability,load_balance
HEFT,442.21000000000004,245436.96363718595,0.04466944444444445,0.9169216977107334,117.77396600965281
GA,466.03,238355.13617149106,0.0620625,0.9151760754806781,71.73113140401453
