algorithm,makespan,energy,cost,reliability,load_balance
HEFT,490.25000000000006,880054.220254972,0.07469750000000003,0.7806465440658902,99.69049826717722
GA,536.73,903081.4202671736,0.13779638888888895,0.7691214419755902,49.832838178124035
