algorithm,makespan,energy,cost,reliability,load_balance
HEFT,638.7600000000001,397530.0779165884,0.09617638888888891,0.8549095543730009,70.7463327545272
GA,635.7600000000001,399743.10662828747,0.09981916666666668,0.8551147572894154,86.58042849405567
