algorithm,makespan,energy,cost,reliability,load_balance
HEFT,311.95000000000005,4644.239999999999,0.10994999999999998,0.9770463372185567,14.675164637674689
GA,312.77,4644.239999999999,0.10574416666666668,0.9770463372185567,36.02279000854875
