algorithm,makespan,energy,cost,reliability,load_balance
HEFT,492.44000000000005,3785.4199999999996,0.07297833333333334,0.9812508928255715,14.444383856710536
GA,484.62,3785.4199999999987,0.07859055555555557,0.9812508928255715,9.181250368731567
