algorithm,makespan,energy,cost,reliability,load_balance
HEFT,689.6799999999997,247931.18715926225,0.06472638888888887,0.9075654447648173,44.745599038713635
GA,594.3899999999999,246509.2903649119,0.05608805555555556,0.9110313222873588,44.793325023564215
