algorithm,makespan,energy,cost,reliability,load_balance
HEFT,468.86,1604918.696071322,0.09920888888888889,0.6614437057205288,76.11599932910983
GA,519.84,1707610.1099184367,0.16455805555555558,0.640210916429039,40.64804848861184
