algorithm,makespan,energy,cost,reliability,load_balance
HEFT,408.72,761272.0821834018,0.07890000000000001,0.8037147992779509,96.44457509482727
GA,449.59000000000003,766523.5904045907,0.1552277777777778,0.7932719324907626,44.6579540369928
