algorithm,makespan,energy,cost,reliability,load_balance
HEFT,243.37,222864.9441590993,0.010947777777777778,0.9471820174388906,62.918439798414155
GA,245.37,211198.83327220115,0.010739166666666666,0.946878967683857,42.73427476862103
