algorithm,makespan,energy,cost,reliability,load_balance
HEFT,759.92,267413.41991262237,0.076685,0.9003000340922963,47.979695010841134
GA,616.47,265904.88315733126,0.06487805555555555,0.9054808051053754,54.43104812512797
