algorithm,makespan,energy,cost,reliability,load_balance
HEFT,327.89,1082513.4297477813,0.021756388888888888,0.792071827493694,40.58959363932528
GA,296.22,959078.1395584363,0.01955,0.8082899789546015,21.01377879171528
