algorithm,makespan,energy,cost,reliability,load_balance
HEFT,254.9,3848.38,0.10210749999999999,0.9809420436599193,8.260248936926786
GA,266.86,3848.3800000000015,0.09306333333333335,0.9809420436599193,25.542963771150077
