algorithm,makespan,energy,cost,reliability,load_balance
HEFT,553.5600000000001,315575.565647807,0.06932583333333335,0.888801991497921,118.34055309631971
GA,559.44,301489.67785642785,0.08858722222222223,0.8883839973610491,40.72099870723071
