algorithm,makespan,energy,cost,reliability,load_balance
HEFT,54.26,579.1400000000001,0.00804361111111111,0.9971084884953942,18.67792251786406
GA,54.26,579.1400000000001,0.008043611111111109,0.9971084884953942,19.424462658805606
