algorithm,makespan,energy,cost,reliability,load_balance
HEFT,223.76999999999998,203648.9335478393,0.011156111111111111,0.953518930921302,57.55501042481009
GA,227.76999999999998,192826.20529481495,0.008189444444444444,0.9529088740445363,35.340663618557016
