algorithm,makespan,energy,cost,reliability,load_balance
HEFT,788.0600000000001,306649.1187599929,0.07789972222222222,0.888798080777762,55.09416749227332
GA,731.11,306720.3713394701,0.06966527777777778,0.8908250706707097,51.716620394221465
