algorithm,makespan,energy,cost,reliability,load_balance
HEFT,580.2299999999999,4454.14,0.09105222222222223,0.9779754612583313,17.609532219794957
GA,570.57,4454.139999999999,0.10860666666666663,0.9779754612583313,17.509053610442088
