algorithm,makespan,energy,cost,reliability,load_balance
HEFT,182.67,94761.9178299666,0.008274444444444445,0.9739208903936413,64.06331320041359
GA,185.07999999999998,86742.18170520855,0.0082025,0.9737331365460259,42.46760326161242
