algorithm,makespan,energy,cost,reliability,load_balance
HEFT,114.15,5557.899999999998,0.2237422222222222,0.972593076097356,12.940025610578186
GA,143.41,5557.900000000001,0.22691722222222221,0.9725930760973561,39.645889079032344
