algorithm,makespan,energy,cost,reliability,load_balance
HEFT,550.47,989708.4818064563,0.10085472222222226,0.7460012523697199,103.63841886150573
GA,598.47,1017926.8395408293,0.2250522222222222,0.7346302261770731,55.21837427579058
