algorithm,makespan,energy,cost,reliability,load_balance
HEFT,296.63,531090.093213768,0.02837027777777778,0.8780128938293588,68.00872055606828
GA,302.63,505748.6045335888,0.0365161111111111,0.8763287263913232,36.378949346350765
