algorithm,makespan,energy,cost,reliability,load_balance
HEFT,45.59,1500.3,0.020837500000000005,0.9925265660281728,11.232893728336292
GA,54.1,1500.3,0.03481805555555556,0.9925265660281728,18.654384546331713
