algorithm,makespan,energy,cost,reliability,load_balance
HEFT,537.45,171372.46696436882,0.043326944444444446,0.935457841022198,89.09133604528186
GA,501.48,165523.83088059345,0.04395500000000001,0.9368047464953007,50.265979465903875
