algorithm,makespan,energy,cost,reliability,load_balance
HEFT,326.74,2490.900000000001,0.058425277777777784,0.9876227363060859,10.668268759894133
GA,321.01000000000005,2490.8999999999996,0.055811388888888896,0.9876227363060859,8.36605990495727
