algorithm,makespan,energy,cost,reliability,load_balance
HEFT,97.1,1213.3000000000002,0.049050555555555556,0.993951864057175,14.842990108369095
GA,91.95,1213.3000000000002,0.04505888888888889,0.993951864057175,13.65508637572723
