algorithm,makespan,energy,cost,reliability,load_balance
HEFT,260.97999999999996,133535.4531381715,0.01960611111111111,0.9595535066030847,78.84707436369649
GA,236.29000000000002,119939.5808540353,0.01874277777777778,0.9614506897305757,62.71571134891162
