algorithm,makespan,energy,cost,reliability,load_balance
HEFT,395.65000000000003,3024.860000000001,0.06033472222222222,0.9849894977988858,14.011253512801806
GA,386.90999999999997,3024.8600000000015,0.06266250000000001,0.9849894977988858,8.991927398135148
