algorithm,makespan,energy,cost,reliability,load_balance
HEFT,557.0599999999998,195932.60562596485,0.050526388888888885,0.9258331908813517,25.615525728224487
GA,521.8599999999999,194317.18064231786,0.052483055555555554,0.9271376821604642,13.240084025413132
