algorithm,makespan,energy,cost,reliability,load_balance
HEFT,49.65,1839.3599999999997,0.025546666666666665,0.9908453612166981,14.255616889606209
GA,67.6,1839.3600000000004,0.04202388888888888,0.9908453612166981,20.993193366944805
