algorithm,makespan,energy,cost,reliability,load_balance
HEFT,317.78000000000003,555924.6928692807,0.02516138888888889,0.871998827224582,63.89624073638396
GA,331.7800000000001,549186.3137621316,0.035265000000000005,0.8681010101081834,34.33048104278518
