algorithm,makespan,energy,cost,reliability,load_balance
HEFT,218.75000000000003,112048.21641142858,0.01033888888888889,0.971116537373504,78.19834429193499
GA,218.75000000000003,110711.60822857144,0.008200555555555558,0.971116537373504,75.48040138245918
