algorithm,makespan,energy,cost,reliability,load_balance
HEFT,969.5600000000001,385739.87476793595,0.0979302777777778,0.8626753900215156,43.64218219414195
GA,894.2399999999999,389129.0963499732,0.0911786111111111,0.865278377608138,93.53297742864096
