algorithm,makespan,energy,cost,reliability,load_balance
HEFT,508.6900000000001,896043.9741886023,0.062006944444444455,0.7932954136874842,102.46081877760209
GA,545.69,904329.432370027,0.12074194444444449,0.7839581814826141,50.16136159914161
