algorithm,makespan,energy,cost,reliability,load_balance
HEFT,399.1000000000001,377661.52969180665,0.04136000000000001,0.8963782509602782,100.66468396778154
GA,409.18,353786.4968962315,0.05589138888888889,0.8949337372860696,42.58121868852511
