algorithm,makespan,energy,cost,reliability,load_balance
HEFT,103.66,2292.2999999999997,0.11029666666666667,0.9886039327666548,13.248433853981885
GA,97.66999999999999,2292.3,0.0769725,0.9886039327666548,22.52970630634141
