algorithm,makespan,energy,cost,reliability,load_balance
HEFT,429.44,749155.251490313,0.04282666666666666,0.8276361943138951,83.11382631911026
GA,440.44,728815.9175824177,0.07080611111111111,0.8247280362708355,41.68653657783096
