algorithm,makespan,energy,cost,reliability,load_balance
HEFT,63.870000000000005,2501.0799999999995,0.08375916666666663,0.9875724675881576,10.210393483144768
GA,72.10000000000001,2501.0799999999995,0.07779111111111114,0.9875724675881576,22.09436316049281
