algorithm,makespan,energy,cost,reliability,load_balance
HEFT,797.8499999999999,466273.0758789246,0.11497055555555553,0.8315335769382418,72.28432638595606
GA,735.6899999999999,453818.7633242262,0.12877444444444444,0.8356789255620246,72.12496743004958
