algorithm,makespan,energy,cost,reliability,load_balance
HEFT,449.78,1529316.8181333095,0.06537861111111112,0.6908371195530593,73.38141120688731
GA,489.58,1598967.3176600349,0.11269388888888887,0.6734623410421076,38.32577531598583
