algorithm,makespan,energy,cost,reliability,load_balance
HEFT,1095.2700000000002,392793.94405945565,0.1102030555555556,0.8576033349261023,79.72694875845502
GA,940.9200000000001,389093.82803001325,0.0976077777777778,0.8629145567866118,46.7205439287687
