algorithm,makespan,energy,cost,reliability,load_balance
HEFT,267.46,465097.36618559784,0.018265,0.8960685161620023,53.27941970510662
GA,274.46,458645.1652699847,0.02292472222222222,0.8940635690648834,36.87496680698342
