algorithm,makespan,energy,cost,reliability,load_balance
HEFT,733.7,267971.042115306,0.062386388888888894,0.9017568165330009,103.92873776455357
GA,657.97,263291.2772618813,0.05897555555555556,0.9044925597463703,56.154450105638695
