algorithm,makespan,energy,cost,reliability,load_balance
HEFT,315.13,107575.91762129914,0.018357222222222223,0.9624006874634188,111.1070584316466
GA,317.72,108978.06483696337,0.018424722222222224,0.9623009879167232,116.9006568273535
