algorithm,makespan,energy,cost,reliability,load_balance
HEFT,147.32,1104.0,0.03635277777777778,0.9944952072058746,12.305817052651696
GA,143.85,1104.0,0.034155000000000005,0.9944952072058746,7.188523260494236
