algorithm,makespan,energy,cost,reliability,load_balance
HEFT,910.7499999999998,351951.92005489976,0.08009166666666666,0.8737326871945832,98.20104153385202
GA,821.7499999999999,350772.7023182233,0.08179222222222222,0.8768487188063206,69.25292550980546
