algorithm,makespan,energy,cost,reliability,load_balance
HEFT,591.6600000000001,4676.619999999999,0.10039833333333334,0.9768881662208487,7.768287563335104
GA,594.6600000000001,4676.62,0.09754500000000002,0.9768881662208487,8.668326924307111
