algorithm,makespan,energy,cost,reliability,load_balance
HEFT,726.3899999999999,425927.57076776936,0.10694083333333332,0.8453406472676998,75.26663450455885
GA,660.9299999999998,410618.95793805696,0.10900305555555556,0.8497791387720107,57.22128735694186
