algorithm,makespan,energy,cost,reliability,load_balance
HEFT,400.39,5988.9,0.14482999999999996,0.9704993947702552,13.015376551821856
GA,400.53000000000003,5988.899999999999,0.13673111111111108,0.9704993947702552,22.792763850147082
