algorithm,makespan,energy,cost,reliability,load_balance
HEFT,144.56000000000003,53326.526286662986,0.009177777777777778,0.9811809321310415,51.64816615008386
GA,146.56000000000003,52068.89669759826,0.009306666666666668,0.9811024407961663,44.94985279916574
