algorithm,makespan,energy,cost,reliability,load_balance
HEFT,558.17,332979.5794471219,0.07510472222222223,0.8781326629561459,79.17365903957128
GA,595.34,340655.50623173313,0.09157083333333332,0.8755253261791365,77.31363158312656
