algorithm,makespan,energy,cost,reliability,load_balance
HEFT,272.77,4206.32,0.11493833333333334,0.9791880217390785,6.631804322462213
GA,310.74,4206.32,0.10655555555555556,0.9791880217390785,51.776083281762446
