algorithm,makespan,energy,cost,reliability,load_balance
HEFT,183.44000000000003,2746.1600000000008,0.07694361111111113,0.9863630374555579,10.050041933103708
GA,187.04000000000002,2746.1600000000003,0.06975250000000001,0.9863630374555579,11.132249163065454
