algorithm,makespan,energy,cost,reliability,load_balance
HEFT,578.64,315728.46908267663,0.059818611111111114,0.8959341159648448,156.59298446587115
GA,605.64,301278.3724489796,0.07890527777777778,0.8940009868054535,76.9771959622737
