algorithm,makespan,energy,cost,reliability,load_balance
HEFT,490.29,148110.41226620978,0.04106305555555557,0.9451458734141323,106.06816844997998
GA,418.22999999999996,136407.03447863617,0.033210833333333335,0.9478740918992534,54.808367594130516
