algorithm,makespan,energy,cost,reliability,load_balance
HEFT,566.66,592235.1701020012,0.11936694444444447,0.8073254566541311,113.33236807248257
GA,617.66,596644.9375222614,0.17907194444444444,0.8007644860931952,50.818717676167324
