algorithm,makespan,energy,cost,reliability,load_balance
HEFT,200.36,5731.959999999999,0.18764666666666666,0.971746996568139,9.556381375813759
GA,232.12999999999994,5731.96,0.17022777777777778,0.971746996568139,45.31054150710038
