algorithm,makespan,energy,cost,reliability,load_balance
HEFT,305.64000000000004,296274.11140557524,0.027662777777777783,0.9185207347533454,84.58990761067975
GA,314.4800000000001,279909.3058700076,0.04172527777777778,0.9172224973560276,50.466815264257235
