algorithm,makespan,energy,cost,reliability,load_balance
HEFT,319.91,1080807.6040448877,0.03663472222222222,0.7796769591657797,50.9642973204192
GA,337.59000000000003,1098386.3588080218,0.045333055555555564,0.7709044831950302,25.84365615134301
