algorithm,makespan,energy,cost,reliability,load_balance
HEFT,594.8,1083178.248049765,0.11540444444444443,0.7304278650734054,124.80451917479436
GA,647.81,1100131.158487828,0.22101722222222217,0.7181419697665036,60.36035576756566
