algorithm,makespan,energy,cost,reliability,load_balance
HEFT,323.9,129630.04590923124,0.028566944444444447,0.9523437761250668,54.69090867472095
GA,323.05,129289.96034669555,0.02902694444444445,0.9523761563639159,51.226944976903184
