algorithm,makespan,energy,cost,reliability,load_balance
HEFT,557.6800000000001,221877.6760507818,0.044353888888888894,0.9205131432772703,119.89123876803237
GA,633.9500000000002,220030.1472355864,0.05753111111111112,0.917709121209863,79.29729251367922
