algorithm,makespan,energy,cost,reliability,load_balance
HEFT,284.76,150854.54670599801,0.01791388888888889,0.9545576877298765,93.53420199508382
GA,287.76,140544.7307478454,0.017498333333333334,0.9543286213738835,64.61799682972008
