algorithm,makespan,energy,cost,reliability,load_balance
HEFT,707.45,5586.359999999999,0.1035336111111111,0.9724546859493199,8.269209958232711
GA,702.19,5586.359999999998,0.10901611111111113,0.9724546859493199,3.7279350852718207
