algorithm,makespan,energy,cost,reliability,load_balance
HEFT,1108.6900000000003,418658.2440718326,0.1156702777777778,0.8499831102409132,13.587272230535001
GA,898.7399999999999,424444.696909006,0.09191555555555556,0.8571513256080548,74.1752018309803
