algorithm,makespan,energy,cost,reliability,load_balance
HEFT,902.31,335754.5487581873,0.09260583333333335,0.8775834749661154,45.24123662839765
GA,752.78,336854.0104545817,0.07720361111111111,0.8828482062566175,49.444497081744736
