algorithm,makespan,energy,cost,reliability,load_balance
HEFT,616.5200000000001,4789.439999999998,0.09055527777777779,0.9763372590042727,15.280848580276391
GA,608.3899999999999,4789.439999999999,0.09230527777777776,0.9763372590042727,13.296573493447958
