algorithm,makespan,energy,cost,reliability,load_balance
HEFT,196.42999999999998,98899.56391589879,0.007458055555555556,0.9752724608467781,68.80353245707249
GA,201.42999999999998,89963.98361713746,0.00782861111111111,0.9748824298738343,41.62128807988252
