algorithm,makespan,energy,cost,reliability,load_balance
HEFT,595.7500000000001,4724.020000000001,0.08141944444444446,0.9766566711587028,6.331431512699207
GA,596.9799999999999,4724.020000000001,0.08680583333333333,0.9766566711587028,6.10764752857701
