algorithm,makespan,energy,cost,reliability,load_balance
HEFT,1114.5500000000002,346144.84126329015,0.10213694444444446,0.8715029753253054,88.4010137102512
GA,942.2300000000001,339654.9176634156,0.09946666666666669,0.877530821537236,157.7615070023949
