algorithm,makespan,energy,cost,reliability,load_balance
HEFT,403.78,233367.78364455892,0.04791666666666666,0.9151251931054245,77.18001055047498
GA,420.81000000000006,229011.73018702032,0.06640083333333335,0.9138792754541575,31.482494909302947
