algorithm,makespan,energy,cost,reliability,load_balance
HEFT,381.91999999999996,222473.03731147884,0.048530833333333336,0.9172841367789113,57.446057912121844
GA,441.13,239691.4794505021,0.06596750000000001,0.9129494197286121,71.56533896427395
