algorithm,makespan,energy,cost,reliability,load_balance
HEFT,73.14,956.8799999999999,0.03406916666666667,0.9952270270106199,8.771784311073775
GA,75.88,956.8799999999999,0.03027194444444445,0.9952270270106199,15.904436038863047
