algorithm,makespan,energy,cost,reliability,load_balance
HEFT,222.96,126573.22376210979,0.017447777777777777,0.9606583964101411,79.74389881498324
GA,231.96,116483.15265563029,0.020125833333333336,0.9599669713076322,47.992807478234255
