algorithm,makespan,energy,cost,reliability,load_balance
HEFT,1051.2999999999997,347549.64910111285,0.07607388888888889,0.8728531066631541,146.7201883404824
GA,922.8100000000001,335017.0753242813,0.0821152777777778,0.8773507706865057,56.771003748979666
