algorithm,makespan,energy,cost,reliability,load_balance
HEFT,512.14,4016.2,0.08464555555555557,0.9801192804296723,7.430829922245087
GA,505.28999999999996,4016.2,0.08937916666666666,0.9801192804296723,2.3456697693124955
