algorithm,makespan,energy,cost,reliability,load_balance
HEFT,1011.6399999999999,433680.6183424934,0.10866277777777777,0.8497318923653573,15.799536913045
GA,878.9899999999999,442530.85907689505,0.092805,0.8542525524914825,40.20118530590858
