algorithm,makespan,energy,cost,reliability,load_balance
HEFT,829.0400000000001,6421.7199999999975,0.11917750000000002,0.9684014079754409,17.578582612562098
GA,806.6300000000001,6421.720000000001,0.13786166666666666,0.968401407975441,2.7709023800921417
