algorithm,makespan,energy,cost,reliability,load_balance
HEFT,395.38,229132.94359856343,0.04506583333333333,0.9194253717539156,97.34211377551709
GA,417.87,224640.32636944504,0.0526475,0.9177726288783907,60.8594859374562
