algorithm,makespan,energy,cost,reliability,load_balance
HEFT,353.65000000000003,605328.3632687686,0.020105,0.8724206278405963,64.51633281502595
GA,369.65000000000003,602682.0442851346,0.020001111111111112,0.867965249726941,31.59149191142318
