algorithm,makespan,energy,cost,reliability,load_balance
HEFT,593.58,220636.46406550083,0.056485000000000014,0.9183785587483123,72.74885955578044
GA,523.88,218961.60658929526,0.05091166666666667,0.9209425707419951,55.05529008793495
