algorithm,makespan,energy,cost,reliability,load_balance
HEFT,384.48,2861.9799999999996,0.06892777777777778,0.9857919999804268,18.555192220328347
GA,371.34000000000003,2861.9799999999996,0.07005916666666667,0.9857919999804268,11.979141246349823
