algorithm,makespan,energy,cost,reliability,load_balance
HEFT,422.45,1428265.2034086874,0.05159805555555556,0.7174930627759857,67.35043879554446
GA,440.18,1431143.154573129,0.06127,0.7093975430985258,31.434227219275105
