algorithm,makespan,energy,cost,reliability,load_balance
HEFT,469.45000000000005,1614420.423623389,0.09307722222222226,0.6603209990503,79.524335829119
GA,493.63,1634762.7511901625,0.1564113888888889,0.6501810606730805,47.810716157977495
