algorithm,makespan,energy,cost,reliability,load_balance
HEFT,122.09,5915.340000000001,0.28430583333333337,0.9708564100987459,13.571437567226583
GA,152.62,5915.340000000002,0.21635277777777778,0.9708564100987459,44.817051207452856
