algorithm,makespan,energy,cost,reliability,load_balance
HEFT,591.76,1066172.0345748276,0.10957916666666669,0.7394362555042616,121.69386616795123
GA,650.96,1094200.4307177092,0.2161313888888889,0.7255602238297573,55.536798887270784
