algorithm,makespan,energy,cost,reliability,load_balance
HEFT,628.0399999999998,348950.6022387108,0.06798388888888889,0.874613503931151,97.17469584464871
GA,618.7099999999998,338767.8862956797,0.10081916666666665,0.8752665591403705,49.38274364231761
