algorithm,makespan,energy,cost,reliability,load_balance
HEFT,284.87,4225.4,0.13183416666666667,0.9790946116575363,11.134836903032886
GA,284.3,4225.4,0.14174333333333333,0.9790946116575363,23.977782424569625
