algorithm,makespan,energy,cost,reliability,load_balance
HEFT,47.36,485.02,0.006736388888888889,0.9975778381793988,15.805244580518204
GA,47.36,485.0199999999999,0.006929166666666667,0.9975778381793988,16.278166857788378
