algorithm,makespan,energy,cost,reliability,load_balance
HEFT,192.54,167928.75257089437,0.008488888888888888,0.9578822700033999,37.34509999094037
GA,189.24,164751.61593743396,0.00848888888888889,0.9583881653865898,36.004423061618425
