algorithm,makespan,energy,cost,reliability,load_balance
HEFT,523.99,1797530.4125651252,0.08759777777777779,0.6445858896031167,91.51084588117895
GA,559.69,1825741.9769157933,0.18652333333333332,0.6300253640564019,37.62733500110942
