algorithm,makespan,energy,cost,reliability,load_balance
HEFT,236.5,215028.87243128964,0.009034722222222222,0.9504212230241764,60.26251496231578
GA,237.5,205550.63970526317,0.011468888888888888,0.9502691677932353,44.96001678806775
