algorithm,makespan,energy,cost,reliability,load_balance
HEFT,51.97,634.44,0.008811666666666667,0.9968328261104062,18.700720440667517
GA,51.97,634.44,0.008811666666666667,0.9968328261104062,19.929348835323243
