algorithm,makespan,energy,cost,reliability,load_balance
HEFT,327.96999999999997,103000.11223587522,0.01914916666666667,0.9660697909684379,130.5397784521382
GA,333.96999999999997,94666.35754708506,0.02019527777777778,0.9658379620391897,84.7081016884847
