algorithm,makespan,energy,cost,reliability,load_balance
HEFT,52.239999999999995,549.2,0.018340555555555558,0.997257766809325,12.51757279073817
GA,46.32,549.1999999999999,0.013118055555555556,0.997257766809325,9.398171554692357
