algorithm,makespan,energy,cost,reliability,load_balance
HEFT,224.10999999999999,117048.52608094239,0.012056944444444445,0.9686871285325038,81.37632737561248
GA,225.10999999999999,105834.95082404157,0.013182777777777778,0.9686096366619374,54.09709868111492
