algorithm,makespan,energy,cost,reliability,load_balance
HEFT,190.87,92524.21071933777,0.00908888888888889,0.9742688370752676,55.761908657638834
GA,162.21,82992.15880648543,0.007498888888888888,0.9765052034556302,53.803138782576085
