algorithm,makespan,energy,cost,reliability,load_balance
HEFT,258.4,1884.0599999999997,0.04972972222222223,0.9906239320241002,18.03629373420899
GA,244.58,1884.0599999999997,0.05081666666666668,0.9906239320241002,7.706968167401074
