algorithm,makespan,energy,cost,reliability,load_balance
HEFT,399.86999999999995,139126.62717883312,0.03454666666666666,0.9477686941604571,70.8183584366841
GA,382.22999999999996,142134.72796483792,0.03238777777777778,0.9484376757400024,99.32125364190688
