algorithm,makespan,energy,cost,reliability,load_balance
HEFT,220.50999999999996,200314.84445149876,0.008942499999999999,0.9529824414492778,55.521497274329064
GA,229.50999999999996,198107.7861095377,0.008942499999999999,0.9516111343116918,42.26978928561153
