algorithm,makespan,energy,cost,reliability,load_balance
HEFT,47.05,554.42,0.007700277777777778,0.9972317387212793,17.138067945852782
GA,47.05,554.42,0.007700277777777778,0.9972317387212793,17.138067945852786
