algorithm,makespan,energy,cost,reliability,load_balance
HEFT,56.38,1872.1999999999994,0.026002777777777774,0.9906826777650632,14.720423257742857
GA,69.18,1872.1999999999996,0.04145111111111112,0.9906826777650632,23.436261046823123
