algorithm,makespan,energy,cost,reliability,load_balance
HEFT,329.56000000000006,572748.991230732,0.0315825,0.8707235032507986,64.39844224520395
GA,340.56000000000006,558054.6045043459,0.031436666666666675,0.8676639445018497,27.57979968574183
