algorithm,makespan,energy,cost,reliability,load_balance
HEFT,749.0500000000001,468516.0961885055,0.11745333333333335,0.8310235044416782,76.55803343822629
GA,759.08,466799.70568319544,0.13209861111111115,0.8303569586356543,45.48962077457109
