algorithm,makespan,energy,cost,reliability,load_balance
HEFT,394.98,6125.339999999999,0.14809611111111112,0.9698375458654729,6.887296665393689
GA,421.82,6125.339999999998,0.16225027777777778,0.9698375458654729,57.68021768769603
