algorithm,makespan,energy,cost,reliability,load_balance
HEFT,579.6,191530.09755003455,0.055254166666666674,0.9268644022552005,32.81220758599867
GA,428.25,187358.7861295972,0.04274138888888889,0.9324926588892318,13.683007710295273
