algorithm,makespan,energy,cost,reliability,load_balance
HEFT,288.86,2202.3,0.04942194444444445,0.9890489046475641,10.152298179886834
GA,289.46999999999997,2202.3,0.05339777777777779,0.9890489046475641,11.35568690128428
