algorithm,makespan,energy,cost,reliability,load_balance
HEFT,130.27,3418.319999999999,0.13242500000000001,0.9830536327978342,13.615040947422822
GA,136.25,3418.3199999999993,0.10221694444444443,0.9830536327978342,23.892203888856013
