algorithm,makespan,energy,cost,reliability,load_balance
HEFT,563.9699999999999,521351.82452967344,0.06487777777777776,0.8486815935995212,110.39668532916495
GA,504.42999999999995,454897.8247526912,0.0953211111111111,0.8568051064134955,55.428586231895416
