algorithm,makespan,energy,cost,reliability,load_balance
HEFT,186.61,320127.43572155834,0.008520555555555556,0.9305450399883175,34.676774595843945
GA,191.61,320033.6696414592,0.01125,0.9290573583869893,27.147117822125928
