algorithm,makespan,energy,cost,reliability,load_balance
HEFT,774.76,269620.27551757963,0.0694575,0.8994778955912011,59.609275005377086
GA,637.7199999999999,267330.8097284074,0.06146388888888888,0.9044220120781049,67.58774198526436
