algorithm,makespan,energy,cost,reliability,load_balance
HEFT,472.18,3666.4200000000005,0.08378666666666666,0.9818349108349308,12.699817255903099
GA,470.33,3666.4199999999996,0.08080694444444447,0.9818349108349308,14.469105881152425
