algorithm,makespan,energy,cost,reliability,load_balance
HEFT,783.6100000000001,6050.419999999999,0.1308030555555556,0.970200915064956,19.266678272776264
GA,761.64,6050.419999999998,0.12234472222222223,0.970200915064956,6.879110286463888
