algorithm,makespan,energy,cost,reliability,load_balance
HEFT,1112.4999999999998,440467.1197752809,0.10988694444444444,0.8445578863229222,41.737999772389635
GA,988.5000000000002,443665.8817703591,0.10010972222222224,0.8487572993740976,62.48924087392968
