algorithm,makespan,energy,cost,reliability,load_balance
HEFT,463.25999999999993,247770.26645943956,0.028041111111111107,0.9285550600012992,161.26869678981632
GA,479.26,222868.04715603223,0.05635527777777778,0.927367269872353,77.4861594553689
