algorithm,makespan,energy,cost,reliability,load_balance
HEFT,490.29999999999995,282719.9190291658,0.06823416666666667,0.8964442268274311,76.29355425872208
GA,492.11,282719.39131494996,0.0811313888888889,0.8963144311008238,74.39943370560215
