algorithm,makespan,energy,cost,reliability,load_balance
HEFT,76.77,1256.9799999999998,0.04185194444444445,0.9937348086733755,13.169697272526806
GA,56.5,1256.9799999999998,0.025574722222222224,0.9937348086733755,11.11320204006628
