algorithm,makespan,energy,cost,reliability,load_balance
HEFT,289.96999999999997,265344.62182294717,0.021612777777777776,0.9314518323934798,69.80445995481473
GA,292.36999999999995,252266.89513287952,0.020247777777777774,0.9310942235551319,44.75260353227135
