algorithm,makespan,energy,cost,reliability,load_balance
HEFT,883.48,262199.5368995337,0.09110388888888889,0.9005103687463913,23.594740939455164
GA,592.06,246176.78603519915,0.05543472222222222,0.9110688575510582,30.04263525946636
