algorithm,makespan,energy,cost,reliability,load_balance
HEFT,503.78000000000003,3784.6200000000003,0.06909638888888889,0.9812548178369929,20.49243823950678
GA,476.36,3784.620000000001,0.07768000000000003,0.9812548178369929,3.41900935944904
