algorithm,makespan,energy,cost,reliability,load_balance
HEFT,373.60999999999996,5658.559999999999,0.1392913888888889,0.9721036931657016,13.252844438620912
GA,384.53,5658.559999999999,0.1388563888888889,0.9721036931657016,43.39079560064718
