algorithm,makespan,energy,cost,reliability,load_balance
HEFT,681.04,421438.5302478562,0.10244583333333333,0.8456243911984912,44.47654148938681
GA,593.1800000000001,408974.9788934219,0.10967888888888891,0.8515890535722843,49.9311374366165
