algorithm,makespan,energy,cost,reliability,load_balance
HEFT,654.3800000000001,1150495.5785323512,0.09481277777777779,0.7361256902775464,126.186150943435
GA,701.7,1161521.003819296,0.1911413888888889,0.7250629502251698,53.48376684308808
