algorithm,makespan,energy,cost,reliability,load_balance
HEFT,334.96999999999997,572088.0350479147,0.023490833333333332,0.8760781322122511,59.223627447023766
GA,349.84999999999997,570774.7833071315,0.02641972222222222,0.8719165144205174,29.0832632767126
