algorithm,makespan,energy,cost,reliability,load_balance
HEFT,44.36,976.38,0.013560833333333333,0.9951299971057711,14.204472230632378
GA,44.36,976.3799999999998,0.015590277777777778,0.9951299971057711,15.499078195144172
