algorithm,makespan,energy,cost,reliability,load_balance
HEFT,249.39,225869.39548498334,0.009035,0.9484627148251564,62.7803469115402
GA,252.39,216097.5529141408,0.009035,0.948007561967465,44.114085260076884
