algorithm,makespan,energy,cost,reliability,load_balance
HEFT,48.29,522.5,0.007256944444444446,0.9973909096082781,17.454656386859448
GA,48.29,522.5,0.008034722222222223,0.9973909096082781,19.420999706074177
