algorithm,makespan,energy,cost,reliability,load_balance
HEFT,527.97,1780797.7915411862,0.0749661111111111,0.6608021520806682,82.1344492715624
GA,567.49,1837778.8829759115,0.08719972222222223,0.6442982106767119,32.555938989561696
