algorithm,makespan,energy,cost,reliability,load_balance
HEFT,473.1799999999999,862587.9408259012,0.07909972222222221,0.7753499524493204,97.03744446670588
GA,513.18,881777.3554308428,0.13404916666666666,0.7654887195866221,57.961402253652196
