algorithm,makespan,energy,cost,reliability,load_balance
HEFT,79.88,3014.3000000000006,0.1507725,0.9850415066173903,12.855624126170893
GA,83.66999999999999,3014.300000000001,0.08636833333333331,0.9850415066173903,24.966553253318857
