algorithm,makespan,energy,cost,reliability,load_balance
HEFT,412.5799999999999,744040.2453827136,0.053213611111111093,0.8231658333504204,93.27989690891984
GA,426.52,713014.5233986683,0.08005805555555556,0.8195020330166898,41.725195833437496
