algorithm,makespan,energy,cost,reliability,load_balance
HEFT,328.68999999999994,335195.81490157894,0.048543888888888886,0.8931292247573981,79.49563975464314
GA,343.87,327156.79698723357,0.06986333333333335,0.8909626246805176,49.23184504633832
