algorithm,makespan,energy,cost,reliability,load_balance
HEFT,657.49,633631.7747037979,0.10844527777777777,0.7993007468264347,102.05638219263899
GA,597.49,576641.1540778924,0.16770000000000002,0.8070109839194852,50.286282552169894
