algorithm,makespan,energy,cost,reliability,load_balance
HEFT,586.9499999999999,317854.8842831587,0.069605,0.8846269926963012,76.25452884676983
GA,617.48,322209.1358262616,0.0934263888888889,0.8824690161230822,50.06568426648567
