algorithm,makespan,energy,cost,reliability,load_balance
HEFT,504.1600000000001,307626.85661298,0.08141055555555556,0.8859683955057669,59.65905246541743
GA,456.36,297582.06159610837,0.07748555555555556,0.8893628246623413,47.32830289960906
