algorithm,makespan,energy,cost,reliability,load_balance
HEFT,539.9,978713.7350620485,0.09578583333333336,0.757955653248845,114.64932233772686
GA,568.92,964783.4835126203,0.1639563888888889,0.7509495549350064,56.05352191389595
