algorithm,makespan,energy,cost,reliability,load_balance
HEFT,119.48,5587.619999999999,0.2903016666666667,0.9724485595040968,12.166890187499739
GA,146.73000000000002,5587.620000000001,0.22396277777777773,0.9724485595040968,38.01716391734855
