algorithm,makespan,energy,cost,reliability,load_balance
HEFT,107.74000000000001,5595.839999999998,0.22172749999999997,0.9724085926896249,10.410993878990952
GA,152.67999999999998,5595.84,0.18607805555555562,0.9724085926896249,44.83885289603491
