algorithm,makespan,energy,cost,reliability,load_balance
HEFT,576.9300000000001,1042798.0936682093,0.10662527777777779,0.7352905145293873,112.99012833700522
GA,613.93,1047602.401511573,0.21462638888888894,0.7266360106034336,58.50588720032176
