algorithm,makespan,energy,cost,reliability,load_balance
HEFT,557.69,355080.62344671774,0.08337555555555555,0.873028742376575,111.34324117501318
GA,635.0300000000001,361891.90855550126,0.11731222222222223,0.8676438149318412,71.38869487080672
