algorithm,makespan,energy,cost,reliability,load_balance
HEFT,857.5599999999998,489855.49013480096,0.11846194444444445,0.824758386821017,90.04391432597124
GA,766.6299999999999,471002.74241811567,0.12732416666666668,0.8307798840666681,90.6715543281668
