algorithm,makespan,energy,cost,reliability,load_balance
HEFT,372.4200000000001,650207.3462220075,0.029167500000000002,0.8544955364680947,74.9298950390598
GA,382.4200000000001,631427.7285183829,0.050371111111111116,0.8517655211055896,38.720872460636826
