algorithm,makespan,energy,cost,reliability,load_balance
HEFT,534.4,297667.66274326347,0.06724750000000002,0.890563919046688,65.87869446132467
GA,536.0,304022.8604664179,0.08430361111111113,0.8904499341602384,94.38220102139417
