algorithm,makespan,energy,cost,reliability,load_balance
HEFT,246.23000000000002,3551.4399999999996,0.10051750000000002,0.9823995300094005,16.806014229605847
GA,252.14,3551.4399999999996,0.10342805555555556,0.9823995300094005,32.513683712729765
