algorithm,makespan,energy,cost,reliability,load_balance
HEFT,510.36999999999995,1738631.2013833101,0.09321444444444445,0.649990715526405,82.82893232999915
GA,556.28,1818727.4815380743,0.15216833333333335,0.6311702771449766,41.58528084922034
