algorithm,makespan,energy,cost,reliability,load_balance
HEFT,124.54000000000002,3631.0799999999995,0.16601916666666672,0.9820084163924399,9.449042191319357
GA,152.55,3631.079999999999,0.14865333333333333,0.98200841639244,26.914311651362492
