algorithm,makespan,energy,cost,reliability,load_balance
HEFT,395.36000000000007,400661.9748077703,0.0606763888888889,0.877655790823825,102.2917637283993
GA,417.36000000000007,386481.0317711329,0.09676916666666667,0.8745718733191803,53.46363530475645
