algorithm,makespan,energy,cost,reliability,load_balance
HEFT,962.78,383317.2063919068,0.08707666666666666,0.8638933113814772,83.72507325566615
GA,906.5300000000001,383394.81818582944,0.09317611111111113,0.8658392597030004,73.97000354873595
