algorithm,makespan,energy,cost,reliability,load_balance
HEFT,705.38,5520.219999999999,0.11585861111111113,0.9727763298948585,15.259544281093985
GA,694.4300000000001,5520.22,0.12275333333333338,0.9727763298948585,4.651912689063209
