algorithm,makespan,energy,cost,reliability,load_balance
HEFT,353.72999999999996,657124.3011619031,0.057441111111111116,0.8293073870433653,83.39150739943969
GA,399.72999999999996,683713.9375328347,0.0841013888888889,0.817189389575684,47.381710333131096
