algorithm,makespan,energy,cost,reliability,load_balance
HEFT,336.92999999999995,185489.43249339625,0.02933333333333333,0.9371413072029261,91.23500595988362
GA,345.75000000000006,174164.01315979753,0.03772527777777778,0.9364802935296126,40.32787831814187
