algorithm,makespan,energy,cost,reliability,load_balance
HEFT,184.20000000000002,2345.0799999999995,0.07832944444444442,0.9883430746105454,19.157073852011656
GA,173.97000000000003,2345.08,0.08158888888888889,0.9883430746105454,17.16984794840737
