algorithm,makespan,energy,cost,reliability,load_balance
HEFT,74.25999999999999,673.14,0.018145555555555557,0.9966399576191822,14.88024427362861
GA,51.769999999999996,673.14,0.009633055555555556,0.9966399576191822,7.134098075940843
