algorithm,makespan,energy,cost,reliability,load_balance
HEFT,191.93999999999997,97098.63811607793,0.007246666666666666,0.9746913716418975,66.28125305954056
GA,194.93999999999997,88714.20354981019,0.007138333333333333,0.9744574737815693,42.557883187825155
