algorithm,makespan,energy,cost,reliability,load_balance
HEFT,369.5400000000001,1256896.61711858,0.05716972222222225,0.7394282696358262,60.82604578964319
GA,353.43,1165037.8715162834,0.06620916666666668,0.7470915085099423,35.33310402518527
