algorithm,makespan,energy,cost,reliability,load_balance
HEFT,464.53000000000003,1614215.1414117496,0.08748361111111111,0.671665788979896,88.57558384270125
GA,493.53000000000003,1616425.2137053472,0.11987305555555554,0.6593146451031531,36.56371393724823
