algorithm,makespan,energy,cost,reliability,load_balance
HEFT,497.03,302611.49475886766,0.062428055555555556,0.8929534742203858,116.09199698638021
GA,525.03,297553.0607393863,0.07928666666666666,0.8909554970080309,73.72115876734439
