algorithm,makespan,energy,cost,reliability,load_balance
HEFT,495.93,521517.62422116025,0.10668416666666666,0.8219195169274943,75.81481120686995
GA,554.4000000000001,545212.2079725829,0.14773194444444446,0.8142661506670752,45.614362047495526
