algorithm,makespan,energy,cost,reliability,load_balance
HEFT,214.12,5899.739999999998,0.1479758333333333,0.9709321398521557,12.549649513698249
GA,220.66,5899.740000000001,0.16079416666666663,0.9709321398521557,24.51781494308441
