algorithm,makespan,energy,cost,reliability,load_balance
HEFT,713.86,714336.2219762979,0.11686527777777776,0.7816783032450614,150.77420409340584
GA,766.86,714918.9798920273,0.20485250000000005,0.7750776973568128,80.09775872852705
