algorithm,makespan,energy,cost,reliability,load_balance
HEFT,88.9,1086.1599999999999,0.03668916666666667,0.9945839201348952,13.11144974004455
GA,76.52,1086.16,0.03525333333333333,0.9945839201348952,6.319446178265941
