algorithm,makespan,energy,cost,reliability,load_balance
HEFT,310.28999999999996,163035.13870894967,0.019072222222222223,0.9526348568579213,104.79822993836434
GA,311.28999999999996,145827.4486491696,0.02181611111111111,0.9525586491177228,56.640338966272836
