algorithm,makespan,energy,cost,reliability,load_balance
HEFT,291.35999999999996,183490.1085598572,0.03567888888888889,0.9331866915755904,66.41975479317665
GA,320.12999999999994,185840.13035329393,0.04468666666666666,0.9310413389051723,54.542311999165236
