algorithm,makespan,energy,cost,reliability,load_balance
HEFT,95.44999999999999,1163.3799999999999,0.044000277777777784,0.9941999854066998,12.08057406098142
GA,79.56,1163.3799999999999,0.041428333333333345,0.9941999854066998,11.663382794639201
