algorithm,makespan,energy,cost,reliability,load_balance
HEFT,332.78999999999996,170076.76258301028,0.01752888888888889,0.9516039020945534,108.05683012060962
GA,336.78999999999996,154084.21889010957,0.02701111111111111,0.9512994375628063,58.50818300521242
