algorithm,makespan,energy,cost,reliability,load_balance
HEFT,582.25,204314.3112237011,0.05729916666666667,0.9228269024875844,34.22104652111039
GA,484.01,202275.60168178342,0.050457777777777775,0.9264603774596231,28.43746047616303
