algorithm,makespan,energy,cost,reliability,load_balance
HEFT,416.48,3222.359999999999,0.0643763888888889,0.9840173007710955,9.992191951719118
GA,407.41999999999996,3222.359999999999,0.06497361111111111,0.9840173007710955,5.383236325235352
