algorithm,makespan,energy,cost,reliability,load_balance
HEFT,573.9399999999999,238200.31846534484,0.05234222222222222,0.9146772574744704,87.57882487603186
GA,643.05,236410.40696679885,0.06033861111111111,0.9121522153850952,51.34201690623383
