algorithm,makespan,energy,cost,reliability,load_balance
HEFT,279.99,497272.42537233466,0.026010555555555558,0.8823775970686006,60.46463258091594
GA,287.44,481293.81067353184,0.0317025,0.8802765143628918,34.46144886189915
