algorithm,makespan,energy,cost,reliability,load_balance
HEFT,462.59,139135.2600142675,0.03212472222222222,0.9473760201812649,77.70762526933886
GA,423.6499999999999,134556.14056414488,0.03362472222222222,0.9488528028901021,67.22372218941759
