algorithm,makespan,energy,cost,reliability,load_balance
HEFT,230.13,1773.9999999999998,0.04108722222222223,0.9911692223967783,5.689434652640513
GA,225.32,1773.9999999999998,0.03971027777777778,0.9911692223967782,3.117124743520327
