algorithm,makespan,energy,cost,reliability,load_balance
HEFT,415.12999999999994,217773.41011249492,0.03119361111111111,0.9347351984677038,132.50142565270758
GA,422.98,194905.6451368859,0.056279166666666665,0.9341483690467907,49.20638895799725
