algorithm,makespan,energy,cost,reliability,load_balance
HEFT,125.32,1748.6400000000008,0.07235916666666668,0.9912949106226433,9.238673374153114
GA,127.47999999999999,1748.6400000000008,0.062413888888888894,0.9912949106226433,22.991115054050148
