algorithm,makespan,energy,cost,reliability,load_balance
HEFT,286.08,145269.87167925056,0.010165277777777777,0.9631709160637507,101.05236124158603
GA,291.08,141085.84021574823,0.01113611111111111,0.9627857247407258,88.65863328157694
