algorithm,makespan,energy,cost,reliability,load_balance
HEFT,327.68,212625.11288452148,0.04188638888888889,0.9216165788488526,62.512504220584304
GA,361.8,217876.2440851299,0.055586388888888894,0.9191043644652337,59.52279645828382
