algorithm,makespan,energy,cost,reliability,load_balance
HEFT,204.62,2991.0800000000004,0.09341833333333334,0.9851558765753562,8.34811484279963
GA,208.08,2991.0800000000004,0.08485194444444447,0.9851558765753562,23.330878833487112
