algorithm,makespan,energy,cost,reliability,load_balance
HEFT,432.1500000000001,3274.5199999999995,0.08475694444444448,0.9837607025209206,18.651520938876146
GA,415.40000000000003,3274.519999999999,0.07840666666666667,0.9837607025209206,7.231977599522847
