algorithm,makespan,energy,cost,reliability,load_balance
HEFT,780.7199999999999,270911.8286069269,0.06436222222222224,0.8993667269936668,83.58238146682984
GA,692.9499999999999,268821.6842629338,0.06364222222222221,0.9025297728606111,95.53901136010708
