algorithm,makespan,energy,cost,reliability,load_balance
HEFT,468.17,489472.1922592221,0.08310916666666668,0.8455895521912623,115.92965212971471
GA,522.17,486190.33753375325,0.1440988888888889,0.8383151292202388,37.36888781125282
