algorithm,makespan,energy,cost,reliability,load_balance
HEFT,368.7,1245010.392568484,0.042244722222222225,0.7512674240430142,58.532878903214836
GA,389.7,1265179.4106235567,0.045360833333333336,0.7412379389749119,27.09484057370122
