algorithm,makespan,energy,cost,reliability,load_balance
HEFT,190.3,328046.5172884918,0.008452222222222224,0.9295383629489322,36.78786614036333
GA,191.3,318648.3169890225,0.008548611111111111,0.9292409582600767,26.119988607170367
