algorithm,makespan,energy,cost,reliability,load_balance
HEFT,478.89,839553.6695900938,0.06721416666666667,0.8008894150972344,91.36099554159206
GA,500.89,838232.5975962785,0.08612000000000002,0.7952709538036785,54.463336734782324
