algorithm,makespan,energy,cost,reliability,load_balance
HEFT,72.29,3076.96,0.1168452777777778,0.9847329414526241,11.88208464386073
GA,100.80000000000001,3076.96,0.0944888888888889,0.9847329414526241,33.37789784447381
