algorithm,makespan,energy,cost,reliability,load_balance
HEFT,287.07000000000005,148952.5378827464,0.01966277777777778,0.9552096822846686,90.34779291121934
GA,293.07000000000005,136848.9552325383,0.01940027777777778,0.9547512916597231,48.81581767580201
