algorithm,makespan,energy,cost,reliability,load_balance
HEFT,56.09,600.56,0.008341111111111112,0.9970017038946938,16.39751746552685
GA,56.09,600.56,0.008341111111111112,0.9970017038946938,17.35169039827012
