algorithm,makespan,energy,cost,reliability,load_balance
HEFT,187.98000000000002,324326.9744121715,0.00846138888888889,0.9302164295162192,36.53833977189288
GA,192.98000000000002,323056.8998341797,0.011994722222222224,0.9287292732712492,28.212967318224308
