algorithm,makespan,energy,cost,reliability,load_balance
HEFT,667.17,5319.179999999999,0.09074999999999998,0.9737546562861358,2.5863664989067185
GA,668.8399999999999,5319.1799999999985,0.08565305555555557,0.9737546562861358,7.195101921909527
