algorithm,makespan,energy,cost,reliability,load_balance
HEFT,1098.0300000000002,392703.5588554047,0.10247722222222225,0.8575072887312779,74.7348590574261
GA,964.92,390594.2232620322,0.09430722222222221,0.8620851769785264,87.31807425537212
