algorithm,makespan,energy,cost,reliability,load_balance
HEFT,421.93,778318.1000876923,0.08505777777777776,0.7963143970101775,92.90354852278247
GA,470.96999999999997,800123.7768647684,0.15069055555555552,0.7839155353175277,40.69694661284641
