algorithm,makespan,energy,cost,reliability,load_balance
HEFT,55.55,617.8199999999999,0.008580833333333333,0.9969156663602207,16.20891821615197
GA,55.55,617.8199999999999,0.01106888888888889,0.9969156663602207,17.515716557197905
