algorithm,makespan,energy,cost,reliability,load_balance
HEFT,194.94,333429.58423104545,0.009957222222222221,0.9289194965046095,35.67091761658045
GA,196.93,326551.8552277459,0.007883611111111114,0.928328148874304,25.43723551618071
