algorithm,makespan,energy,cost,reliability,load_balance
HEFT,273.87,83481.44941030417,0.015423888888888888,0.9744598124823128,120.90202021333914
GA,275.87,79130.96947837749,0.014141111111111113,0.9743818588155025,102.17777885463485
