algorithm,makespan,energy,cost,reliability,load_balance
HEFT,759.65,5985.419999999998,0.11498333333333333,0.9705162816066393,7.668226109516222
GA,758.28,5985.42,0.11072833333333336,0.9705162816066393,8.17588476353885
