algorithm,makespan,energy,cost,reliability,load_balance
HEFT,994.3299999999999,399620.63508090883,0.09626277777777775,0.8584424812633331,44.20917928816761
GA,886.87,403571.28769718215,0.08873055555555556,0.8621403521954412,72.51592238950016
