algorithm,makespan,energy,cost,reliability,load_balance
HEFT,631.07,392398.4834487458,0.08846305555555556,0.8569308946357467,75.34172661708023
GA,639.04,389360.7054800951,0.09987055555555555,0.8563846896459818,39.83011493025273
