algorithm,makespan,energy,cost,reliability,load_balance
HEFT,366.91999999999996,5716.8200000000015,0.1385625,0.9718205606001427,5.421318862996853
GA,389.33,5716.819999999999,0.1391827777777778,0.9718205606001427,38.5844922355009
