algorithm,makespan,energy,cost,reliability,load_balance
HEFT,647.03,429624.43206651934,0.09945305555555556,0.845577714020399,88.1967130906816
GA,707.48,438201.8125742071,0.11929277777777778,0.8414983719946739,82.22036956514226
