algorithm,makespan,energy,cost,reliability,load_balance
HEFT,322.22,5011.600000000001,0.1297355555555556,0.9752533456938746,5.308451482575413
GA,332.31,5011.599999999999,0.11493722222222223,0.9752533456938746,20.06291675134573
