algorithm,makespan,energy,cost,reliability,load_balance
HEFT,565.74,349296.635892813,0.08318000000000002,0.8730001075034395,88.7582088658363
GA,587.72,346177.5009698496,0.10194416666666668,0.8714663729689966,41.7091204269008
