algorithm,makespan,energy,cost,reliability,load_balance
HEFT,288.55,4184.539999999999,0.10706555555555557,0.9792946611210548,18.01657485880315
GA,277.43,4184.540000000001,0.11075694444444445,0.9792946611210548,10.780961973378282
