algorithm,makespan,energy,cost,reliability,load_balance
HEFT,533.0200000000001,341609.5053281303,0.08089027777777778,0.8762845605365019,92.33792796609329
GA,575.5600000000001,342472.85904162907,0.10895583333333335,0.8733074576317298,55.21112722670002
