algorithm,makespan,energy,cost,reliability,load_balance
HEFT,191.52999999999997,5178.88,0.21119805555555554,0.974437984826984,13.557285372325337
GA,225.98,5178.88,0.17497166666666666,0.974437984826984,44.052818298038545
