algorithm,makespan,energy,cost,reliability,load_balance
HEFT,481.34,484276.51988199604,0.09822638888888889,0.8367576470017366,71.83508168019299
GA,473.14,470044.64154372906,0.12485916666666669,0.8378561935235398,46.88332226566998
