algorithm,makespan,energy,cost,reliability,load_balance
HEFT,460.87999999999994,425806.98722010065,0.06336944444444444,0.8707896807517589,81.6870128779151
GA,419.59999999999997,387563.5675166826,0.08157222222222223,0.8765601077160815,60.342755927424015
