algorithm,makespan,energy,cost,reliability,load_balance
HEFT,546.4700000000001,1839646.8825187113,0.09487388888888887,0.6374284777552454,79.50223633905972
GA,549.09,1795735.911690251,0.10085750000000004,0.636360533298602,42.43284141476687
