algorithm,makespan,energy,cost,reliability,load_balance
HEFT,874.1399999999999,316251.575743016,0.08659083333333333,0.883531088457933,28.199414296518068
GA,732.6699999999998,319406.23707808426,0.07312166666666667,0.8885449871266032,104.44870399706583
