algorithm,makespan,energy,cost,reliability,load_balance
HEFT,679.9699999999999,648789.2949688956,0.09208055555555555,0.8134353718821077,150.52904915109687
GA,728.9699999999999,653874.2462104063,0.15547055555555556,0.8070829725098942,97.48673864514424
