algorithm,makespan,energy,cost,reliability,load_balance
HEFT,174.87,4888.899999999998,0.16648611111111114,0.9758518471930205,13.232662225846065
GA,196.94,4888.899999999999,0.1687016666666667,0.9758518471930205,39.32218800605243
