algorithm,makespan,energy,cost,reliability,load_balance
HEFT,370.24,142029.38761343993,0.03107277777777778,0.9482036302040369,84.80841639640882
GA,371.27,138469.66566110915,0.03432555555555556,0.9481645650192208,52.58838552063248
