algorithm,makespan,energy,cost,reliability,load_balance
HEFT,496.0600000000001,521184.8102447285,0.08921583333333336,0.8303948237762866,107.65944072049605
GA,561.05,534013.6340611354,0.15412777777777775,0.8218047849714081,48.26304358668234
