algorithm,makespan,energy,cost,reliability,load_balance
HEFT,400.0,391943.95307499997,0.04707416666666667,0.8847189986877702,101.37777657315564
GA,432.0,393235.57585648145,0.06908666666666667,0.8802008138378258,69.36458228988334
