algorithm,makespan,energy,cost,reliability,load_balance
HEFT,457.49000000000007,824854.9289383377,0.07634500000000001,0.7909257374569207,93.85885030321828
GA,455.87000000000006,780633.1481343365,0.10946333333333333,0.7913358596537071,51.37207927103041
