algorithm,makespan,energy,cost,reliability,load_balance
HEFT,674.9899999999999,409748.40178373014,0.10142166666666666,0.8501521036806204,61.30097062853084
GA,694.29,417138.9091013841,0.11667055555555556,0.8488404816653019,85.34739246163298
