algorithm,makespan,energy,cost,reliability,load_balance
HEFT,367.53,659961.4043479443,0.05142388888888889,0.840306981281705,80.76704621586383
GA,391.45,652424.2330821304,0.06614333333333335,0.8338994895609578,35.96793993020147
