algorithm,makespan,energy,cost,reliability,load_balance
HEFT,873.26,357754.12662895356,0.08510833333333334,0.8729990599039391,53.25646783881435
GA,833.63,358337.96979475307,0.08840250000000002,0.8743840354553002,47.90959159361167
