algorithm,makespan,energy,cost,reliability,load_balance
HEFT,224.33999999999997,210177.83582954443,0.017851944444444445,0.943498598123769,57.456807367940876
GA,231.78999999999996,200856.997152595,0.020183055555555555,0.9423746178201517,33.05288640320741
