algorithm,makespan,energy,cost,reliability,load_balance
HEFT,524.93,1785134.5622273446,0.09759805555555555,0.6424070127012497,83.77333695572489
GA,543.76,1775487.852563631,0.1328411111111111,0.6347116993232912,36.04852951141719
