algorithm,makespan,energy,cost,reliability,load_balance
HEFT,441.95000000000005,823225.7492476525,0.08978138888888887,0.7766554991272441,93.50395989544525
GA,490.37,848158.414788833,0.16791222222222224,0.7647144368555437,47.387889905306174
