algorithm,makespan,energy,cost,reliability,load_balance
HEFT,477.49,824839.1949988481,0.03406583333333334,0.8235208589957895,91.0779237087494
GA,487.49,797666.3923772795,0.040821388888888886,0.8208898041798748,41.25970376576533
