algorithm,makespan,energy,cost,reliability,load_balance
HEFT,350.28999999999996,627358.9977447258,0.04637527777777778,0.8432923364630412,73.5791731577669
GA,375.28999999999996,629922.0310160143,0.06363888888888888,0.8365729113088497,37.69884630732386
