algorithm,makespan,energy,cost,reliability,load_balance
HEFT,578.79,995753.6757373139,0.07463305555555556,0.7657667955851203,93.85992345966851
GA,616.79,1024440.2491609785,0.11829472222222222,0.7565114578494627,57.223364049531035
