algorithm,makespan,energy,cost,reliability,load_balance
HEFT,99.63,3954.78,0.15415083333333332,0.9804203212831495,15.148214971892807
GA,105.68,3954.7799999999997,0.15019888888888897,0.9804203212831495,33.92248836442688
