algorithm,makespan,energy,cost,reliability,load_balance
HEFT,429.7799999999999,250038.42417050578,0.05406333333333333,0.9110695864064358,97.16361576522057
GA,434.75999999999993,237920.35596651022,0.063455,0.910706688577259,35.11438655105826
