algorithm,makespan,energy,cost,reliability,load_balance
HEFT,156.36,3673.58,0.11047083333333334,0.9817997617742948,14.513682036271844
GA,158.08999999999997,3673.580000000001,0.10214777777777778,0.9817997617742948,36.45721116939693
