algorithm,makespan,energy,cost,reliability,load_balance
HEFT,579.3499999999999,549397.0847501509,0.0642175,0.8457972544900788,136.4608800459555
GA,622.35,553992.3227605046,0.11836527777777778,0.8399981412036699,93.37308211104883
