algorithm,makespan,energy,cost,reliability,load_balance
HEFT,284.39000000000004,175138.4530398397,0.03180111111111111,0.9409662557773965,93.48611520281655
GA,293.8,159750.89489448603,0.03847222222222223,0.9402581629396315,39.07207104460021
