algorithm,makespan,energy,cost,reliability,load_balance
HEFT,363.43,119535.04617120216,0.019403333333333335,0.9599980747413754,144.10110602744635
GA,365.43,114043.49569000903,0.02013611111111111,0.9599212779673081,117.90232436922805
