algorithm,makespan,energy,cost,reliability,load_balance
HEFT,586.9499999999999,1023663.1932532584,0.06334111111111111,0.7797783237590273,116.91424814518902
GA,611.9499999999999,1007492.4143475774,0.10943944444444445,0.7735649836671012,57.11784671101691
