algorithm,makespan,energy,cost,reliability,load_balance
HEFT,73.03999999999999,3019.580000000001,0.11264944444444443,0.9850155018648798,9.49084256750311
GA,82.28999999999999,3019.580000000001,0.09672861111111111,0.9850155018648798,27.219203889589874
