algorithm,makespan,energy,cost,reliability,load_balance
HEFT,534.0899999999999,927090.3730831881,0.0423,0.7992537493242613,103.52672695274575
GA,547.98,897915.050914267,0.07893083333333335,0.7957091097020906,44.23907359177026
