algorithm,makespan,energy,cost,reliability,load_balance
HEFT,58.92,2247.2200000000007,0.07489444444444444,0.9888267892080779,11.675405148561849
GA,76.72,2247.2200000000003,0.06722777777777778,0.9888267892080779,23.266242780582342
