algorithm,makespan,energy,cost,reliability,load_balance
HEFT,59.01,1199.2399999999998,0.01665611111111111,0.9940217413293755,17.444371758489527
GA,59.01,1199.2399999999998,0.017514166666666667,0.9940217413293755,19.016124810869872
