algorithm,makespan,energy,cost,reliability,load_balance
HEFT,284.9,493482.31337311334,0.019034166666666668,0.8909105939825473,55.5526197191572
GA,295.9,487582.07245691103,0.01935472222222222,0.8877801015906756,31.249434517464312
