algorithm,makespan,energy,cost,reliability,load_balance
HEFT,208.35,200022.05989920805,0.01659611111111111,0.9455043406904311,57.351691285727
GA,211.35,192460.305748758,0.01971888888888889,0.9450506075115743,44.1847196815068
