algorithm,makespan,energy,cost,reliability,load_balance
HEFT,53.510000000000005,1064.9399999999998,0.030879166666666666,0.9946894510871395,9.856977541315594
GA,53.42,1064.94,0.02863555555555556,0.9946894510871395,19.13305114847081
