algorithm,makespan,energy,cost,reliability,load_balance
HEFT,304.64,542789.8547794117,0.04339833333333334,0.8662806038346785,64.06338932034176
GA,310.85,523784.71815988416,0.042660000000000003,0.8645608403416852,36.23505244101664
