algorithm,makespan,energy,cost,reliability,load_balance
HEFT,984.22,433859.8967100851,0.09390416666666668,0.8511313623355116,68.28932591066723
GA,962.6699999999998,435852.46952746005,0.0950011111111111,0.8518653538747492,88.66857410229018
