algorithm,makespan,energy,cost,reliability,load_balance
HEFT,739.5100000000001,5854.840000000003,0.1063088888888889,0.9711501385869948,5.531705583874359
GA,745.4200000000001,5854.840000000002,0.1072125,0.9711501385869948,16.887041382867135
