algorithm,makespan,energy,cost,reliability,load_balance
HEFT,502.15,945579.4870855323,0.10357055555555554,0.7518542427119023,115.12875754086475
GA,561.0599999999998,972020.0030299788,0.2014036111111111,0.7378136448662452,60.67958475839805
