algorithm,makespan,energy,cost,reliability,load_balance
HEFT,125.86000000000001,5956.940000000002,0.25437,0.9706544929655553,13.223888265821653
GA,155.07999999999998,5956.940000000002,0.21189138888888898,0.9706544929655553,38.84983731724771
