algorithm,makespan,energy,cost,reliability,load_balance
HEFT,1154.6499999999999,452197.51572337945,0.1075025,0.8410918582029676,115.36794655218
GA,1076.7,451555.9435775982,0.10472416666666667,0.8437184753850505,97.29848144584112
