algorithm,makespan,energy,cost,reliability,load_balance
HEFT,581.4199999999998,598024.6900519417,0.1096263888888889,0.8085535244433213,119.72041259917482
GA,663.03,625019.4686062471,0.1708961111111111,0.7980643864601622,68.09286389128208
