algorithm,makespan,energy,cost,reliability,load_balance
HEFT,382.81999999999994,199022.51901677024,0.0250825,0.9368339752593576,108.25739281090358
GA,396.55,187203.51055352416,0.041232222222222226,0.9358055217510004,53.039278016390845
