algorithm,makespan,energy,cost,reliability,load_balance
HEFT,490.3300000000001,512592.5443068954,0.07920083333333335,0.8413472524580041,127.18983054048259
GA,521.3300000000002,491462.1640611513,0.14591027777777782,0.8371845022405413,51.969088436460645
