algorithm,makespan,energy,cost,reliability,load_balance
HEFT,495.02,542402.2225566644,0.11149305555555555,0.8157243397708203,89.21878282953278
GA,542.4399999999999,553803.8690177716,0.16009944444444446,0.8095586956251328,54.701168508999864
