algorithm,makespan,energy,cost,reliability,load_balance
HEFT,220.69,6167.400000000002,0.2300616666666667,0.9696336104741353,13.403463171882109
GA,237.73000000000002,6167.400000000002,0.23470194444444445,0.9696336104741354,36.783007104730665
