algorithm,makespan,energy,cost,reliability,load_balance
HEFT,560.6800000000001,1006461.4923129057,0.10742444444444445,0.7487183506713381,110.28049875085759
GA,528.27,905524.7361197873,0.17168,0.7565238647391076,51.52155231672469
