algorithm,makespan,energy,cost,reliability,load_balance
HEFT,260.25,269740.84142170986,0.037111944444444454,0.9159902119584303,71.69818480965888
GA,271.28,256714.7300943674,0.04824861111111112,0.9143750980280901,40.51536200422419
