algorithm,makespan,energy,cost,reliability,load_balance
HEFT,323.06999999999994,165741.61432506886,0.031690833333333335,0.9425295569429682,66.66735075839489
GA,282.2,150436.25329553505,0.03460611111111111,0.9456162950319351,52.27805139007054
