algorithm,makespan,energy,cost,reliability,load_balance
HEFT,132.69,1867.3,0.054782777777777784,0.9907069497879996,11.30271514472771
GA,139.51999999999998,1867.3,0.05109527777777777,0.9907069497879996,19.562359584160593
