algorithm,makespan,energy,cost,reliability,load_balance
HEFT,653.48,355409.84634571825,0.09025166666666669,0.8739064025195287,108.6298655247652
GA,587.18,327480.3405599646,0.10456805555555554,0.8785539163897985,41.39179626706582
