algorithm,makespan,energy,cost,reliability,load_balance
HEFT,669.7000000000002,5173.339999999999,0.10292638888888889,0.9744649771330053,20.61306604235939
GA,653.96,5173.339999999999,0.09833777777777779,0.9744649771330053,8.7223978927816
