algorithm,makespan,energy,cost,reliability,load_balance
HEFT,929.51,329589.4627814655,0.08858972222222222,0.8786435334596631,49.86601138718296
GA,786.0900000000001,326993.7153633808,0.07855222222222225,0.8836986218339669,46.40561343558913
