algorithm,makespan,energy,cost,reliability,load_balance
HEFT,78.75999999999999,740.68,0.017943888888888888,0.9963034491281508,14.876546018097457
GA,70.02000000000001,740.68,0.010287222222222222,0.9963034491281508,23.913636725278142
