algorithm,makespan,energy,cost,reliability,load_balance
HEFT,273.09000000000003,136712.6992932733,0.008417500000000001,0.9666020487796481,95.28732526079817
GA,274.09000000000003,123430.69375022803,0.008417500000000001,0.9665247237087898,61.332208373158814
