algorithm,makespan,energy,cost,reliability,load_balance
HEFT,542.87,313814.81745169195,0.07769055555555555,0.883993119275311,61.31762551024205
GA,500.20000000000005,304104.118692523,0.08430416666666668,0.8870158744906084,55.89843875598979
