algorithm,makespan,energy,cost,reliability,load_balance
HEFT,508.30999999999995,158399.70028132436,0.03880083333333333,0.9419212562416006,121.92829733768393
GA,511.5199999999999,152643.82982092586,0.04130944444444445,0.9418003213164875,67.56335859768963
