algorithm,makespan,energy,cost,reliability,load_balance
HEFT,398.66,1362453.7473787188,0.050917777777777784,0.7264427511292625,69.60616469869964
GA,425.66,1388260.955903773,0.07765638888888887,0.7139976556866312,33.508383205026185
