algorithm,makespan,energy,cost,reliability,load_balance
HEFT,260.12,859974.4776257112,0.010870000000000001,0.8348573558850461,33.29747413438681
GA,261.12,850203.8434436275,0.009734444444444447,0.8343232181195963,23.9895669039292
