algorithm,makespan,energy,cost,reliability,load_balance
HEFT,175.67000000000002,54648.65981670178,0.007689166666666667,0.9820636068162776,71.00577177244115
GA,175.67000000000002,54648.65981670178,0.007689166666666667,0.9820636068162776,71.00577177244115
