algorithm,makespan,energy,cost,reliability,load_balance
HEFT,96.15,608.96,0.01685611111111111,0.9969598307024734,13.539810436880822
GA,80.7,608.9599999999999,0.012869444444444447,0.9969598307024734,5.904331743163945
