algorithm,makespan,energy,cost,reliability,load_balance
HEFT,239.90000000000003,421415.0113797416,0.019239444444444448,0.9017131725592734,49.58811419336324
GA,244.90000000000003,408701.135443038,0.024351111111111115,0.900271585060716,29.71850816105258
