algorithm,makespan,energy,cost,reliability,load_balance
HEFT,582.61,611228.3665573885,0.10752833333333335,0.8063246709732934,132.59158776734918
GA,641.0600000000001,610346.0666708264,0.1761969444444445,0.7988190735271655,53.62011674735519
