algorithm,makespan,energy,cost,reliability,load_balance
HEFT,218.79,6218.780000000002,0.22004416666666665,0.9693845435936151,13.238473083529431
GA,235.30999999999997,6218.780000000003,0.2217816666666667,0.9693845435936151,32.84090127036711
