algorithm,makespan,energy,cost,reliability,load_balance
HEFT,461.81,434641.40661744017,0.06586444444444445,0.8688649276783685,92.15911139391845
GA,444.25000000000006,410841.9580641531,0.08014416666666668,0.8713095231387704,69.58484259940045
