algorithm,makespan,energy,cost,reliability,load_balance
HEFT,126.06,2988.0200000000004,0.12567916666666668,0.9851709495755759,11.253964616228956
GA,127.19999999999999,2988.0199999999995,0.1200952777777778,0.9851709495755759,35.030259484955764
