algorithm,makespan,energy,cost,reliability,load_balance
HEFT,107.10000000000001,5594.860000000002,0.26375361111111106,0.9724133575034029,11.030518217983147
GA,134.23,5594.86,0.2179158333333333,0.9724133575034029,36.71413039780372
