algorithm,makespan,energy,cost,reliability,load_balance
HEFT,515.62,946330.2876149102,0.09174472222222224,0.763737450542177,115.3150570911513
GA,555.12,943878.7665369649,0.17121194444444443,0.7541445639313358,55.56406762729239
