algorithm,makespan,energy,cost,reliability,load_balance
HEFT,325.3299999999999,4938.459999999999,0.14765666666666666,0.9756100610638248,12.656210149849066
GA,321.53000000000003,4938.459999999999,0.1335088888888889,0.9756100610638248,11.918426235395827
