algorithm,makespan,energy,cost,reliability,load_balance
HEFT,662.76,394207.77560504555,0.09974416666666669,0.8598139932900476,122.50592216005606
GA,681.5200000000001,384892.2252611809,0.11751805555555557,0.8585245522874744,45.74022229629286
