algorithm,makespan,energy,cost,reliability,load_balance
HEFT,199.97000000000003,181450.73811071663,0.007992222222222223,0.95742872436841,50.17908521817962
GA,200.97000000000003,177775.7473254715,0.007992222222222223,0.9572755480269451,43.96245921237801
