algorithm,makespan,energy,cost,reliability,load_balance
HEFT,196.53,178137.4472599603,0.008890833333333336,0.9583026809748988,49.15800195542939
GA,197.53,169650.65311598236,0.007740833333333334,0.958149364811563,34.74916530772118
