algorithm,makespan,energy,cost,reliability,load_balance
HEFT,47.36,603.46,0.00838138888888889,0.9969872474747966,17.99844816227221
GA,47.36,603.46,0.008381388888888891,0.9969872474747966,17.99844816227221
