algorithm,makespan,energy,cost,reliability,load_balance
HEFT,608.11,324866.40647251316,0.07312305555555557,0.8867962765474318,117.75142777417666
GA,574.07,303124.5957810023,0.09079694444444446,0.8892144913145327,56.85279563423922
