algorithm,makespan,energy,cost,reliability,load_balance
HEFT,261.18,3932.8199999999997,0.13961194444444444,0.9805279773446359,11.364383507256345
GA,269.96999999999997,3932.8199999999997,0.12561527777777776,0.9805279773446359,21.355629192657506
