algorithm,makespan,energy,cost,reliability,load_balance
HEFT,1008.7,335870.1474372955,0.0970752777777778,0.875546339039118,69.14944468323664
GA,818.0400000000002,330905.83553371474,0.0764727777777778,0.8822491322429337,99.8955349352511
