algorithm,makespan,energy,cost,reliability,load_balance
HEFT,403.12000000000006,732056.2353145466,0.06046333333333335,0.8150351808384364,87.90846133217393
GA,427.12000000000006,732168.719235812,0.09589694444444442,0.808799685599989,55.916586086748666
