algorithm,makespan,energy,cost,reliability,load_balance
HEFT,78.75999999999999,3535.18,0.12410666666666667,0.9824794023379564,10.742307445518035
GA,99.71000000000001,3535.1800000000003,0.10980583333333331,0.9824794023379564,33.02794957494334
