algorithm,makespan,energy,cost,reliability,load_balance
HEFT,539.75,1823297.9883279298,0.07188277777777777,0.6506631535167883,84.44509551858448
GA,594.7499999999999,1929989.206456494,0.09110527777777779,0.6281582209868399,37.77361246177943
