algorithm,makespan,energy,cost,reliability,load_balance
HEFT,581.85,1026133.830248346,0.09642500000000002,0.7534977854031492,109.34050717264007
GA,601.83,1009490.1545120713,0.16395361111111112,0.7486955899794421,55.958459527055695
