algorithm,makespan,energy,cost,reliability,load_balance
HEFT,100.55,4809.92,0.18857166666666658,0.976237287187595,11.865521480322725
GA,133.73000000000002,4809.92,0.2073983333333333,0.9762372871875951,39.288284554378386
