algorithm,makespan,energy,cost,reliability,load_balance
HEFT,501.58000000000015,880754.5751824237,0.06594333333333334,0.7943677212057412,97.95910482926851
GA,491.47000000000014,822994.6499684622,0.10352944444444445,0.7969418212765055,52.42332304992478
