algorithm,makespan,energy,cost,reliability,load_balance
HEFT,963.89,357112.8696324269,0.10117527777777778,0.8700769699847661,26.67832625309674
GA,852.9399999999998,359560.88795225916,0.08907749999999999,0.8739469527173629,99.92192764853968
