algorithm,makespan,energy,cost,reliability,load_balance
HEFT,588.0200000000001,4580.699999999999,0.10147,0.9773567941533639,17.715513681516615
GA,586.17,4580.699999999998,0.09651166666666666,0.9773567941533639,12.066279114402516
