algorithm,makespan,energy,cost,reliability,load_balance
HEFT,421.9799999999999,242829.2025925399,0.047225277777777776,0.9131006166712805,90.43484109528013
GA,433.06999999999994,239152.86404045537,0.056186666666666676,0.91229087305955,65.82210287422998
