algorithm,makespan,energy,cost,reliability,load_balance
HEFT,195.77,2904.2000000000003,0.09062722222222223,0.9855839212527133,9.85619710783888
GA,220.24000000000004,2904.2000000000007,0.09142277777777777,0.9855839212527133,40.68087081172182
