algorithm,makespan,energy,cost,reliability,load_balance
HEFT,519.1600000000001,546528.3356190771,0.10151611111111114,0.8152901637202465,84.79323746620365
GA,559.3000000000001,555125.1530126946,0.16186333333333333,0.8100708224616839,43.963466044736116
