algorithm,makespan,energy,cost,reliability,load_balance
HEFT,402.86000000000007,707908.596658889,0.050892222222222235,0.8280179881616065,77.31064698342634
GA,432.86000000000007,732619.0311648108,0.07091277777777778,0.8201070487403983,57.774195056403194
