algorithm,makespan,energy,cost,reliability,load_balance
HEFT,649.45,252789.07458618833,0.05566777777777779,0.9073672541148874,42.42797534253394
GA,615.75,257228.52964677222,0.056030833333333335,0.9085912099343186,104.59589806329242
