algorithm,makespan,energy,cost,reliability,load_balance
HEFT,497.64000000000004,903094.6205489911,0.08657527777777774,0.771759736150612,104.28773409254443
GA,540.49,921012.3289052527,0.14795833333333336,0.7612495888931615,59.359868801175274
