algorithm,makespan,energy,cost,reliability,load_balance
HEFT,98.12,4870.62,0.21393666666666672,0.9759410441280918,12.312560229916544
GA,122.83000000000001,4870.620000000002,0.18975250000000002,0.9759410441280918,34.36216022813983
