algorithm,makespan,energy,cost,reliability,load_balance
HEFT,175.28999999999996,55200.05088710136,0.010173611111111109,0.9795335402190241,45.16892515878587
GA,174.34999999999997,54920.3879552624,0.010206666666666666,0.9795703713725576,43.861698553521606
