algorithm,makespan,energy,cost,reliability,load_balance
HEFT,284.49,284652.76958768326,0.029740833333333334,0.9204520232337646,84.76434107768037
GA,286.49,265752.89957764675,0.044568333333333335,0.9201575257084469,57.84233776684111
