algorithm,makespan,energy,cost,reliability,load_balance
HEFT,546.5299999999999,979392.874755274,0.0932013888888889,0.7500921600006824,102.48791697270086
GA,603.2099999999998,1022452.5237976821,0.18456277777777774,0.7366099257306397,56.16816515621752
