algorithm,makespan,energy,cost,reliability,load_balance
HEFT,111.97,5197.999999999998,0.2941988888888889,0.9743448330083624,12.141216325845106
GA,125.35999999999999,5198.000000000001,0.23627888888888887,0.9743448330083623,33.222608290333
