algorithm,makespan,energy,cost,reliability,load_balance
HEFT,488.47,910383.7223370934,0.10076833333333335,0.7560404492008318,103.50814205887303
GA,549.01,946973.7179832793,0.18255055555555555,0.741534790071301,50.5506494795311
