algorithm,makespan,energy,cost,reliability,load_balance
HEFT,126.87,6178.8600000000015,0.3661719444444446,0.969578052060019,14.249727781072785
GA,157.79,6178.860000000002,0.2944863888888889,0.969578052060019,40.45327348167345
