algorithm,makespan,energy,cost,reliability,load_balance
HEFT,501.92,158596.3025581766,0.03313861111111111,0.9402874994519624,87.8843812441475
GA,431.8400000000001,154196.38065024084,0.03078583333333334,0.9429270111816418,89.25970236711906
