algorithm,makespan,energy,cost,reliability,load_balance
HEFT,198.57,1442.9599999999998,0.037290833333333336,0.9928111641898502,20.08082169633504
GA,190.62,1442.9600000000003,0.03858527777777779,0.9928111641898502,11.394773655789146
