algorithm,makespan,energy,cost,reliability,load_balance
HEFT,302.95000000000005,101729.35725367223,0.020977500000000003,0.9639633536307859,100.33010980425237
GA,317.95000000000005,97651.01229753107,0.022960555555555553,0.9633851490973137,67.97965038646984
