algorithm,makespan,energy,cost,reliability,load_balance
HEFT,477.1599999999999,1597871.086344203,0.03948777777777777,0.7004154640014477,70.54062514911936
GA,518.8,1675423.4827679258,0.04638972222222223,0.6819961952271894,29.30011630482361
