algorithm,makespan,energy,cost,reliability,load_balance
HEFT,588.2,1033615.5996939817,0.08363305555555556,0.7512566058699988,107.35935377762101
GA,586.12,981598.7272572169,0.14644055555555555,0.7517568087159061,47.52175343987214
