algorithm,makespan,energy,cost,reliability,load_balance
HEFT,337.95,330644.7042461904,0.0420125,0.8971982740903944,76.63983141943879
GA,370.96,338177.1368341601,0.06594305555555555,0.8924721234909051,50.321719896415836
