algorithm,makespan,energy,cost,reliability,load_balance
HEFT,59.3,1681.3400000000001,0.02335194444444444,0.9916285374896401,14.895534806016803
GA,59.3,1681.3400000000001,0.03234194444444445,0.9916285374896401,20.348931549881783
