algorithm,makespan,energy,cost,reliability,load_balance
HEFT,287.4,500369.7405010438,0.02437027777777778,0.8829184837708435,55.58587401417158
GA,307.4,508607.7001301236,0.031295277777777776,0.8772858491316021,31.54357308268327
