algorithm,makespan,energy,cost,reliability,load_balance
HEFT,391.67999999999995,689738.5809334151,0.05556805555555556,0.8289873361657597,74.3492479841353
GA,366.9,616728.9300081765,0.062329166666666665,0.835587005935885,32.7917671365159
