algorithm,makespan,energy,cost,reliability,load_balance
HEFT,84.39,3305.6800000000003,0.09808138888888888,0.9836074445425744,13.523119689222316
GA,88.22999999999999,3305.6800000000003,0.10500055555555558,0.9836074445425744,29.00981277252189
