algorithm,makespan,energy,cost,reliability,load_balance
HEFT,181.29,5026.9800000000005,0.21235222222222222,0.9751783515951508,12.881022070601905
GA,204.96,5026.98,0.1953361111111111,0.9751783515951508,34.93718472129659
