algorithm,makespan,energy,cost,reliability,load_balance
HEFT,410.76,434932.82958418544,0.07493305555555557,0.8530018181632983,80.37792711103383
GA,478.89,462931.35321263754,0.1221427777777778,0.8437539123051868,53.1765600617415
