algorithm,makespan,energy,cost,reliability,load_balance
HEFT,412.26,716617.9668898268,0.04440361111111111,0.8369246804974664,79.00426741676985
GA,427.26,703580.9071525536,0.058366944444444444,0.832917067995696,37.58759917839882
