algorithm,makespan,energy,cost,reliability,load_balance
HEFT,59.84,2227.02,0.07047305555555555,0.9889266657574687,10.236063770419603
GA,70.4,2227.0199999999995,0.08708111111111111,0.9889266657574687,23.697482680298858
