algorithm,makespan,energy,cost,reliability,load_balance
HEFT,752.3,474042.8997740263,0.1211725,0.8290702390444511,72.73585336191302
GA,754.75,474163.18402119906,0.13938027777777778,0.8289077572013391,70.49451544015926
