algorithm,makespan,energy,cost,reliability,load_balance
HEFT,894.4000000000001,326857.93891994626,0.08590916666666666,0.8803740544043016,62.0807852049785
GA,804.7300000000002,325968.26241099497,0.07395805555555557,0.8835374499046711,73.10047486165877
