algorithm,makespan,energy,cost,reliability,load_balance
HEFT,318.08,194414.73670145875,0.04199888888888889,0.929377380845922,70.94921079546974
GA,340.16999999999996,196992.31163829844,0.0477486111111111,0.92773643550485,64.12923958416205
