algorithm,makespan,energy,cost,reliability,load_balance
HEFT,720.0699999999999,439849.8977877151,0.09765916666666669,0.8428943964014731,113.51543516821212
GA,757.97,439752.81135137274,0.12038555555555558,0.8403426110530571,67.71435736132433
