algorithm,makespan,energy,cost,reliability,load_balance
HEFT,548.79,326192.5076076459,0.0809625,0.879374517323052,60.630185772317354
GA,486.39,317588.4188614075,0.08761138888888889,0.8837753302034371,74.37310572617727
