algorithm,makespan,energy,cost,reliability,load_balance
HEFT,541.8800000000001,345432.1914999631,0.09250277777777778,0.8733493773957625,70.75823787224863
GA,565.78,349202.53043585847,0.09470833333333337,0.8716811287401207,68.70737014687722
