algorithm,makespan,energy,cost,reliability,load_balance
HEFT,333.09000000000003,4949.600000000001,0.1483711111111111,0.9755557210968057,15.015884922308114
GA,337.46,4949.600000000001,0.1600488888888889,0.9755557210968057,34.69047090237565
