algorithm,makespan,energy,cost,reliability,load_balance
HEFT,539.6700000000001,968056.5232456874,0.08583888888888888,0.7731609788548783,117.04841092298851
GA,572.39,955622.7742273625,0.1600175,0.7651079071537467,53.31076048480026
