algorithm,makespan,energy,cost,reliability,load_balance
HEFT,203.47,2754.5200000000004,0.10425583333333334,0.9863218083422867,14.546208882631339
GA,201.32999999999998,2754.520000000001,0.09234527777777779,0.9863218083422867,27.130516687197197
