algorithm,makespan,energy,cost,reliability,load_balance
HEFT,476.3299999999999,269394.69901118975,0.05578499999999999,0.9056941615154565,110.48374243687232
GA,480.34,254199.882041887,0.06955111111111112,0.9054036614271478,33.63152899969227
