algorithm,makespan,energy,cost,reliability,load_balance
HEFT,306.05,530702.1102760987,0.029667222222222227,0.8780754105729692,58.320449948172225
GA,320.05000000000007,525266.4681456024,0.03865833333333335,0.8741504312519379,26.697012124033783
