algorithm,makespan,energy,cost,reliability,load_balance
HEFT,50.24,1731.38,0.02404694444444444,0.9913804630649647,13.204649043075944
GA,56.97,1731.3800000000003,0.038843055555555554,0.9913804630649647,19.606231273192286
