algorithm,makespan,energy,cost,reliability,load_balance
HEFT,841.5600000000002,307498.97221826133,0.08214638888888891,0.8869672673525341,51.801575909104
GA,758.3100000000001,309069.13937571703,0.07407305555555556,0.8899257915617286,100.56905587704405
