algorithm,makespan,energy,cost,reliability,load_balance
HEFT,501.18,3981.82,0.08992750000000002,0.9802877774158792,3.0725166123771013
GA,503.03999999999996,3981.8200000000006,0.0883911111111111,0.9802877774158792,5.863146908160001
