algorithm,makespan,energy,cost,reliability,load_balance
HEFT,559.93,1868220.3449538334,0.07836999999999998,0.644023282874162,75.89736874435415
GA,556.8499999999999,1805643.7316871686,0.12929138888888894,0.645294033609816,32.6055419103693
