algorithm,makespan,energy,cost,reliability,load_balance
HEFT,905.3299999999998,340915.84337203007,0.08409749999999999,0.8766007810486935,86.4407506137392
GA,837.8899999999998,339328.13729725854,0.08540472222222222,0.8789686917176114,69.10052701197965
