algorithm,makespan,energy,cost,reliability,load_balance
HEFT,48.32,605.62,0.014946388888888888,0.996976480070668,9.641756564177356
GA,53.129999999999995,605.6199999999999,0.016195,0.996976480070668,17.311980523407975
