algorithm,makespan,energy,cost,reliability,load_balance
HEFT,280.86,141221.85747347435,0.009653611111111111,0.9642834425960195,97.1076081229331
GA,287.86,125574.76825540193,0.009653611111111113,0.9637435950395895,46.181121510077816
