algorithm,makespan,energy,cost,reliability,load_balance
HEFT,921.5199999999998,370975.7030341175,0.09256027777777778,0.8678808876047331,30.58773065571652
GA,788.7399999999999,376655.7199330578,0.08245027777777778,0.8725026392340883,55.385016626039445
