algorithm,makespan,energy,cost,reliability,load_balance
HEFT,331.40999999999997,1111731.334148034,0.029690555555555557,0.7808042505956152,50.00913556199245
GA,352.40999999999997,1141863.0027240997,0.029704166666666674,0.7703804463391812,24.456346823988213
