algorithm,makespan,energy,cost,reliability,load_balance
HEFT,468.97999999999996,1574057.2414175444,0.056591666666666665,0.6894706153419498,68.27585943543168
GA,492.97999999999996,1603938.9849892491,0.08256222222222223,0.6789612651214116,35.630340923786264
