algorithm,makespan,energy,cost,reliability,load_balance
HEFT,285.93,98359.93522890218,0.020206944444444444,0.9653130752001935,97.86693449100501
GA,285.93,98336.19585213164,0.023839166666666668,0.9653130752001935,97.75127040947686
