algorithm,makespan,energy,cost,reliability,load_balance
HEFT,333.46000000000004,199079.44823966894,0.036998333333333334,0.9291536137152582,82.74173690940816
GA,380.15999999999997,200236.96719802188,0.04738111111111111,0.9256887721685267,41.38611842410791
