algorithm,makespan,energy,cost,reliability,load_balance
HEFT,103.52000000000001,2269.3399999999997,0.07222166666666666,0.9887174310128112,14.245583043526159
GA,93.7,2269.34,0.06476111111111113,0.9887174310128112,21.181095570893714
