algorithm,makespan,energy,cost,reliability,load_balance
HEFT,442.14000000000004,420830.37033518794,0.04995611111111111,0.882152443036705,109.57516753352469
GA,454.35,396007.6161549466,0.07660194444444444,0.8804307523190585,45.55789101059589
