algorithm,makespan,energy,cost,reliability,load_balance
HEFT,1153.47,396300.037937701,0.10879027777777779,0.855790222540358,105.85737842336106
GA,973.4499999999999,389614.6454568802,0.09709583333333334,0.8619748371377736,83.45727270086581
