algorithm,makespan,energy,cost,reliability,load_balance
HEFT,721.02,5648.600000000002,0.11400277777777777,0.9721521051350692,14.832571141466593
GA,712.9900000000001,5648.599999999999,0.12336638888888886,0.9721521051350692,8.885420642828409
