algorithm,makespan,energy,cost,reliability,load_balance
HEFT,43.55,1077.4399999999998,0.014964444444444445,0.9946272849391589,15.432888007695272
GA,43.55,1077.44,0.014964444444444445,0.9946272849391589,15.432888007695272
