algorithm,makespan,energy,cost,reliability,load_balance
HEFT,228.4,403909.8050788091,0.01712472222222222,0.9069013499476057,49.51806252398239
GA,241.98000000000002,401493.8751962973,0.019179444444444447,0.9029688701219275,27.12807853795197
