algorithm,makespan,energy,cost,reliability,load_balance
HEFT,818.4900000000001,480668.93414702686,0.11504194444444446,0.8275213263821433,89.72053323475393
GA,881.4300000000003,490554.5102050079,0.16459888888888893,0.8233650635879778,50.77122299027833
