algorithm,makespan,energy,cost,reliability,load_balance
HEFT,50.99,711.26,0.009878611111111112,0.9964500161452574,20.622269102033044
GA,50.99,711.26,0.017119444444444448,0.9964500161452574,21.34937117536096
