algorithm,makespan,energy,cost,reliability,load_balance
HEFT,236.16000000000003,214129.89219173443,0.009042777777777778,0.9508657439089458,59.62011724242078
GA,240.08999999999997,206066.06764130117,0.009013055555555555,0.9502680274709182,42.73947753541214
