algorithm,makespan,energy,cost,reliability,load_balance
HEFT,1124.74,439658.0557462169,0.11445361111111112,0.844312324595985,31.6050597215066
GA,946.1199999999999,446284.75945968786,0.09807555555555555,0.8503663690070452,81.9959669739921
