algorithm,makespan,energy,cost,reliability,load_balance
HEFT,129.3,5897.760000000003,0.24893500000000002,0.9709417521279209,12.847700434381748
GA,143.1,5897.76,0.22522861111111112,0.9709417521279209,36.380253328668076
