algorithm,makespan,energy,cost,reliability,load_balance
HEFT,603.63,1079833.9764922222,0.11611944444444446,0.7240384357160102,107.68670839626299
GA,654.2499999999999,1115232.6725105077,0.23361250000000003,0.712404650253645,61.935189883191065
