algorithm,makespan,energy,cost,reliability,load_balance
HEFT,355.66999999999996,108064.15598729158,0.016258333333333333,0.9692440899493607,169.4397270418009
GA,356.66999999999996,97243.65458266743,0.016313888888888888,0.9692053209611478,125.42187807555744
