algorithm,makespan,energy,cost,reliability,load_balance
HEFT,165.67000000000002,2464.0600000000004,0.09837055555555556,0.987755284171061,8.847070439255182
GA,165.37,2464.0600000000004,0.09325749999999998,0.987755284171061,10.861162707424235
