algorithm,makespan,energy,cost,reliability,load_balance
HEFT,476.2300000000001,248051.00896625585,0.04899583333333333,0.9138909731837487,95.0977220697591
GA,425.49000000000007,225601.76760910952,0.06550527777777777,0.9176081787584666,59.68700432853276
