algorithm,makespan,energy,cost,reliability,load_balance
HEFT,351.55,1181369.7348314608,0.03785000000000001,0.762819074247657,53.135817259111114
GA,360.55,1174544.3161836083,0.04294111111111111,0.7584378663718297,29.413467106450106
