algorithm,makespan,energy,cost,reliability,load_balance
HEFT,168.48000000000002,4636.02,0.16870416666666666,0.9770864946482459,12.570898651912946
GA,195.91000000000003,4636.020000000001,0.15887444444444443,0.9770864946482459,47.21113131014055
