algorithm,makespan,energy,cost,reliability,load_balance
HEFT,501.1699999999999,506332.8333898676,0.06933555555555554,0.8436543552175186,119.17464183394887
GA,556.33,522507.52206424245,0.11588166666666665,0.8362413595247119,87.81160335010783
