algorithm,makespan,energy,cost,reliability,load_balance
HEFT,482.17,1650197.9187838314,0.08999638888888888,0.6604850431598992,80.3782523793318
GA,479.94,1576265.9427011707,0.1384308333333333,0.661428360404562,36.525578708625545
