algorithm,makespan,energy,cost,reliability,load_balance
HEFT,382.53000000000003,684185.6165790919,0.0494625,0.8369856108320439,83.41554455910926
GA,409.96000000000004,681816.0169040882,0.09564472222222223,0.8296710351076764,38.45921085902822
