algorithm,makespan,energy,cost,reliability,load_balance
HEFT,452.3299999999999,1547374.947582517,0.06944777777777777,0.6899020831079528,78.35166176596444
GA,474.3299999999999,1545807.1344422658,0.10824277777777777,0.6802563272515268,32.7019156746158
