algorithm,makespan,energy,cost,reliability,load_balance
HEFT,495.95,3823.46,0.08030194444444447,0.9810642766535167,15.421341003081801
GA,487.02000000000004,3823.46,0.08012444444444447,0.9810642766535167,8.232943479299106
