algorithm,makespan,energy,cost,reliability,load_balance
HEFT,743.9999999999999,265834.2537768817,0.0650925,0.9019267235219715,95.75293289676996
GA,686.76,268014.7840730386,0.06178083333333334,0.9039941408243122,134.30160122525217
