algorithm,makespan,energy,cost,reliability,load_balance
HEFT,131.36,5907.059999999999,0.27333944444444447,0.97089660438614,13.412046759771247
GA,144.74,5907.059999999999,0.23832500000000004,0.97089660438614,34.13829046255313
