algorithm,makespan,energy,cost,reliability,load_balance
HEFT,562.48,1025450.039201394,0.11721527777777777,0.7410817024852805,117.25294788877962
GA,609.1400000000001,1037063.1953409729,0.22140083333333338,0.7300986623996881,57.002152717378344
