algorithm,makespan,energy,cost,reliability,load_balance
HEFT,245.13999999999996,131596.6995186424,0.017833333333333333,0.9595473654802941,80.61641125903405
GA,246.13999999999996,124724.77297472983,0.01737361111111111,0.9594706047615253,63.165686152711544
