algorithm,makespan,energy,cost,reliability,load_balance
HEFT,506.6600000000001,1722753.1359688945,0.06883777777777779,0.665451713835125,84.19957551343039
GA,534.1400000000001,1740901.9009810162,0.10579305555555556,0.6538505960693025,40.18949237791199
