algorithm,makespan,energy,cost,reliability,load_balance
HEFT,227.5,124900.34470329671,0.017345,0.9597001375812151,71.74416153448108
GA,230.5,115504.74481561822,0.020100277777777776,0.9594698371853486,42.46801418210449
