algorithm,makespan,energy,cost,reliability,load_balance
HEFT,76.03999999999999,961.0600000000002,0.030672500000000005,0.9952062269831164,9.382297826225726
GA,72.57,961.0600000000001,0.03162500000000001,0.9952062269831164,19.945012221104303
