algorithm,makespan,energy,cost,reliability,load_balance
HEFT,400.28999999999996,682926.5655150017,0.03755777777777778,0.8476946420169976,67.92536085052024
GA,366.39000000000004,605600.0792870986,0.03563916666666667,0.8569404923155135,37.69491599453005
