algorithm,makespan,energy,cost,reliability,load_balance
HEFT,251.03999999999996,3754.520000000001,0.10591916666666666,0.9814025078004683,12.028430309657432
GA,255.75,3754.5200000000004,0.10972166666666666,0.9814025078004683,17.01952806967003
