algorithm,makespan,energy,cost,reliability,load_balance
HEFT,533.48,339430.68673614756,0.07693083333333334,0.8771497049328799,94.02867036175724
GA,579.83,344951.6107479779,0.08550888888888888,0.8739032564621425,80.0179970381664
