algorithm,makespan,energy,cost,reliability,load_balance
HEFT,126.53,5653.980000000005,0.2545738888888889,0.9721259545951674,13.870338882148667
GA,146.82999999999998,5653.9800000000005,0.2038013888888889,0.9721259545951674,44.96332882933961
