algorithm,makespan,energy,cost,reliability,load_balance
HEFT,498.81,908551.0095026164,0.08931972222222223,0.7675549545995404,104.09859010570686
GA,480.18,829995.9730725976,0.1700855555555556,0.772144477072583,51.20506606799981
