algorithm,makespan,energy,cost,reliability,load_balance
HEFT,415.58000000000004,782290.2517445497,0.087895,0.7862837080207291,91.97256875189788
GA,458.46000000000004,795689.8082711688,0.1414861111111111,0.7755683217408833,43.78976868553039
