algorithm,makespan,energy,cost,reliability,load_balance
HEFT,429.23999999999995,221438.19658000185,0.035035277777777776,0.9297443714750634,118.12470417196516
GA,419.09999999999997,214208.12588880936,0.040203611111111114,0.93049888609896,106.45437060745121
