algorithm,makespan,energy,cost,reliability,load_balance
HEFT,350.62,185979.7080885289,0.02865805555555556,0.9417505955722932,107.25032153631454
GA,365.16,175634.66636542886,0.036370277777777786,0.940655788142967,63.41940970070374
