algorithm,makespan,energy,cost,reliability,load_balance
HEFT,131.43,1719.06,0.052113611111111124,0.9914415339824545,15.18838507121243
GA,121.24000000000001,1719.0599999999997,0.05746027777777778,0.9914415339824545,12.239505636024917
