algorithm,makespan,energy,cost,reliability,load_balance
HEFT,410.93000000000006,248785.78972087702,0.05687027777777777,0.9085603183583406,72.31922643737282
GA,410.14,242477.449822012,0.06547416666666668,0.908617741185003,40.29647589607381
