algorithm,makespan,energy,cost,reliability,load_balance
HEFT,103.31,602.5999999999999,0.013917777777777779,0.996991534529178,20.362882081539112
GA,84.36999999999999,602.5999999999999,0.014101111111111113,0.996991534529178,7.511735263350711
