algorithm,makespan,energy,cost,reliability,load_balance
HEFT,259.9,79088.74817237398,0.01052111111111111,0.9764485677962798,118.66394464340603
GA,263.9,71820.9940507768,0.012851944444444445,0.9762923485233075,85.70675211634922
