algorithm,makespan,energy,cost,reliability,load_balance
HEFT,182.42,54950.29717136278,0.008613333333333334,0.9828735538680392,77.73865120817743
GA,178.85,49479.405143975404,0.008639444444444446,0.9830139182333087,54.65938612595888
