algorithm,makespan,energy,cost,reliability,load_balance
HEFT,395.15,213722.0824750095,0.039842499999999996,0.9254170298387441,88.93239309200796
GA,379.67999999999995,204654.2886904762,0.039541666666666676,0.9265630349565659,71.53207930462288
