algorithm,makespan,energy,cost,reliability,load_balance
HEFT,214.84000000000003,109115.07619623907,0.008265833333333335,0.9713290409189215,74.38263928354327
GA,214.84000000000003,108618.6483429529,0.008265833333333337,0.9713290409189215,73.35132055243257
