algorithm,makespan,energy,cost,reliability,load_balance
HEFT,436.2999999999999,768838.9443043777,0.0512075,0.818263227609809,87.28008374046132
GA,461.73999999999995,765400.1972538657,0.09682166666666667,0.8116289511246906,40.292702753244164
