algorithm,makespan,energy,cost,reliability,load_balance
HEFT,72.94,2966.3200000000006,0.11434111111111113,0.9852778464226539,11.329545374245905
GA,97.94,2966.32,0.14609888888888892,0.9852778464226539,29.801927817054104
