algorithm,makespan,energy,cost,reliability,load_balance
HEFT,438.70000000000005,163981.41032596308,0.04130444444444445,0.9386456880505781,48.838147231441965
GA,401.28000000000003,162089.19420354866,0.03916222222222222,0.9400517049169705,18.8385108664848
