algorithm,makespan,energy,cost,reliability,load_balance
HEFT,529.4599999999999,1770268.9223926263,0.06068305555555556,0.6669071821141047,75.54157552049107
GA,545.13,1764801.067396768,0.11894305555555554,0.6602523292372909,32.917207210374855
