algorithm,makespan,energy,cost,reliability,load_balance
HEFT,158.13,2063.240000000001,0.05081500000000001,0.9897368294803194,15.469770291027038
GA,146.63,2063.2400000000002,0.0573825,0.9897368294803194,12.303105008783058
