algorithm,makespan,energy,cost,reliability,load_balance
HEFT,374.43,213148.49122666454,0.04026194444444444,0.9244203375616371,86.61424601357446
GA,392.71,206229.50164243334,0.0521513888888889,0.9230694532673347,34.253043008718834
