algorithm,makespan,energy,cost,reliability,load_balance
HEFT,411.35999999999996,720459.7326186309,0.04038000000000001,0.8380690360265485,83.59370261469866
GA,438.35999999999996,719369.120745506,0.052913333333333354,0.8308593104201041,35.60056279995285
