algorithm,makespan,energy,cost,reliability,load_balance
HEFT,673.8900000000001,2268286.930478269,0.11235999999999997,0.5755971818514118,98.44478716640153
GA,691.6400000000001,2253527.9628419415,0.2038330555555556,0.5690953979192155,46.3728269460495
