algorithm,makespan,energy,cost,reliability,load_balance
HEFT,550.1099999999999,523670.3415680499,0.06790472222222221,0.8453768286216783,118.34264962387817
GA,606.71,531723.6394982777,0.11619305555555556,0.8377556568126403,45.8433724762915
