algorithm,makespan,energy,cost,reliability,load_balance
HEFT,305.52,567855.2875425504,0.05180555555555556,0.8502510671450507,71.90604655065076
GA,321.33,555064.79752902,0.07183611111111111,0.845960339921675,40.31934173124766
