algorithm,makespan,energy,cost,reliability,load_balance
HEFT,569.3899999999999,1950694.7253552047,0.10246527777777777,0.6193378224488258,97.91766844864945
GA,613.3899999999999,2003693.5706972724,0.16735361111111108,0.6021405434744876,44.01963011759054
