algorithm,makespan,energy,cost,reliability,load_balance
HEFT,416.32,411514.326359531,0.0643075,0.8669610744826246,81.69912296295884
GA,426.56,405723.4513550262,0.10307888888888891,0.8655418084384201,56.86825792639804
