algorithm,makespan,energy,cost,reliability,load_balance
HEFT,134.83,3936.0400000000004,0.13838,0.9805121909712814,9.755692269986106
GA,155.01,3936.0400000000004,0.1371888888888889,0.9805121909712814,38.71500723233821
