algorithm,makespan,energy,cost,reliability,load_balance
HEFT,442.4300000000001,440035.7578147956,0.06988277777777781,0.8706796198921047,116.01758288976433
GA,452.4500000000001,410972.13842413534,0.10119500000000002,0.8692848646600269,53.392165026808954
