algorithm,makespan,energy,cost,reliability,load_balance
HEFT,500.76000000000005,192622.10228452756,0.04365722222222223,0.9284399263122953,35.222041394558595
GA,461.87,193711.28672570206,0.042347777777777776,0.9298853314062718,53.89810942881023
