algorithm,makespan,energy,cost,reliability,load_balance
HEFT,642.94,236493.02465237817,0.0646963888888889,0.9118932009377182,28.75416650968454
GA,535.91,236780.4894291952,0.053607777777777775,0.9158055669445423,32.8993691682176
