algorithm,makespan,energy,cost,reliability,load_balance
HEFT,502.57000000000005,298442.473526076,0.061305000000000005,0.8924064399597997,97.14044203405412
GA,557.72,304167.82898228505,0.07889416666666668,0.8884778156646896,64.00486694664042
