algorithm,makespan,energy,cost,reliability,load_balance
HEFT,421.20000000000005,738937.0767331435,0.0450175,0.8325823026267093,85.76499392798759
GA,440.20000000000005,728425.9114039072,0.058816944444444456,0.8275355598713647,44.09921164078458
