algorithm,makespan,energy,cost,reliability,load_balance
HEFT,66.92,2279.32,0.08734333333333337,0.9886680952439413,11.781023269402091
GA,70.41,2279.32,0.10083944444444443,0.9886680952439413,20.738757224329458
