algorithm,makespan,energy,cost,reliability,load_balance
HEFT,531.73,947365.4879544128,0.09085444444444446,0.7635251610405343,101.54743346955665
GA,570.73,964215.7597287685,0.1552236111111111,0.7540555801229398,56.045884131887874
