algorithm,makespan,energy,cost,reliability,load_balance
HEFT,508.59,915334.7086258085,0.07692805555555557,0.7778132672503604,108.30622710927179
GA,531.59,896776.124945917,0.12824777777777782,0.7721095769309684,54.690499189648136
