algorithm,makespan,energy,cost,reliability,load_balance
HEFT,365.92,193955.81665391344,0.03581722222222222,0.9333390000716908,85.28893127607057
GA,370.92,189172.76957295375,0.03655694444444445,0.9329657391288275,63.40248438969655
