algorithm,makespan,energy,cost,reliability,load_balance
HEFT,564.8100000000001,1025988.5416511749,0.1020086111111111,0.7402971643107734,114.9526346702899
GA,627.81,1061886.1373823292,0.1987111111111111,0.7255222054701183,50.55111490008039
