algorithm,makespan,energy,cost,reliability,load_balance
HEFT,110.7,5590.640000000001,0.28562888888888893,0.9724338756417117,10.047938883495046
GA,143.64,5590.64,0.24702277777777787,0.9724338756417117,38.088877789852546
