algorithm,makespan,energy,cost,reliability,load_balance
HEFT,455.24,799157.7461339073,0.053131111111111115,0.8136133710138702,89.88894880259018
GA,487.24,809067.2476602907,0.08155277777777778,0.8053244816375889,48.174578566506256
