algorithm,makespan,energy,cost,reliability,load_balance
HEFT,99.86,1203.1,0.03802805555555555,0.9940025568948982,14.501117136768661
GA,87.38,1203.1,0.03870722222222222,0.9940025568948982,10.89402580381953
