algorithm,makespan,energy,cost,reliability,load_balance
HEFT,268.01,143092.60460430582,0.017614722222222223,0.9558475931795261,86.39092871526334
GA,269.01,132882.64124010262,0.02216111111111111,0.9557711284307023,58.62809120695836
