algorithm,makespan,energy,cost,reliability,load_balance
HEFT,62.290000000000006,2280.7399999999993,0.058631944444444445,0.9886610757253843,10.981942835745444
GA,71.28,2280.74,0.07177944444444445,0.9886610757253843,22.244988215453052
