algorithm,makespan,energy,cost,reliability,load_balance
HEFT,365.2,638815.8633625411,0.0397663888888889,0.8514555348768235,72.13396626215477
GA,377.90999999999997,623218.8811092587,0.045908333333333336,0.8479995278254499,32.34624809972607
