algorithm,makespan,energy,cost,reliability,load_balance
HEFT,369.07000000000005,133443.22410382854,0.028489722222222222,0.9519781463204501,107.44204716962538
GA,365.14000000000004,127578.32776469301,0.03144583333333333,0.9521278090482339,67.68276466969512
