algorithm,makespan,energy,cost,reliability,load_balance
HEFT,769.99,470281.1064429408,0.13385166666666665,0.8293073870433652,50.44366941379831
GA,675.2799999999999,452949.90950420557,0.11769722222222222,0.8356147478849959,20.35643347761512
