algorithm,makespan,energy,cost,reliability,load_balance
HEFT,327.21000000000004,1126584.644784695,0.04677916666666667,0.7632268337045579,59.64051341892536
GA,352.62000000000006,1152995.6466451138,0.061172222222222225,0.7509153124160367,28.36907727852495
