algorithm,makespan,energy,cost,reliability,load_balance
HEFT,763.8699999999998,414911.8982680298,0.09522499999999999,0.8655459630490717,204.761130026289
GA,831.8699999999998,402758.7271929507,0.1355094444444444,0.860850177128218,76.05455672222594
