algorithm,makespan,energy,cost,reliability,load_balance
HEFT,296.65,4422.400000000001,0.1455091666666667,0.978130678280178,14.879420111588445
GA,299.28999999999996,4422.400000000001,0.13022472222222226,0.978130678280178,38.48639759707318
