algorithm,makespan,energy,cost,reliability,load_balance
HEFT,213.41000000000003,5950.4800000000005,0.25785083333333336,0.9706858456120205,15.40726646748215
GA,234.68,5950.48,0.2197347222222223,0.9706858456120205,39.14579032284315
