algorithm,makespan,energy,cost,reliability,load_balance
HEFT,501.37,531252.0975327602,0.08518416666666667,0.8260109903840333,107.05099600969
GA,559.37,550997.379551996,0.13676027777777777,0.8183810659987453,80.94886319975924
