algorithm,makespan,energy,cost,reliability,load_balance
HEFT,268.25,887186.6222180801,0.009466388888888889,0.8308453521009391,34.59641705424235
GA,273.25,886735.3468618481,0.009466388888888889,0.8281908963685233,22.49927046381215
