algorithm,makespan,energy,cost,reliability,load_balance
HEFT,409.66999999999996,403396.4515829814,0.0644711111111111,0.8785388053923915,100.07266239255021
GA,443.66999999999996,400892.75371334545,0.08906194444444444,0.8737725303135355,54.25631980086129
