algorithm,makespan,energy,cost,reliability,load_balance
HEFT,191.43999999999997,1292.5400000000002,0.03549805555555556,0.9935581383308523,19.9592741601492
GA,167.70000000000002,1292.54,0.03672,0.9935581383308523,6.8387785215392745
