algorithm,makespan,energy,cost,reliability,load_balance
HEFT,209.7,73538.3780639008,0.014204444444444443,0.9733207505389078,62.96440767078916
GA,209.7,75746.35860753457,0.01295388888888889,0.9733207505389078,74.21519408674568
