algorithm,makespan,energy,cost,reliability,load_balance
HEFT,636.9499999999999,397798.9239029751,0.09303388888888889,0.8543663465099878,60.77736391359626
GA,622.88,395263.8307860262,0.1051863888888889,0.8553285627033009,59.760894464046096
