algorithm,makespan,energy,cost,reliability,load_balance
HEFT,801.7399999999999,330197.16818419937,0.0817225,0.8821870240902564,26.746218424293055
GA,743.7399999999999,331906.0262726221,0.07624722222222222,0.8842360739649333,29.534523301835524
