algorithm,makespan,energy,cost,reliability,load_balance
HEFT,562.61,1006705.7272000142,0.09029222222222225,0.75793139905601,115.71587592691098
GA,602.91,1009142.4989799473,0.18154611111111116,0.7482198702621926,52.042704235203836
