algorithm,makespan,energy,cost,reliability,load_balance
HEFT,96.72,4641.08,0.2341269444444445,0.9770617746726403,11.516261276574205
GA,121.4,4641.08,0.1794680555555556,0.9770617746726403,30.639095564590825
