algorithm,makespan,energy,cost,reliability,load_balance
HEFT,62.03,2397.4,0.08299055555555555,0.9880845578776901,12.215760823624537
GA,77.19999999999999,2397.4,0.06770277777777776,0.9880845578776901,24.962544320473686
