algorithm,makespan,energy,cost,reliability,load_balance
HEFT,463.53000000000003,814991.3850451966,0.05102555555555557,0.8170325042743563,95.63848417210458
GA,477.4300000000001,791993.3937331127,0.08055333333333335,0.8134064140983202,50.084862788514805
