algorithm,makespan,energy,cost,reliability,load_balance
HEFT,64.91,1443.5999999999997,0.032716666666666665,0.9928079871992079,12.100086225588093
GA,76.09,1443.6,0.035853611111111114,0.9928079871992079,22.56322420813716
