algorithm,makespan,energy,cost,reliability,load_balance
HEFT,265.91,247892.0452784777,0.021942777777777776,0.935919696989202,69.0896580779883
GA,272.91,245493.5871899161,0.022015833333333335,0.9348720537183194,59.010509798396654
