algorithm,makespan,energy,cost,reliability,load_balance
HEFT,329.96,175546.9840283671,0.020281666666666667,0.9495510357904839,115.54804843966117
GA,337.37,156595.7813379969,0.026937222222222227,0.9489883087452426,57.011475395622895
