algorithm,makespan,energy,cost,reliability,load_balance
HEFT,93.81,1288.5,0.061167777777777786,0.9935782084079536,12.258379568395535
GA,99.92,1288.4999999999998,0.06205083333333334,0.9935782084079536,12.395754385502897
