algorithm,makespan,energy,cost,reliability,load_balance
HEFT,268.61,2104.5800000000004,0.05118722222222221,0.9895322720194077,7.317724486933545
GA,267.84999999999997,2104.5800000000004,0.05184472222222221,0.9895322720194077,5.3106206479720175
