algorithm,makespan,energy,cost,reliability,load_balance
HEFT,397.35999999999996,163331.82106905573,0.035130277777777774,0.9403281207493525,51.21596430801628
GA,389.37999999999994,161485.0617391751,0.03649527777777778,0.9406283213949698,8.18137315288007
