algorithm,makespan,energy,cost,reliability,load_balance
HEFT,290.43999999999994,271952.2726552816,0.017238333333333335,0.9329545436071311,79.36389833912732
GA,293.43999999999994,249887.79331379494,0.020972499999999998,0.9325068328853691,39.89892679738808
