algorithm,makespan,energy,cost,reliability,load_balance
HEFT,45.209999999999994,1078.6000000000001,0.025100555555555557,0.9946215161176358,6.48618210762952
GA,56.24,1078.6,0.025324722222222224,0.9946215161176358,15.730036183471839
