algorithm,makespan,energy,cost,reliability,load_balance
HEFT,271.18,271752.3356442216,0.02894777777777778,0.9223685559451368,79.13155770613896
GA,284.18,254540.691603913,0.03717638888888889,0.9204520232337646,38.80323437979536
