algorithm,makespan,energy,cost,reliability,load_balance
HEFT,466.4800000000001,300567.0506131024,0.06934722222222223,0.8888898094728175,60.77949029953635
GA,497.69,302753.05802808976,0.08553083333333335,0.886673197766112,38.13239921173145
