algorithm,makespan,energy,cost,reliability,load_balance
HEFT,97.80000000000001,2445.680000000001,0.10631027777777778,0.987846063052902,10.496146276927865
GA,104.01,2445.680000000001,0.08679250000000001,0.987846063052902,22.170156366912106
