algorithm,makespan,energy,cost,reliability,load_balance
HEFT,364.05,356459.50449114136,0.03912472222222222,0.8988150448433765,98.59407806548694
GA,372.05,335073.0072033329,0.05718722222222223,0.8976652975812035,56.3617959518384
