algorithm,makespan,energy,cost,reliability,load_balance
HEFT,312.94,538466.9777912699,0.02004722222222222,0.8848301263726779,59.169895195782125
GA,321.17,525265.5555936107,0.015658333333333333,0.8825029035839363,29.48514728440515
