algorithm,makespan,energy,cost,reliability,load_balance
HEFT,53.19,1291.94,0.017943611111111115,0.9935611190097383,18.80122209641034
GA,53.19,1291.9399999999996,0.03065916666666667,0.9935611190097383,20.748873830205202
