algorithm,makespan,energy,cost,reliability,load_balance
HEFT,287.27,487062.25380304246,0.020989166666666666,0.8906194919690936,46.7082960345117
GA,289.27,479116.0610156601,0.016605277777777778,0.8900496778541999,34.048175391345694
