algorithm,makespan,energy,cost,reliability,load_balance
HEFT,167.40999999999997,2349.46,0.07935777777777778,0.9883214301342192,10.607831928074916
GA,160.54,2349.46,0.09464111111111109,0.9883214301342192,15.070548797951206
