algorithm,makespan,energy,cost,reliability,load_balance
HEFT,355.28999999999996,208347.56185088234,0.04108888888888889,0.9253955604126981,81.84193780653393
GA,368.80999999999995,199486.55407933623,0.05653277777777777,0.924395193670414,21.433282154830405
