algorithm,makespan,energy,cost,reliability,load_balance
HEFT,381.22999999999996,404557.67046140117,0.07126305555555555,0.8617597150667753,72.38857989754553
GA,405.71,407807.0483103695,0.10568916666666668,0.8583909762596229,49.46785925814189
