algorithm,makespan,energy,cost,reliability,load_balance
HEFT,523.1,1778019.821621105,0.09106472222222223,0.6426995029391595,82.81977642351058
GA,579.18,1885980.5173348528,0.12878638888888888,0.620041293959753,34.82768117983291
