algorithm,makespan,energy,cost,reliability,load_balance
HEFT,378.2199999999999,664403.161387552,0.03841416666666668,0.8461143187151857,76.75789773382363
GA,407.2199999999999,677863.7319876234,0.0638036111111111,0.8382986984047287,46.033617869917066
