algorithm,makespan,energy,cost,reliability,load_balance
HEFT,942.4799999999999,357014.79351285973,0.09542111111111111,0.8708196364320114,45.76435976827378
GA,827.16,357225.5693819817,0.08428416666666667,0.8748458321296141,38.58710179580743
