algorithm,makespan,energy,cost,reliability,load_balance
HEFT,647.3100000000002,5125.079999999998,0.1038175,0.9747001439037174,5.098094415236648
GA,649.4399999999998,5125.079999999999,0.11487,0.9747001439037174,6.567762175962162
