algorithm,makespan,energy,cost,reliability,load_balance
HEFT,640.28,391507.97351158864,0.08525833333333334,0.8585430966180818,96.57130540989607
GA,664.7499999999999,390697.771222264,0.10482555555555555,0.8568640566326811,63.20258154763707
