algorithm,makespan,energy,cost,reliability,load_balance
HEFT,408.7,397560.8949840959,0.04975194444444444,0.8790084220003747,93.34330712482817
GA,443.69,403174.4254772477,0.07648916666666668,0.874101130557908,61.1592547234949
