algorithm,makespan,energy,cost,reliability,load_balance
HEFT,189.42,5230.4800000000005,0.23109305555555554,0.9741866122553546,14.318878680492643
GA,198.65999999999997,5230.480000000001,0.2052277777777778,0.9741866122553546,25.076928174452842
