algorithm,makespan,energy,cost,reliability,load_balance
HEFT,501.02,505043.17037244025,0.0874661111111111,0.8427035867105999,115.14840365806205
GA,490.89000000000004,467815.25095235184,0.12564583333333337,0.8440705481702575,54.99254651011049
