algorithm,makespan,energy,cost,reliability,load_balance
HEFT,260.47,460087.38979536993,0.03146888888888889,0.8904787852054896,54.49490925839441
GA,273.83,457612.12489500776,0.03598444444444445,0.8866799365080222,32.3978486877875
