algorithm,makespan,energy,cost,reliability,load_balance
HEFT,49.49,1803.7000000000003,0.02505138888888888,0.9910220446954671,13.529494002500966
GA,63.410000000000004,1803.7000000000007,0.04604166666666668,0.9910220446954671,20.429186779699254
