algorithm,makespan,energy,cost,reliability,load_balance
HEFT,372.19,345986.42878637253,0.03202111111111112,0.9105329423169988,94.48173172409221
GA,381.72999999999996,332530.87630000256,0.039364722222222225,0.9091441650183228,62.18575123169294
