algorithm,makespan,energy,cost,reliability,load_balance
HEFT,77.49000000000001,1742.2799999999993,0.058631944444444445,0.9913264343020249,11.504196842891728
GA,81.46000000000001,1742.28,0.05349527777777779,0.9913264343020249,20.278667567996997
