algorithm,makespan,energy,cost,reliability,load_balance
HEFT,53.18,1244.6599999999999,0.01728694444444444,0.9937960246230217,17.62925624368893
GA,53.18,1244.6599999999999,0.02641722222222222,0.9937960246230217,19.203334175282706
