algorithm,makespan,energy,cost,reliability,load_balance
HEFT,219.27999999999997,382097.3671105436,0.017540555555555556,0.9139626250447626,44.31182554880514
GA,224.60999999999999,374749.47571345884,0.017517777777777778,0.9124050990272534,29.444549299789628
