algorithm,makespan,energy,cost,reliability,load_balance
HEFT,542.18,512000.2677708509,0.07310083333333331,0.8527445916066548,120.74896007143637
GA,561.7299999999999,500026.45737275906,0.11191194444444444,0.8500813739679911,72.52066996151282
