algorithm,makespan,energy,cost,reliability,load_balance
HEFT,137.32999999999998,3587.1599999999985,0.12602138888888892,0.9822240891206785,11.707333243171417
GA,147.51,3587.1600000000008,0.11603222222222222,0.9822240891206785,27.93635525618902
