algorithm,makespan,energy,cost,reliability,load_balance
HEFT,224.73000000000002,752367.0119699194,0.01763111111111111,0.8449549218255283,33.03407163054629
GA,240.73000000000002,785477.3575374901,0.020780555555555556,0.8363467325743748,22.00955051537602
