algorithm,makespan,energy,cost,reliability,load_balance
HEFT,403.37,3081.3600000000006,0.06454833333333333,0.9847112775662158,12.133963353606559
GA,394.6,3081.3599999999997,0.059203333333333344,0.9847112775662158,8.603754994187156
