algorithm,makespan,energy,cost,reliability,load_balance
HEFT,614.8799999999999,204632.2126593807,0.05322944444444445,0.9230594841710725,84.42201825748222
GA,547.4999999999999,199438.4568767123,0.04848444444444444,0.9255506697064191,62.46749154560312
