algorithm,makespan,energy,cost,reliability,load_balance
HEFT,908.6800000000001,347232.9324514681,0.09195638888888891,0.8743060438778136,36.04833514417359
GA,765.21,349361.80358333007,0.07868055555555557,0.8793379361040261,27.807017100005524
