algorithm,makespan,energy,cost,reliability,load_balance
HEFT,616.6700000000001,4775.040000000002,0.07970500000000001,0.9764075578176479,15.359954427015742
GA,605.9800000000001,4775.040000000002,0.08019111111111113,0.9764075578176479,10.32903028685011
