algorithm,makespan,energy,cost,reliability,load_balance
HEFT,182.28,315301.16880623216,0.009294444444444444,0.931694786711234,35.96682240077473
GA,184.28,308542.71027783805,0.008625277777777779,0.9310986928181313,26.77480623819231
