algorithm,makespan,energy,cost,reliability,load_balance
HEFT,432.15,3233.9599999999996,0.062330833333333335,0.9839602294227359,19.735376864909373
GA,411.9,3233.9600000000005,0.0768263888888889,0.9839602294227359,6.581927276008639
