algorithm,makespan,energy,cost,reliability,load_balance
HEFT,670.4199999999998,241311.87843441422,0.0661763888888889,0.9099143543493998,41.25376790872149
GA,559.6399999999999,248521.26449145877,0.05252722222222221,0.913955313373009,129.94745463712115
