algorithm,makespan,energy,cost,reliability,load_balance
HEFT,171.8,53593.7555878929,0.007405833333333334,0.9826164677746745,71.35210596051108
GA,172.8,46843.00376157407,0.007617500000000001,0.9825771639020462,33.93526914091985
