algorithm,makespan,energy,cost,reliability,load_balance
HEFT,90.38,666.5200000000001,0.01916361111111111,0.9966729469477498,12.53937398756413
GA,89.52,666.5200000000001,0.013414166666666668,0.9966729469477498,6.841132947107518
