algorithm,makespan,energy,cost,reliability,load_balance
HEFT,192.30999999999997,65867.64318028183,0.011805000000000001,0.9767173234212151,66.76568479890449
GA,192.30999999999997,66764.8545577453,0.011017777777777779,0.9767173234212151,70.94222344039314
