algorithm,makespan,energy,cost,reliability,load_balance
HEFT,943.8599999999998,335889.45078719297,0.0967311111111111,0.8767406976984006,68.63272810158917
GA,813.6999999999999,334362.74865429517,0.08161027777777777,0.8813172638459682,85.71831562351967
