algorithm,makespan,energy,cost,reliability,load_balance
HEFT,115.53999999999999,2738.280000000001,0.0979961111111111,0.9864019009248389,10.616235286892744
GA,127.33,2738.28,0.09258750000000002,0.9864019009248389,30.103799953937155
