algorithm,makespan,energy,cost,reliability,load_balance
HEFT,376.92999999999995,381580.16034807527,0.05089472222222224,0.8885631136292302,106.76904488193196
GA,404.34000000000003,361309.19330266607,0.09332222222222224,0.8846747638437161,38.561675598967426
