algorithm,makespan,energy,cost,reliability,load_balance
HEFT,222.05,1728.7200000000005,0.04386138888888889,0.9913936485128065,6.583337552741277
GA,227.51,1728.7200000000003,0.04073916666666667,0.9913936485128065,9.003388251097464
