algorithm,makespan,energy,cost,reliability,load_balance
HEFT,366.92,121419.83623133108,0.02690805555555556,0.9545733426043249,77.69102195020139
GA,351.08,120220.78623105846,0.028024444444444446,0.9551783519209104,76.18267054696013
