algorithm,makespan,energy,cost,reliability,load_balance
HEFT,943.72,379606.00553130155,0.0919163888888889,0.8653088359430933,70.64150951577034
GA,850.3099999999997,380726.5447660265,0.08575249999999998,0.8685480235595773,41.10734159895701
