algorithm,makespan,energy,cost,reliability,load_balance
HEFT,397.23,750609.1727210935,0.08842305555555553,0.794253340489497,89.58821484049368
GA,425.73,751587.5494797174,0.1581488888888889,0.7870426806117319,54.36631813893481
