algorithm,makespan,energy,cost,reliability,load_balance
HEFT,272.44000000000005,252747.42354279844,0.018654722222222222,0.9367260582015496,71.31004802679168
GA,277.44000000000005,239706.14853662055,0.023533055555555557,0.935976977027409,45.26757636082734
