algorithm,makespan,energy,cost,reliability,load_balance
HEFT,117.64,3100.9200000000005,0.1026125,0.9846149775124192,11.722781737568377
GA,131.68,3100.9200000000005,0.09102083333333334,0.9846149775124192,28.995383741784366
