algorithm,makespan,energy,cost,reliability,load_balance
HEFT,440.38000000000005,432699.2304146419,0.05406888888888889,0.8773360313173693,118.74833400761182
GA,463.38000000000005,415432.1448703009,0.0881341666666667,0.8741133680593981,65.69336062025852
