algorithm,makespan,energy,cost,reliability,load_balance
HEFT,458.53999999999996,172308.73097221617,0.04190055555555556,0.9353927354221641,30.80770304106856
GA,464.9,172526.94545063452,0.042480000000000004,0.9351548017767156,32.013024953394634
