algorithm,makespan,energy,cost,reliability,load_balance
HEFT,172.17000000000002,1307.8400000000001,0.04518083333333333,0.9934821340404711,7.642892122750393
GA,171.28000000000003,1307.8400000000001,0.04202055555555556,0.9934821340404711,5.841375408811424
