algorithm,makespan,energy,cost,reliability,load_balance
HEFT,354.23999999999995,109926.36015130984,0.023440555555555555,0.9606849109477809,105.35591329710289
GA,328.05,98491.21572930957,0.027985000000000003,0.9616918518040201,30.19520160555316
