algorithm,makespan,energy,cost,reliability,load_balance
HEFT,567.93,362197.9761942493,0.09327666666666666,0.8659424738942005,35.51218583609214
GA,539.5500000000001,367337.4962468724,0.09538027777777779,0.8679107432207803,92.18570682517513
