algorithm,makespan,energy,cost,reliability,load_balance
HEFT,61.339999999999996,2232.16,0.06534555555555557,0.988901250668744,10.332390348926072
GA,75.79,2232.1600000000003,0.06231333333333334,0.988901250668744,24.439175188024812
