algorithm,makespan,energy,cost,reliability,load_balance
HEFT,264.78,480540.5216028401,0.035513888888888887,0.880444487145926,60.959395342673396
GA,273.78,467264.7057856673,0.04635888888888888,0.8779124548995211,37.90776697028443
