algorithm,makespan,energy,cost,reliability,load_balance
HEFT,435.75,760156.172713712,0.04469777777777779,0.8306343441806457,86.6541888843793
GA,451.75,741975.4330049806,0.05913750000000001,0.8263923650717006,38.13003979909601
