algorithm,makespan,energy,cost,reliability,load_balance
HEFT,64.57000000000001,2511.48,0.07135694444444446,0.9875211151550178,10.440554749041928
GA,80.5,2511.4799999999996,0.04901833333333335,0.9875211151550178,25.895441177750232
