algorithm,makespan,energy,cost,reliability,load_balance
HEFT,253.66999999999996,261586.13718610792,0.035722222222222225,0.9155206125933059,63.24116913319466
GA,282.02,262473.9034820226,0.05156555555555557,0.9113772154236629,31.791548667321425
