algorithm,makespan,energy,cost,reliability,load_balance
HEFT,351.5,5298.320000000001,0.17763555555555555,0.9738562241934607,15.413868523415616
GA,350.82000000000005,5298.320000000001,0.15839638888888888,0.9738562241934607,16.54605347852734
