algorithm,makespan,energy,cost,reliability,load_balance
HEFT,765.0099999999999,444378.5451432007,0.1219672222222222,0.8388494738446955,69.61703609236548
GA,692.6700000000001,432385.4494059221,0.12318361111111115,0.843718137897728,85.51022578783027
