algorithm,makespan,energy,cost,reliability,load_balance
HEFT,566.3700000000001,1913380.4701873334,0.08707166666666669,0.6322317873097454,87.46624775778025
GA,605.37,1965521.3365710224,0.14624861111111115,0.6166465942330419,35.96818027178317
