algorithm,makespan,energy,cost,reliability,load_balance
HEFT,463.04,3529.519999999999,0.08211611111111113,0.9825072068984753,18.94438527198321
GA,446.4099999999999,3529.52,0.06650777777777779,0.9825072068984753,7.469310543818576
