algorithm,makespan,energy,cost,reliability,load_balance
HEFT,727.4,270643.30420676386,0.07193111111111111,0.9001466360363725,42.90789321325392
GA,591.0699999999999,272346.61112896947,0.056401666666666656,0.9050687240396575,45.15533080379327
