algorithm,makespan,energy,cost,reliability,load_balance
HEFT,297.40000000000003,105199.63917283122,0.021121111111111115,0.9619003691999601,86.60045395377557
GA,307.40000000000003,99522.23477553675,0.024733888888888892,0.9615156859940505,34.01244220869769
