algorithm,makespan,energy,cost,reliability,load_balance
HEFT,376.88,370439.0933984292,0.03750166666666667,0.8960140368524075,104.59314087612692
GA,401.88,351678.9489897482,0.06225000000000001,0.8924371392693595,41.279843164269245
