algorithm,makespan,energy,cost,reliability,load_balance
HEFT,450.81,257940.91000643288,0.0462038888888889,0.9119242058336303,121.73413510597592
GA,493.23999999999995,252174.34482199332,0.0711336111111111,0.9088340179433184,59.174745518192616
