algorithm,makespan,energy,cost,reliability,load_balance
HEFT,370.29999999999995,640037.6120442883,0.03108388888888889,0.8577577174203966,70.08411825983165
GA,382.29999999999995,626001.1561077689,0.03895333333333333,0.854470243774549,31.57644845092927
