algorithm,makespan,energy,cost,reliability,load_balance
HEFT,56.97,1708.84,0.02373388888888889,0.9914921979392941,15.723671683473851
GA,66.86,1708.84,0.0496575,0.9914921979392941,22.56169762222635
