algorithm,makespan,energy,cost,reliability,load_balance
HEFT,536.1899999999999,970558.1480818368,0.11581472222222224,0.7455991169199024,100.54720613168271
GA,486.0599999999999,862232.0699502118,0.20109472222222224,0.7576561683567936,62.28387288999793
