algorithm,makespan,energy,cost,reliability,load_balance
HEFT,808.7500000000001,432008.5350479135,0.1066788888888889,0.8443575809494428,59.47128616880107
GA,720.54,409489.36367169063,0.11674888888888889,0.8503371169070904,54.79592600862641
