algorithm,makespan,energy,cost,reliability,load_balance
HEFT,545.7,311805.3690672531,0.06966305555555556,0.8879186060895937,98.8088415650572
GA,517.2,302533.0913766435,0.07847111111111113,0.8899453701445066,86.76088634863062
