algorithm,makespan,energy,cost,reliability,load_balance
HEFT,542.3199999999999,559980.2862147809,0.105055,0.8152934248874237,98.41338945997134
GA,548.7199999999999,542141.4656655488,0.14997972222222222,0.814458991723033,42.71630646876358
