algorithm,makespan,energy,cost,reliability,load_balance
HEFT,214.39,6042.880000000004,0.21729444444444443,0.9702374923289311,11.884918734822437
GA,229.85,6042.880000000003,0.19163249999999993,0.9702374923289311,34.782852671970424
