algorithm,makespan,energy,cost,reliability,load_balance
HEFT,95.65,3973.780000000001,0.15603916666666667,0.9803271857766341,13.151792833598897
GA,109.28,3973.780000000001,0.13805777777777778,0.9803271857766341,30.844679834498884
