algorithm,makespan,energy,cost,reliability,load_balance
HEFT,518.78,908160.3055823277,0.06981833333333334,0.7821039647679018,95.20540189876645
GA,521.78,865201.1893709993,0.12770611111111113,0.7813535052399332,33.18179527696505
