algorithm,makespan,energy,cost,reliability,load_balance
HEFT,518.45,313462.18966149096,0.06724555555555556,0.8921726600990294,140.39872800985668
GA,548.3899999999999,304084.92078630166,0.08530805555555555,0.890038285291236,86.72158751470953
