algorithm,makespan,energy,cost,reliability,load_balance
HEFT,594.0299999999999,363559.69651364407,0.08304805555555556,0.8666438247895992,69.77811752773414
GA,615.6899999999999,365261.7530575452,0.1011875,0.8651434047093909,51.40758865603961
