algorithm,makespan,energy,cost,reliability,load_balance
HEFT,539.9499999999999,555890.5375497731,0.1030883333333333,0.818149006036086,102.84726700104056
GA,588.8199999999999,575035.2746340139,0.13629027777777777,0.8117766810368094,82.3614927595617
