algorithm,makespan,energy,cost,reliability,load_balance
HEFT,197.31,5490.0999999999985,0.2111741666666667,0.9729228410421531,10.662354942350525
GA,224.68,5490.099999999999,0.1822327777777778,0.9729228410421531,50.82989631686586
