algorithm,makespan,energy,cost,reliability,load_balance
HEFT,175.29000000000002,88797.39945233613,0.009119722222222224,0.9767392021343004,60.565697018668445
GA,176.29000000000002,79977.00828180839,0.006605833333333334,0.9766610661236117,37.05133887594348
