algorithm,makespan,energy,cost,reliability,load_balance
HEFT,49.989999999999995,504.56000000000006,0.00979277777777778,0.9974803795855385,9.250471802639503
GA,40.02,504.56000000000006,0.0091125,0.9974803795855385,6.616403857081278
