algorithm,makespan,energy,cost,reliability,load_balance
HEFT,344.49999999999994,328005.48002902756,0.028257777777777777,0.912466049723599,92.57081539511611
GA,351.49999999999994,308119.45510668564,0.03547194444444445,0.9114446598330166,53.307500375181725
