algorithm,makespan,energy,cost,reliability,load_balance
HEFT,75.11,1890.0799999999997,0.06366833333333334,0.9905941146924994,11.311280505171228
GA,83.02,1890.0799999999997,0.06155722222222223,0.9905941146924994,18.868451623455133
