algorithm,makespan,energy,cost,reliability,load_balance
HEFT,470.1,1601824.5165922143,0.07654972222222223,0.6784408371808889,78.1017756869291
GA,516.1,1690503.3164696763,0.12438333333333336,0.6587586818068337,44.919163341414304
