algorithm,makespan,energy,cost,reliability,load_balance
HEFT,897.6899999999998,377742.56819169206,0.0848513888888889,0.8672961329709358,52.04960006250435
GA,802.7299999999999,381763.8192169223,0.08142444444444444,0.8705967351376679,39.35604400851269
