algorithm,makespan,energy,cost,reliability,load_balance
HEFT,940.8399999999999,339396.98252625315,0.08976888888888888,0.8755715551367924,42.38571142889232
GA,785.9499999999999,339797.31189006934,0.07931305555555555,0.881013085630669,76.96114647448182
