algorithm,makespan,energy,cost,reliability,load_balance
HEFT,660.49,5077.880000000001,0.11216194444444445,0.9749302002832636,17.713265273987925
GA,649.5800000000002,5077.88,0.10814277777777777,0.9749302002832636,14.04607774433852
