algorithm,makespan,energy,cost,reliability,load_balance
HEFT,400.21999999999997,722809.4088001598,0.06713222222222223,0.8197331651781035,86.5778994133877
GA,420.22,707265.8017467041,0.11577500000000003,0.8145036252987283,39.78630371885369
