algorithm,makespan,energy,cost,reliability,load_balance
HEFT,352.19000000000005,1181911.09631165,0.027195277777777777,0.7721728925121802,53.842017204427485
GA,374.19000000000005,1214078.8553141456,0.03045222222222223,0.7613768804657034,28.633456967535487
