algorithm,makespan,energy,cost,reliability,load_balance
HEFT,202.4,63104.42732213439,0.007551944444444445,0.9812080130984839,95.41753276171698
GA,202.4,63104.42732213439,0.007551944444444445,0.9812080130984839,95.41753276171697
