algorithm,makespan,energy,cost,reliability,load_balance
HEFT,87.22,624.06,0.026367222222222226,0.9968845630766441,13.506653607265813
GA,87.74,624.06,0.026367222222222222,0.9968845630766441,7.8873205209373864
