algorithm,makespan,energy,cost,reliability,load_balance
HEFT,476.36,1645320.3745066756,0.09762500000000002,0.6570836154672355,84.22656452112805
GA,514.02,1686530.9988327294,0.1706758333333333,0.6414356575223075,36.70148809210062
