algorithm,makespan,energy,cost,reliability,load_balance
HEFT,409.96,715144.132622695,0.04108027777777778,0.8362547394935037,80.00238012525406
GA,425.01,700725.631938072,0.04924250000000001,0.8322370191043328,37.54573632289326
