algorithm,makespan,energy,cost,reliability,load_balance
HEFT,52.54,2239.4399999999996,0.07583777777777777,0.988865255318339,9.14159255907465
GA,70.66,2239.4400000000005,0.0881336111111111,0.988865255318339,24.41335339918604
