algorithm,makespan,energy,cost,reliability,load_balance
HEFT,275.54,276863.94701313786,0.032295833333333336,0.9227885136869335,83.31016920720624
GA,284.53999999999996,258726.1486609967,0.044110833333333335,0.921460654515282,49.72689962853772
