algorithm,makespan,energy,cost,reliability,load_balance
HEFT,100.56,2063.4399999999996,0.05918166666666668,0.9897358397439848,16.456150825755092
GA,93.98,2063.4399999999996,0.04371055555555556,0.9897358397439848,18.589620222048648
