algorithm,makespan,energy,cost,reliability,load_balance
HEFT,476.76000000000005,171293.88006544174,0.03668166666666667,0.9367136934991885,94.87669506610501
GA,489.87,171428.96613387222,0.048580000000000005,0.9362226096117666,90.8810522973115
