algorithm,makespan,energy,cost,reliability,load_balance
HEFT,240.15,73680.10081199251,0.010548055555555557,0.9770686141290011,104.45255394196928
GA,245.55,65066.609611077176,0.010448055555555558,0.9768575900997648,58.6337385100649
