algorithm,makespan,energy,cost,reliability,load_balance
HEFT,86.12,605.34,0.016130555555555558,0.9969778758387171,10.350250802114255
GA,81.69999999999999,605.3399999999999,0.018301944444444447,0.9969778758387171,7.887409270476586
