algorithm,makespan,energy,cost,reliability,load_balance
HEFT,583.7500000000001,1036418.4422269809,0.08804250000000004,0.7529157072585537,115.57577420098582
GA,608.7700000000002,1015901.7277296847,0.1696280555555556,0.7469116305328706,47.89546144801769
