algorithm,makespan,energy,cost,reliability,load_balance
HEFT,99.87,4878.48,0.26061194444444447,0.9759026903987132,9.955352831517324
GA,133.7,4878.479999999999,0.20055416666666664,0.9759026903987132,35.33609666360101
