algorithm,makespan,energy,cost,reliability,load_balance
HEFT,515.6100000000001,945393.1500552744,0.10819527777777778,0.7560183731420271,108.35322681531144
GA,578.6100000000001,984074.1022450357,0.18345111111111118,0.7409296481212417,50.9233632292747
