algorithm,makespan,energy,cost,reliability,load_balance
HEFT,138.22,6443.599999999997,0.2731216666666666,0.9682954706562855,14.322484860548645
GA,175.75,6443.5999999999985,0.26585250000000005,0.9682954706562855,42.77462661740093
