algorithm,makespan,energy,cost,reliability,load_balance
HEFT,250.84,233402.67210173816,0.015496111111111112,0.9407107240451074,65.77706190547482
GA,255.84,223116.14911663538,0.0257925,0.939958456413045,44.71034279578571
