algorithm,makespan,energy,cost,reliability,load_balance
HEFT,56.77,1297.4399999999998,0.04037805555555556,0.9935337964546523,8.94540776040981
GA,68.43,1297.44,0.033452499999999996,0.9935337964546523,26.04965105332507
