algorithm,makespan,energy,cost,reliability,load_balance
HEFT,491.1,3737.2599999999993,0.0964663888888889,0.9814872064915875,15.995183389591594
GA,470.3700000000001,3737.2599999999993,0.07949833333333335,0.9814872064915875,4.271575626549733
