algorithm,makespan,energy,cost,reliability,load_balance
HEFT,787.0499999999997,252553.66439235114,0.07111027777777776,0.9047820436804483,68.23438282860033
GA,623.81,243230.81771693303,0.0580425,0.910709238559557,37.237589431469225
