algorithm,makespan,energy,cost,reliability,load_balance
HEFT,620.7500000000001,367769.5842770842,0.10705361111111113,0.8640277436392866,45.09142450938663
GA,555.4399999999999,359075.2253348697,0.09128138888888887,0.8685539297062183,68.67965882060192
