algorithm,makespan,energy,cost,reliability,load_balance
HEFT,309.18999999999994,4711.980000000001,0.11548027777777777,0.9767154676600636,11.890351956223034
GA,328.97999999999996,4711.980000000001,0.11961,0.9767154676600636,39.265869016779156
