algorithm,makespan,energy,cost,reliability,load_balance
HEFT,37.06,536.8,0.007455555555555557,0.9973195987076362,13.312910299598697
GA,37.06,536.8000000000001,0.007455555555555557,0.9973195987076362,13.312910299598707
