algorithm,makespan,energy,cost,reliability,load_balance
HEFT,183.0,312976.0864480874,0.008243055555555556,0.9321208549594981,33.231152188969496
GA,184.0,306518.56608695653,0.008243055555555557,0.9318226240054086,25.150846295002463
