algorithm,makespan,energy,cost,reliability,load_balance
HEFT,397.7,246180.1766909731,0.05662805555555556,0.9109875938333803,86.00110662701628
GA,411.2099999999999,243954.05790228836,0.0655661111111111,0.9100035303256775,67.78617093215145
