algorithm,makespan,energy,cost,reliability,load_balance
HEFT,605.72,197982.18817275309,0.04033222222222223,0.9322088513215692,212.3174737666843
GA,622.72,178665.42279033916,0.048765,0.9315751647805125,47.73810357914666
