algorithm,makespan,energy,cost,reliability,load_balance
HEFT,336.6499999999999,2485.7,0.05568444444444445,0.9876484148310493,17.676915973476017
GA,320.39,2485.6999999999994,0.05806722222222222,0.9876484148310493,10.776438419069626
