algorithm,makespan,energy,cost,reliability,load_balance
HEFT,100.47,4265.92,0.15861861111111114,0.9788962671821884,14.318131748737109
GA,114.01,4265.919999999999,0.15386916666666667,0.9788962671821884,33.779754196091886
