algorithm,makespan,energy,cost,reliability,load_balance
HEFT,408.91999999999996,754574.2599041377,0.07103666666666668,0.8081632490217879,94.76444875576423
GA,440.16999999999996,747082.8809323668,0.11527944444444442,0.8001218903362085,42.757371214156294
