algorithm,makespan,energy,cost,reliability,load_balance
HEFT,323.39000000000004,575502.791613841,0.02686166666666667,0.8690439322903123,72.12455378069605
GA,344.00000000000006,569691.6137790697,0.03740527777777778,0.8633312725217123,35.83233185897358
