algorithm,makespan,energy,cost,reliability,load_balance
HEFT,532.58,492064.43364377186,0.054196111111111105,0.8593597875877078,109.39668023413692
GA,531.75,470572.07133051247,0.08261,0.8594739181456007,67.43484979037176
