algorithm,makespan,energy,cost,reliability,load_balance
HEFT,131.89000000000001,3581.5000000000005,0.12335583333333335,0.9822518864557311,11.151693574669874
GA,145.97,3581.5000000000005,0.12089250000000001,0.9822518864557311,35.84235840803448
