algorithm,makespan,energy,cost,reliability,load_balance
HEFT,379.44,356529.4401749947,0.03215805555555556,0.904584099025226,96.55926087123908
GA,386.44,340364.5115930028,0.04215916666666668,0.9035715319777113,62.95786617519159
