algorithm,makespan,energy,cost,reliability,load_balance
HEFT,716.2,300811.56668528344,0.07130027777777778,0.8926677748229769,28.676442131710377
GA,644.71,304226.2329419429,0.06623361111111112,0.8952241008848746,36.580653356658374
