algorithm,makespan,energy,cost,reliability,load_balance
HEFT,539.04,4159.280000000001,0.09943000000000002,0.9794183538477856,15.681630442442282
GA,526.28,4159.28,0.10644944444444447,0.9794183538477856,5.975628279380643
