algorithm,makespan,energy,cost,reliability,load_balance
HEFT,473.4,177660.7661808196,0.047975833333333336,0.9335182183641101,38.33658772417459
GA,450.25,177931.12801776791,0.045428611111111114,0.9343830565926169,49.20336599258226
