algorithm,makespan,energy,cost,reliability,load_balance
HEFT,286.52,2103.52,0.05723027777777778,0.9895375165543474,17.885375776501498
GA,271.15999999999997,2103.52,0.055186666666666676,0.9895375165543474,5.7736354809311035
