algorithm,makespan,energy,cost,reliability,load_balance
HEFT,965.9599999999999,357548.11186798615,0.095325,0.8698813986649535,20.607831844552077
GA,852.32,359847.7528862399,0.08744555555555557,0.8738445321364676,96.29010437215244
