algorithm,makespan,energy,cost,reliability,load_balance
HEFT,323.95,190299.3021762618,0.030402777777777782,0.9362776611197103,101.52745255067012
GA,341.95,177391.6466150022,0.046405,0.934930391554593,45.23922373655094
