algorithm,makespan,energy,cost,reliability,load_balance
HEFT,165.76,4542.6,0.18207666666666666,0.9775429983580375,12.614319310476752
GA,186.27,4542.600000000002,0.1673280555555556,0.9775429983580375,34.288473840830726
