algorithm,makespan,energy,cost,reliability,load_balance
HEFT,505.65999999999997,508827.4204801645,0.0864375,0.8374902978556402,104.59218807667554
GA,541.6600000000001,519557.90551268327,0.13285611111111112,0.8326802200629304,83.17264923038103
