algorithm,makespan,energy,cost,reliability,load_balance
HEFT,114.44,5324.520000000001,0.23940055555555562,0.9737286573838998,12.479436230416509
GA,139.21,5324.52,0.26022388888888887,0.9737286573838998,34.16680703288765
