algorithm,makespan,energy,cost,reliability,load_balance
HEFT,502.19,920780.221509787,0.08955555555555555,0.763304381490223,107.04275324456778
GA,549.7299999999999,933421.9655831043,0.1705155555555556,0.751780263894237,44.83109156115335
