algorithm,makespan,energy,cost,reliability,load_balance
HEFT,444.51,810316.3355155116,0.08207611111111113,0.7907119000496328,93.86215739007577
GA,468.08,800224.2650828917,0.14237638888888893,0.7847704691052926,48.430162051875975
