algorithm,makespan,energy,cost,reliability,load_balance
HEFT,621.9999999999999,4863.260000000001,0.10123416666666667,0.975976959419353,9.523407565922296
GA,612.0899999999999,4863.26,0.10250083333333333,0.975976959419353,6.7264075354777795
