algorithm,makespan,energy,cost,reliability,load_balance
HEFT,1004.03,370783.3451490493,0.10014944444444446,0.8656474109806737,65.41768740180284
GA,846.1199999999999,371807.8481421075,0.0825475,0.87113249103074,82.29487403032257
