algorithm,makespan,energy,cost,reliability,load_balance
HEFT,212.04000000000002,69068.79352952274,0.00994638888888889,0.9783451080254986,97.34539365921054
GA,215.04000000000002,58943.480189732145,0.013452777777777779,0.9782277136563384,45.33022170693632
