algorithm,makespan,energy,cost,reliability,load_balance
HEFT,71.44,515.46,0.014756111111111112,0.9974260183862073,11.15947243376675
GA,70.25,515.46,0.014056944444444447,0.9974260183862073,8.921144825637572
