algorithm,makespan,energy,cost,reliability,load_balance
HEFT,544.81,1832217.5256511443,0.08314027777777777,0.6464017916780053,80.56310998374488
GA,557.88,1818064.785061304,0.10281472222222222,0.641017321375429,41.44657706699597
