algorithm,makespan,energy,cost,reliability,load_balance
HEFT,441.75,459598.3388568195,0.08293249999999999,0.8466908881463473,86.05483257541864
GA,518.71,495379.4314549555,0.1315722222222222,0.8363290022115867,62.744182914301575
