algorithm,makespan,energy,cost,reliability,load_balance
HEFT,371.68000000000006,1232459.7118489023,0.022291944444444448,0.7694322298130645,49.50573737793766
GA,376.63000000000005,1216426.5560895307,0.017440555555555553,0.7669985255320309,24.066809556362518
