algorithm,makespan,energy,cost,reliability,load_balance
HEFT,214.37000000000003,199345.50758035175,0.010868888888888891,0.9521872236772356,58.4616135026509
GA,214.37000000000003,196609.98302001212,0.010204444444444447,0.9521872236772356,55.016518610322855
