algorithm,makespan,energy,cost,reliability,load_balance
HEFT,794.95,280127.1854456255,0.07316722222222222,0.896288617616924,81.1988330683802
GA,655.09,277648.1928437314,0.06205555555555556,0.9013168665630564,76.06888561253761
