algorithm,makespan,energy,cost,reliability,load_balance
HEFT,477.12,839673.6677565392,0.056447222222222225,0.8112829463133993,98.65134277775869
GA,508.12,837589.6843658979,0.0852075,0.8032748055351481,44.982208306317105
