algorithm,makespan,energy,cost,reliability,load_balance
HEFT,631.1999999999999,1083941.1080006335,0.08915055555555558,0.7534459465387908,104.52901210126753
GA,580.04,962318.2375181023,0.15366222222222226,0.7658822819253458,47.5810992214871
