algorithm,makespan,energy,cost,reliability,load_balance
HEFT,530.4,952832.8217948717,0.09266222222222222,0.7553104667651859,100.39189743482547
GA,569.4100000000001,968863.0626086654,0.18433638888888892,0.745940381151106,53.567862774031035
