algorithm,makespan,energy,cost,reliability,load_balance
HEFT,208.0,5554.7400000000025,0.21828944444444445,0.9726084431893581,16.752809105241624
GA,205.62,5554.74,0.20267888888888894,0.9726084431893581,32.035284914970454
