algorithm,makespan,energy,cost,reliability,load_balance
HEFT,485.99,510508.1496532851,0.09761805555555556,0.828687960010525,88.52667635379744
GA,528.36,521259.7739609357,0.12743333333333334,0.8230891178697493,55.88088259488511
