algorithm,makespan,energy,cost,reliability,load_balance
HEFT,542.02,532384.0312903582,0.06811722222222222,0.8484711466608075,141.45475898086048
GA,568.02,507048.75367064547,0.11337694444444445,0.8449488381719923,65.19908832440323
