algorithm,makespan,energy,cost,reliability,load_balance
HEFT,148.13,3547.3399999999997,0.1589058333333333,0.9824196694061939,15.74038625902596
GA,145.74,3547.3400000000006,0.14591805555555556,0.9824196694061939,26.303192954151662
