algorithm,makespan,energy,cost,reliability,load_balance
HEFT,1000.3600000000001,362988.86756767577,0.0983388888888889,0.8676157037276413,38.2324748523207
GA,870.4599999999999,361890.5983732739,0.09004916666666667,0.8721355673608372,55.80223830636184
