algorithm,makespan,energy,cost,reliability,load_balance
HEFT,487.90999999999985,292662.32434260414,0.07499472222222221,0.8913843279616438,59.8636584098757
GA,462.92999999999995,287878.6389086902,0.0795811111111111,0.8931674515062643,59.57153249605524
