algorithm,makespan,energy,cost,reliability,load_balance
HEFT,207.47999999999996,200277.73284171967,0.016586666666666666,0.9461970817203519,58.91292848701943
GA,213.76,185529.32199663174,0.01863972222222222,0.9452468203838852,28.224266324978817
