algorithm,makespan,energy,cost,reliability,load_balance
HEFT,423.97,224980.86779724984,0.04485666666666668,0.9240273575875692,104.17725046422427
GA,408.20000000000005,207426.94110730034,0.059938055555555564,0.9251938461681797,55.1995970482187
