algorithm,makespan,energy,cost,reliability,load_balance
HEFT,413.09,718619.2882664795,0.03577972222222222,0.8353240045450073,79.05170748535923
GA,436.10999999999996,715893.3921029099,0.04993888888888889,0.8291932821975014,33.3530752786659
