algorithm,makespan,energy,cost,reliability,load_balance
HEFT,62.769999999999996,2651.4599999999987,0.07843416666666667,0.9868301909436533,10.779247792110064
GA,81.65,2651.46,0.07180527777777779,0.9868301909436533,26.864050971076807
