algorithm,makespan,energy,cost,reliability,load_balance
HEFT,387.02000000000004,144179.4683995659,0.028343055555555555,0.9467486861014821,77.10243770465368
GA,383.16,143785.45599749452,0.0320413888888889,0.9468948753841384,74.62153822233009
