algorithm,makespan,energy,cost,reliability,load_balance
HEFT,114.4,2621.4,0.11683055555555555,0.986978522668202,13.94644369244958
GA,114.76,2621.4,0.10249805555555556,0.986978522668202,29.4396919990682
