algorithm,makespan,energy,cost,reliability,load_balance
HEFT,417.66999999999996,396837.7436014078,0.047391388888888886,0.8872479481972925,100.98564980357355
GA,422.37,371317.2991216232,0.06861555555555557,0.8865809885485068,46.365713333417695
