algorithm,makespan,energy,cost,reliability,load_balance
HEFT,386.46000000000004,686870.8656264555,0.050452222222222225,0.8360928562467418,81.3250991038685
GA,408.46000000000004,678966.5067081231,0.08855916666666666,0.8302274330533652,37.691673621412264
