algorithm,makespan,energy,cost,reliability,load_balance
HEFT,805.8900000000001,237447.75300599338,0.07330166666666668,0.9112955596833927,115.2552362874098
GA,628.6800000000001,218532.10127568874,0.057863888888888895,0.917778135530684,53.5148748013111
