algorithm,makespan,energy,cost,reliability,load_balance
HEFT,1031.46,404216.09002772777,0.09608972222222223,0.8566214270898076,97.68637127733501
GA,948.9200000000001,402492.5395396872,0.09789111111111112,0.8594543223636598,43.026874547581656
