algorithm,makespan,energy,cost,reliability,load_balance
HEFT,384.34999999999997,1300135.3655782489,0.05231166666666665,0.7345367871551512,60.64307357824035
GA,410.38,1342185.0288025737,0.06728416666666667,0.7224013558589232,35.789958754084196
