algorithm,makespan,energy,cost,reliability,load_balance
HEFT,438.53999999999996,1528318.6649792492,0.11089805555555557,0.6701479299484692,80.52068207094769
GA,476.37000000000006,1572973.959611227,0.18458583333333337,0.6541176831882145,38.1724332499024
