algorithm,makespan,energy,cost,reliability,load_balance
HEFT,175.96,55455.65617185724,0.008237777777777778,0.981491034299157,69.45292626424511
GA,175.96,55455.65617185724,0.008237777777777778,0.981491034299157,69.45292626424511
