algorithm,makespan,energy,cost,reliability,load_balance
HEFT,434.92,755563.296813207,0.05049666666666666,0.8250141015546674,81.19510291265088
GA,450.58,746606.0145368191,0.06112083333333333,0.8208901325358622,44.16340502551383
