algorithm,makespan,energy,cost,reliability,load_balance
HEFT,352.67,1234101.0129299345,0.07423361111111111,0.7305426973593764,68.56782656650687
GA,381.2300000000001,1263387.2485638594,0.11413388888888891,0.7173108426809724,37.707884806264325
