algorithm,makespan,energy,cost,reliability,load_balance
HEFT,286.71,275734.8706009556,0.026101111111111113,0.9221630751222859,75.12189691594588
GA,299.9,266664.9160053351,0.03930805555555556,0.9202189942841917,46.12955621128389
