algorithm,makespan,energy,cost,reliability,load_balance
HEFT,542.16,535258.7620997491,0.09098388888888886,0.8320063549741626,110.04052093054933
GA,519.44,496464.7536577853,0.140275,0.8350363684916133,58.5763157484889
