algorithm,makespan,energy,cost,reliability,load_balance
HEFT,373.44,346381.38983504707,0.03744333333333333,0.9035252702995832,85.61121285594936
GA,398.60999999999996,341346.1429969142,0.059821666666666655,0.8998939103453211,37.940661477277025
