algorithm,makespan,energy,cost,reliability,load_balance
HEFT,772.8399999999999,275101.13405103254,0.07039416666666667,0.8978545453719501,55.14132388689993
GA,731.2699999999999,275112.04829953366,0.071605,0.8993487398389991,81.4323305982744
