algorithm,makespan,energy,cost,reliability,load_balance
HEFT,495.2700000000001,508055.4211238315,0.09352722222222222,0.8337767485900516,97.68488923574621
GA,534.9100000000001,514340.2614645454,0.12289500000000002,0.8285053373098996,58.56949750794634
