algorithm,makespan,energy,cost,reliability,load_balance
HEFT,571.97,1940420.534783293,0.08845611111111111,0.625209803484708,91.28751998743502
GA,606.6999999999999,1976745.4314817865,0.13432,0.6114664441579936,41.665603994782074
