algorithm,makespan,energy,cost,reliability,load_balance
HEFT,453.26,445701.90323434677,0.06712972222222223,0.8605991898122964,97.08323744773519
GA,481.47999999999996,443271.77585777186,0.11869111111111112,0.8567221716932999,54.422374259122506
