algorithm,makespan,energy,cost,reliability,load_balance
HEFT,130.03,3311.6,0.12077611111111113,0.9835783301931105,11.790749764115937
GA,145.82999999999998,3311.6000000000004,0.11998499999999998,0.9835783301931105,36.5091892542138
