algorithm,makespan,energy,cost,reliability,load_balance
HEFT,120.9,3396.8199999999997,0.16159722222222223,0.9831593167437702,10.021820505776383
GA,151.47,3396.8200000000006,0.13046555555555556,0.9831593167437702,39.778853757367116
