algorithm,makespan,energy,cost,reliability,load_balance
HEFT,428.2399999999999,426326.89734728175,0.06387944444444445,0.8656938109254096,94.76495090485719
GA,464.24,429336.67913148366,0.09734500000000001,0.8607217478628518,54.84644795548143
