algorithm,makespan,energy,cost,reliability,load_balance
HEFT,571.23,333685.7564728743,0.08275,0.8765285521202079,55.9439395255899
GA,554.3699999999999,330117.18395656324,0.09053250000000002,0.8777116115072003,55.77508479535076
