algorithm,makespan,energy,cost,reliability,load_balance
HEFT,240.93999999999997,1850.2400000000002,0.043568333333333334,0.9907914606951554,10.37352720470075
GA,239.14,1850.24,0.04262527777777779,0.9907914606951554,10.28823600040356
