algorithm,makespan,energy,cost,reliability,load_balance
HEFT,394.21000000000004,142764.23964384466,0.030473611111111115,0.9480644441276309,102.47920581757064
GA,397.38000000000005,136991.92911067494,0.030412500000000002,0.9479442371773972,51.88095692705244
