algorithm,makespan,energy,cost,reliability,load_balance
HEFT,493.94,265640.62797100865,0.04169916666666667,0.9152891982344497,145.71023025168824
GA,508.94,250883.68742877356,0.05570861111111111,0.9141915099412669,87.16947319528127
