algorithm,makespan,energy,cost,reliability,load_balance
HEFT,446.0800000000001,3381.019999999999,0.08132583333333335,0.9832369893978224,17.307989243891633
GA,430.96000000000004,3381.02,0.07673361111111113,0.9832369893978224,6.056244023044863
