algorithm,makespan,energy,cost,reliability,load_balance
HEFT,733.5799999999999,280404.412524878,0.06707750000000001,0.8986529132339977,118.13372789625609
GA,733.56,276443.14485522656,0.07323055555555556,0.8986536321566158,65.34794717510259
