algorithm,makespan,energy,cost,reliability,load_balance
HEFT,110.89,2595.1199999999994,0.08557416666666667,0.9871082201670197,15.4995825750244
GA,125.29,2595.12,0.0777736111111111,0.9871082201670197,36.7734171197982
