algorithm,makespan,energy,cost,reliability,load_balance
HEFT,346.9,335997.7544825598,0.04441777777777778,0.9033832472903931,89.37839673498661
GA,351.65,319928.90496232046,0.053589444444444446,0.9026969368534529,59.29381701535161
