algorithm,makespan,energy,cost,reliability,load_balance
HEFT,289.98,293212.7608110904,0.037115555555555554,0.9109653660072714,78.22992751072529
GA,318.98,292813.55915731395,0.0491425,0.9067482779193772,47.80406577896906
