algorithm,makespan,energy,cost,reliability,load_balance
HEFT,101.31,2338.0800000000004,0.08439,0.9883776672235239,11.621833475546506
GA,99.9,2338.080000000001,0.08923888888888888,0.9883776672235239,21.639327161443816
