algorithm,makespan,energy,cost,reliability,load_balance
HEFT,214.43,710485.4645805157,0.011239722222222224,0.8616135730122966,28.392641117339817
GA,218.43,710444.7377649589,0.008134166666666668,0.859410663193036,19.400265660894792
