algorithm,makespan,energy,cost,reliability,load_balance
HEFT,233.85,401288.2001710498,0.009471666666666666,0.9158264475495066,44.02689069116114
GA,241.85,398133.2529667149,0.009094722222222223,0.9134849302646849,27.633894814903112
