algorithm,makespan,energy,cost,reliability,load_balance
HEFT,302.19,163163.44283397862,0.018209444444444445,0.9516286441176528,105.12894048160912
GA,307.19,156273.0632182037,0.025296388888888893,0.9512480687801476,86.32883468583533
