algorithm,makespan,energy,cost,reliability,load_balance
HEFT,517.57,476101.15715748596,0.05690194444444444,0.8698963607536842,114.34470647818961
GA,502.33,439887.3656958572,0.08455611111111111,0.8720201042555449,66.33065228773698
