algorithm,makespan,energy,cost,reliability,load_balance
HEFT,117.41,2876.520000000001,0.12139249999999999,0.9857203355070633,11.823999816756878
GA,120.36000000000001,2876.5200000000013,0.11769194444444447,0.9857203355070633,21.79397955858452
