algorithm,makespan,energy,cost,reliability,load_balance
HEFT,1030.31,375616.5982956586,0.10075555555555557,0.8637865407667503,75.60309842636525
GA,941.1800000000001,374384.75261905266,0.09480527777777778,0.8668716087162509,86.0316485854672
