algorithm,makespan,energy,cost,reliability,load_balance
HEFT,126.89,5995.879999999998,0.3144925,0.9704655249324098,13.35551739012999
GA,157.74,5995.880000000001,0.2615422222222222,0.9704655249324098,42.54930945480367
