algorithm,makespan,energy,cost,reliability,load_balance
HEFT,537.09,983513.1632314883,0.09912472222222224,0.7491608241667151,113.57020201392561
GA,573.09,978191.272819278,0.19167000000000003,0.7405800118479802,52.03775036358919
