algorithm,makespan,energy,cost,reliability,load_balance
HEFT,321.5,4900.4800000000005,0.1278525,0.9757953470067642,7.6831243644756935
GA,332.65,4900.480000000001,0.12637222222222222,0.9757953470067642,25.140710297955255
