algorithm,makespan,energy,cost,reliability,load_balance
HEFT,652.9399999999999,374684.298878917,0.08135666666666669,0.8665408736186349,115.90290892904405
GA,676.8299999999999,369250.1294121124,0.11445694444444446,0.8648863222938504,53.0411682260649
