algorithm,makespan,energy,cost,reliability,load_balance
HEFT,832.53,270346.41097618104,0.08057638888888889,0.8981864537448084,48.68234270930961
GA,635.53,262608.58790301014,0.0616188888888889,0.9052921225669949,35.435080899206895
