algorithm,makespan,energy,cost,reliability,load_balance
HEFT,460.9199999999999,3597.1199999999994,0.07888694444444445,0.9821751755789976,9.916313158965213
GA,455.87,3597.120000000001,0.07417694444444445,0.9821751755789976,5.55807520640013
