algorithm,makespan,energy,cost,reliability,load_balance
HEFT,619.2300000000001,241952.49327390472,0.060495000000000014,0.9112088084755339,37.842580404442145
GA,529.9900000000001,244238.9252816091,0.05380250000000001,0.9144672716834455,43.237423123185025
