algorithm,makespan,energy,cost,reliability,load_balance
HEFT,542.75,324595.10619990795,0.08689972222222224,0.8816582233009314,85.602321636991
GA,545.14,320991.2851927945,0.09373527777777776,0.8814896663631929,64.37171859875379
