algorithm,makespan,energy,cost,reliability,load_balance
HEFT,915.86,314240.4498285764,0.09291750000000001,0.8831932907607427,25.907016424127246
GA,736.6299999999999,310370.84153509897,0.07398194444444445,0.8895478313699017,29.705398499262735
