algorithm,makespan,energy,cost,reliability,load_balance
HEFT,495.86,3931.220000000001,0.07811833333333333,0.9805358215998317,4.304806422283561
GA,498.78000000000003,3931.2200000000007,0.08059111111111111,0.9805358215998317,5.161345916199274
