algorithm,makespan,energy,cost,reliability,load_balance
HEFT,62.38,2469.7400000000007,0.0627438888888889,0.9877272323193287,12.996515285899255
GA,87.22,2469.7400000000002,0.048181666666666664,0.9877272323193287,24.20914456448957
