algorithm,makespan,energy,cost,reliability,load_balance
HEFT,396.88999999999993,692621.2448285418,0.04085611111111112,0.8404938863374138,77.43701134085187
GA,431.88999999999993,712273.06767927,0.07248027777777777,0.8311328743312436,39.78413765904941
