algorithm,makespan,energy,cost,reliability,load_balance
HEFT,497.34000000000003,516664.1629669843,0.1034511111111111,0.8257675182336263,82.44543995627251
GA,548.3100000000001,537701.4395323815,0.1444613888888889,0.8190606042528884,60.15409631036499
