algorithm,makespan,energy,cost,reliability,load_balance
HEFT,515.96,897778.3508992944,0.06600361111111112,0.7973407107576967,98.2411658585852
GA,531.5600000000001,878670.3479381445,0.10291805555555555,0.7933703043093182,49.58311918348532
