algorithm,makespan,energy,cost,reliability,load_balance
HEFT,69.49000000000001,2945.3199999999997,0.10958861111111114,0.9853813060280625,11.280674006830758
GA,88.39,2945.3199999999993,0.11821999999999999,0.9853813060280626,30.40407994029961
