algorithm,makespan,energy,cost,reliability,load_balance
HEFT,533.49,179676.6457478116,0.046053055555555555,0.9334047094502388,109.01650196185898
GA,502.21000000000004,174042.77947472176,0.046985,0.9345733163507253,72.91659733330036
