algorithm,makespan,energy,cost,reliability,load_balance
HEFT,183.57,5305.72,0.2184452777777778,0.9738201921797619,9.397637912440196
GA,216.28000000000003,5305.72,0.21007722222222222,0.9738201921797619,30.959216586772133
