algorithm,makespan,energy,cost,reliability,load_balance
HEFT,618.0,592713.1537702265,0.09720500000000001,0.8171874283235024,113.46262446102389
GA,659.49,593194.0001667956,0.16354944444444444,0.8117805775742302,34.804068578017336
