algorithm,makespan,energy,cost,reliability,load_balance
HEFT,51.63,512.02,0.007111388888888889,0.9974431742612636,14.149179272761438
GA,51.63,512.02,0.007111388888888889,0.9974431742612636,14.149179272761438
