algorithm,makespan,energy,cost,reliability,load_balance
HEFT,201.69,348626.90287074225,0.009599722222222223,0.9248911722618648,39.637084984246584
GA,201.69,340001.506767812,0.009460833333333335,0.9248911722618648,31.779224440637098
