algorithm,makespan,energy,cost,reliability,load_balance
HEFT,551.8599999999999,1000875.9248541297,0.10948055555555557,0.7504621966975433,115.323822119657
GA,610.06,1025620.1515424711,0.2048322222222222,0.7366149346951651,45.35580341174655
