algorithm,makespan,energy,cost,reliability,load_balance
HEFT,108.95,5755.380000000003,0.3157227777777778,0.9716332116570774,9.939971679837312
GA,135.57,5755.380000000001,0.2435061111111112,0.9716332116570774,36.508935515567124
