algorithm,makespan,energy,cost,reliability,load_balance
HEFT,548.42,353567.54812005395,0.09580027777777778,0.8691850764855147,39.793896427180165
GA,517.7,353841.1277960208,0.09163750000000001,0.8713238127321242,70.59955093948646
