algorithm,makespan,energy,cost,reliability,load_balance
HEFT,336.21000000000004,1109733.8632402369,0.021677222222222223,0.786267982503824,41.32803159162187
GA,345.21000000000004,1116317.1239535357,0.020356388888888893,0.7817520971599053,23.216562335252537
