algorithm,makespan,energy,cost,reliability,load_balance
HEFT,623.53,211465.4453193912,0.05310527777777778,0.9204951013964731,75.52853985966719
GA,570.3799999999999,207394.36126792664,0.052175,0.9224541557188966,52.952118623022706
