algorithm,makespan,energy,cost,reliability,load_balance
HEFT,263.21999999999997,447856.73216320947,0.008193333333333334,0.9084378526817979,46.68819088101331
GA,269.21999999999997,438572.175915608,0.008193333333333332,0.9066953253661763,24.319568518031435
