algorithm,makespan,energy,cost,reliability,load_balance
HEFT,241.46000000000004,806701.081504183,0.019484444444444443,0.8374628286243685,34.97628335772458
GA,252.46000000000004,819279.4718371228,0.015913055555555555,0.8315877946949379,19.39691034296892
