algorithm,makespan,energy,cost,reliability,load_balance
HEFT,363.15,116345.4083161228,0.018867222222222223,0.9627283444214817,155.74723611779865
GA,376.15,107273.43046656917,0.023741944444444444,0.9622278558206964,107.31645272277682
