algorithm,makespan,energy,cost,reliability,load_balance
HEFT,211.05,1501.8000000000002,0.03989777777777778,0.9925191221068423,18.82412724847202
GA,202.94,1501.7999999999997,0.03348527777777778,0.9925191221068423,12.836381888990374
