algorithm,makespan,energy,cost,reliability,load_balance
HEFT,415.35,741734.1816781028,0.055648055555555555,0.8205470721650746,87.68494047146223
GA,392.75,664524.09726289,0.07560638888888889,0.8265027784671248,43.87759394041565
