algorithm,makespan,energy,cost,reliability,load_balance
HEFT,92.41,3623.0799999999995,0.17166111111111118,0.9820476975147128,13.039956198595542
GA,94.59,3623.0799999999995,0.1580888888888889,0.9820476975147128,26.955720194602065
