algorithm,makespan,energy,cost,reliability,load_balance
HEFT,802.3100000000001,6209.959999999997,0.10858361111111112,0.9694272943946359,17.52095412166051
GA,780.9100000000002,6209.959999999998,0.11409972222222227,0.9694272943946359,5.1625671908461745
