algorithm,makespan,energy,cost,reliability,load_balance
HEFT,955.0400000000002,442632.73038825596,0.09903333333333336,0.8503150084294622,29.876874418184943
GA,910.6800000000001,446888.9352901129,0.09529777777777779,0.8518251467789412,59.4785363947927
