algorithm,makespan,energy,cost,reliability,load_balance
HEFT,334.5,633877.6071449926,0.06371666666666667,0.8353687791115987,85.46733462913694
GA,361.5,626294.582987552,0.09276416666666668,0.8281822832279894,47.351447008197766
