algorithm,makespan,energy,cost,reliability,load_balance
HEFT,516.1,336539.15754698706,0.07507472222222222,0.8770335779997195,75.33321387343035
GA,532.21,332848.8545686853,0.09298222222222223,0.8759039851903547,31.05030983857371
