algorithm,makespan,energy,cost,reliability,load_balance
HEFT,398.25,139741.21258003765,0.030614444444444444,0.9472941704290814,60.88442897545038
GA,385.19,137469.2369739609,0.031625,0.947789166185348,39.08353734843696
