algorithm,makespan,energy,cost,reliability,load_balance
HEFT,244.07,1921.1,0.04342499999999999,0.9904404854595655,4.352909946231373
GA,247.1,1921.0999999999997,0.044871111111111105,0.9904404854595655,5.9489627947511465
