algorithm,makespan,energy,cost,reliability,load_balance
HEFT,323.71,556033.11837756,0.022937777777777776,0.8786495082560049,59.66074381974298
GA,300.31,498755.3790749559,0.021884444444444442,0.8852535303752967,36.74326549963426
