algorithm,makespan,energy,cost,reliability,load_balance
HEFT,52.3,1132.48,0.01572888888888889,0.9943536011709574,17.480088211189546
GA,52.3,1132.48,0.017867222222222225,0.9943536011709574,17.92951972082227
