algorithm,makespan,energy,cost,reliability,load_balance
HEFT,529.6200000000001,504892.94229825155,0.06716305555555556,0.8533198765235043,120.22560686753332
GA,497.42,452503.63881629205,0.11402638888888889,0.8577275248801353,62.293954441823644
