algorithm,makespan,energy,cost,reliability,load_balance
HEFT,352.18000000000006,5176.380000000003,0.13718611111111112,0.9744501653779225,12.240443429759534
GA,343.69000000000005,5176.380000000003,0.13425194444444444,0.9744501653779225,19.24636807110817
