algorithm,makespan,energy,cost,reliability,load_balance
HEFT,739.1600000000001,425096.62634612265,0.10568416666666668,0.8460300499256972,79.57305169061414
GA,690.07,415794.84894286084,0.10628416666666668,0.8493591118050238,86.27032885686381
