algorithm,makespan,energy,cost,reliability,load_balance
HEFT,440.31999999999994,264509.7563363008,0.06053916666666667,0.9014859694685803,56.99487118216362
GA,453.79999999999995,264373.8372190392,0.08022944444444445,0.9005143310007309,36.96923660771402
