algorithm,makespan,energy,cost,reliability,load_balance
HEFT,340.28999999999996,5212.179999999999,0.1909438888888889,0.9742757544085673,12.574868857595057
GA,348.29999999999995,5212.179999999999,0.17066916666666665,0.9742757544085673,16.452790850968533
