algorithm,makespan,energy,cost,reliability,load_balance
HEFT,563.0800000000002,392423.43436101446,0.0968377777777778,0.8572960249640995,45.489553196310936
GA,589.0400000000001,394079.9991511613,0.10677944444444447,0.8555174401012432,30.425337537745
