algorithm,makespan,energy,cost,reliability,load_balance
HEFT,103.03,4613.159999999999,0.2084772222222222,0.9771981820173957,11.392352538916962
GA,117.08,4613.159999999999,0.16490750000000004,0.9771981820173957,27.343074600875305
