algorithm,makespan,energy,cost,reliability,load_balance
HEFT,411.05,754883.7734582168,0.07645777777777776,0.7975904769796549,85.13350631081863
GA,443.32,761134.9701795544,0.12264194444444443,0.7893966180229709,42.06930204072262
