algorithm,makespan,energy,cost,reliability,load_balance
HEFT,581.3800000000001,4394.5599999999995,0.08235694444444447,0.9782668435474774,22.495215787658818
GA,563.8599999999999,4394.560000000002,0.08677972222222224,0.9782668435474774,16.332268672783872
