algorithm,makespan,energy,cost,reliability,load_balance
HEFT,939.96,315628.9968402912,0.0864063888888889,0.882417481437368,35.01109098081168
GA,818.78,311919.2927404187,0.07448527777777778,0.8867051185758027,75.43655673257275
