algorithm,makespan,energy,cost,reliability,load_balance
HEFT,537.7199999999999,974013.6395335863,0.09012555555555556,0.7566249430793195,111.9232860939156
GA,590.52,1000019.1420951025,0.15003555555555553,0.7439484010362554,57.65336474859621
