algorithm,makespan,energy,cost,reliability,load_balance
HEFT,358.39,189970.27760261166,0.02578222222222222,0.9397434185194908,106.57286668050175
GA,368.39,178472.69358560222,0.038594722222222225,0.9389919244223938,62.19130553323809
