algorithm,makespan,energy,cost,reliability,load_balance
HEFT,460.42999999999995,267171.7926286298,0.056163611111111116,0.9082569098840447,123.38222666633493
GA,486.42999999999995,263679.86213843717,0.06447416666666667,0.9063696988913208,93.01892710626156
