algorithm,makespan,energy,cost,reliability,load_balance
HEFT,428.2799999999999,450329.5680396001,0.07501027777777777,0.8595265195589781,113.47815906596298
GA,459.2799999999999,443195.886909946,0.11584722222222221,0.8552738234269635,72.9762994288785
