algorithm,makespan,energy,cost,reliability,load_balance
HEFT,84.80000000000001,3042.6800000000007,0.1363208333333333,0.984901739144338,12.39797003090009
GA,89.82,3042.6800000000007,0.14209777777777777,0.984901739144338,27.581307536141683
