algorithm,makespan,energy,cost,reliability,load_balance
HEFT,481.59999999999997,837886.4811669434,0.05127027777777778,0.8085968640737233,91.18613662614742
GA,434.52,723910.5961290619,0.06900777777777778,0.8208710881057035,43.303936905460425
