algorithm,makespan,energy,cost,reliability,load_balance
HEFT,380.26000000000005,197161.5331878189,0.022334166666666672,0.9444047916812798,128.34588767829132
GA,385.26000000000005,177272.08298292066,0.0254675,0.944027105306918,68.89977087614817
