algorithm,makespan,energy,cost,reliability,load_balance
HEFT,479.61000000000007,295262.2227851796,0.06411583333333333,0.8945082079995017,105.82530333897333
GA,512.61,291991.41836874036,0.08467861111111111,0.8921498207712755,63.34710139664753
