algorithm,makespan,energy,cost,reliability,load_balance
HEFT,209.85000000000002,193314.53867047894,0.009168611111111112,0.9551993660758076,56.2753676131929
GA,212.85000000000002,179825.14775663614,0.010221111111111111,0.954740980401454,31.033554528391797
