algorithm,makespan,energy,cost,reliability,load_balance
HEFT,820.3100000000001,328809.9111677293,0.08678416666666669,0.8818067070477158,17.407608250417354
GA,699.4300000000001,333480.9044364697,0.07470638888888889,0.8860807434210243,34.284712215018985
