algorithm,makespan,energy,cost,reliability,load_balance
HEFT,656.1500000000001,5073.979999999999,0.09953083333333335,0.974949211607529,15.332908780354352
GA,641.85,5073.9800000000005,0.11153527777777779,0.974949211607529,13.347085512075994
