algorithm,makespan,energy,cost,reliability,load_balance
HEFT,275.67,159892.47030870244,0.028043333333333337,0.9448839152870957,78.42871402699761
GA,283.02000000000004,154148.41908699033,0.03522027777777778,0.9443284868568683,56.22307493687217
