algorithm,makespan,energy,cost,reliability,load_balance
HEFT,304.59000000000003,169006.6338356479,0.027256944444444448,0.9419107067826078,80.4844378480355
GA,312.76,160608.72797032868,0.04111083333333333,0.941295275089641,42.61416054049908
