algorithm,makespan,energy,cost,reliability,load_balance
HEFT,291.02,280702.01133942686,0.029201388888888895,0.9208585846093694,77.05154507427694
GA,306.02000000000004,272542.15103588003,0.03691138888888889,0.9186511739586448,47.988752970531195
