algorithm,makespan,energy,cost,reliability,load_balance
HEFT,639.4799999999999,643694.4758084693,0.11346722222222223,0.7964972517866561,124.46393042263287
GA,726.49,674671.2753513469,0.18715777777777776,0.7854855636531763,66.66661655518949
