algorithm,makespan,energy,cost,reliability,load_balance
HEFT,521.6500000000001,949845.9814051568,0.07898666666666666,0.7694851685715478,116.99329701642823
GA,557.48,941097.8888211236,0.14623361111111113,0.7607129449259766,56.003363997462316
