algorithm,makespan,energy,cost,reliability,load_balance
HEFT,584.0699999999999,337982.15415960416,0.07335027777777778,0.8780251860959181,97.60872747132515
GA,573.96,328403.6017492508,0.08706083333333335,0.8787356201272267,59.01080258248121
