algorithm,makespan,energy,cost,reliability,load_balance
HEFT,394.51000000000005,692831.7738206891,0.038602500000000005,0.840277739107573,80.01868542809942
GA,413.94000000000005,686615.6854858192,0.05298638888888889,0.8350694365865496,42.520618204346924
