algorithm,makespan,energy,cost,reliability,load_balance
HEFT,69.0,2417.7,0.07483583333333334,0.9879842723846405,14.252887338354945
GA,80.66,2417.7,0.07961027777777775,0.9879842723846405,27.135603158399874
