algorithm,makespan,energy,cost,reliability,load_balance
HEFT,103.13,631.14,0.022629722222222225,0.9968492739877317,17.751376237726845
GA,86.83,631.14,0.02115416666666667,0.9968492739877317,7.818535135603517
