algorithm,makespan,energy,cost,reliability,load_balance
HEFT,272.88,82608.39493550279,0.008831944444444444,0.9766438770401124,130.66719643812672
GA,274.88,70301.5177895809,0.008831944444444444,0.9765657486551262,74.95272437788147
