algorithm,makespan,energy,cost,reliability,load_balance
HEFT,329.24,306446.0382699551,0.019158055555555557,0.9268836812352681,89.68001359463173
GA,350.24,292841.53317724995,0.01955944444444445,0.9237745782843187,39.3193607738817
