algorithm,makespan,energy,cost,reliability,load_balance
HEFT,48.42,646.08,0.008973333333333335,0.9967748121281499,16.448682269017684
GA,48.42,646.0799999999999,0.00971138888888889,0.9967748121281499,17.337845607877025
