algorithm,makespan,energy,cost,reliability,load_balance
HEFT,205.97,357448.6615526533,0.010453333333333334,0.9232271269949058,41.59995182611977
GA,211.24,352594.7513728461,0.011439722222222223,0.9216715088338493,29.54069535840454
