algorithm,makespan,energy,cost,reliability,load_balance
HEFT,507.48,1763652.076239458,0.10962888888888887,0.6383843165218801,94.18051246805275
GA,541.48,1791257.4695464284,0.2114055555555555,0.624643120207937,51.43325959179627
