algorithm,makespan,energy,cost,reliability,load_balance
HEFT,57.65,606.68,0.014371111111111112,0.9969711961093262,11.284321297395653
GA,49.010000000000005,606.68,0.009810555555555557,0.9969711961093262,8.042918358051741
