algorithm,makespan,energy,cost,reliability,load_balance
HEFT,198.35999999999996,102167.74601734219,0.0094275,0.9722405750019544,69.1643144981572
GA,201.35999999999996,94301.84882796979,0.010695277777777776,0.9720072652622426,47.682789048340815
