algorithm,makespan,energy,cost,reliability,load_balance
HEFT,564.5999999999999,184970.6002302515,0.047104166666666655,0.9292465337225526,34.72337193207674
GA,499.1099999999999,183273.38865180017,0.04496805555555555,0.9316839791143923,66.66752001537178
