algorithm,makespan,energy,cost,reliability,load_balance
HEFT,333.18,2485.220000000001,0.06414555555555555,0.9876507851900892,21.73415342266637
GA,314.79999999999995,2485.2200000000007,0.05271583333333334,0.9876507851900892,4.056060280617124
