algorithm,makespan,energy,cost,reliability,load_balance
HEFT,231.75,215272.3221574973,0.01785361111111111,0.944275228232117,59.553345553937326
GA,240.75,213063.24095534786,0.017820000000000003,0.9429164504582567,47.07098221480689
