algorithm,makespan,energy,cost,reliability,load_balance
HEFT,403.9100000000001,233898.19447401652,0.042910000000000004,0.918971287788243,106.4948324618215
GA,413.57000000000005,224132.8960756341,0.0618125,0.9182613811203076,65.47501070473925
