algorithm,makespan,energy,cost,reliability,load_balance
HEFT,216.10999999999999,367881.72111424734,0.007560277777777779,0.9230775763142648,38.29334272002627
GA,223.10999999999999,364541.5807001031,0.007560277777777777,0.9210121966321688,21.675522240890125
