algorithm,makespan,energy,cost,reliability,load_balance
HEFT,49.56,542.32,0.007532222222222223,0.9972920730665675,14.60326250556538
GA,49.56,542.32,0.007532222222222222,0.9972920730665675,14.60326250556538
