algorithm,makespan,energy,cost,reliability,load_balance
HEFT,215.01000000000002,367232.64694665367,0.008899444444444446,0.922535335256447,39.01463703307492
GA,217.01000000000002,361270.6667895489,0.008212777777777779,0.92194510153682,29.92911991608863
