algorithm,makespan,energy,cost,reliability,load_balance
HEFT,564.58,356632.35571575334,0.08598833333333335,0.8695484717918135,74.73834709696031
GA,592.54,359244.97716609854,0.10254166666666667,0.867605639443851,59.62223541060116
