algorithm,makespan,energy,cost,reliability,load_balance
HEFT,296.58,4457.740000000001,0.10828361111111112,0.9779578578584598,12.355542929043168
GA,307.69,4457.740000000001,0.1015975,0.9779578578584598,25.999608479195
