algorithm,makespan,energy,cost,reliability,load_balance
HEFT,349.84000000000003,5286.6399999999985,0.14480166666666666,0.9739130990576835,11.8597566826402
GA,368.33,5286.6399999999985,0.13085305555555557,0.9739130990576835,39.43993299038061
