algorithm,makespan,energy,cost,reliability,load_balance
HEFT,695.65,420513.0314094732,0.09942583333333334,0.8519379358948495,138.86018381811252
GA,746.8900000000001,416164.27115103963,0.12465583333333334,0.8484528198819695,56.44526799096119
