algorithm,makespan,energy,cost,reliability,load_balance
HEFT,980.8400000000001,400270.8183087965,0.09935583333333337,0.8587034874485673,33.18487343655244
GA,885.72,403002.87191211677,0.09180166666666667,0.8619769058798652,24.891930921485358
