algorithm,makespan,energy,cost,reliability,load_balance
HEFT,513.1499999999999,524686.6406898567,0.09407194444444446,0.8265474108222248,91.9748798291323
GA,536.6299999999999,524908.7600581406,0.12801999999999997,0.823448062969486,60.049082698378214
