algorithm,makespan,energy,cost,reliability,load_balance
HEFT,118.33,2806.4600000000005,0.12141277777777774,0.9860656938265695,13.55969036949836
GA,135.62,2806.46,0.10634055555555554,0.9860656938265695,35.410839059766246
