algorithm,makespan,energy,cost,reliability,load_balance
HEFT,347.64,325263.1792371419,0.04750444444444444,0.89819256143346,62.88137601534603
GA,303.63,283457.07146856375,0.059733611111111105,0.9045395945823722,35.14346135840918
