algorithm,makespan,energy,cost,reliability,load_balance
HEFT,659.1799999999998,407088.28107648896,0.0959863888888889,0.8520497174847508,79.8400379329998
GA,658.46,407841.7448592169,0.10161777777777778,0.8520987969619533,84.89156680310306
