algorithm,makespan,energy,cost,reliability,load_balance
HEFT,60.190000000000005,2265.3400000000006,0.07498888888888887,0.9887372055591762,9.854995412308059
GA,68.94,2265.34,0.060747222222222216,0.9887372055591762,21.395834062306946
