algorithm,makespan,energy,cost,reliability,load_balance
HEFT,298.41,533469.7850943333,0.03843972222222222,0.8709722173980167,65.15893435678719
GA,320.41,539367.4820698481,0.06435361111111111,0.8648621058158585,40.18176930619921
