algorithm,makespan,energy,cost,reliability,load_balance
HEFT,564.41,337588.6621604862,0.08255583333333333,0.8753050717162432,60.63592215310284
GA,507.8300000000001,330849.0482838745,0.08474583333333334,0.8792760328923429,78.53381072369858
