algorithm,makespan,energy,cost,reliability,load_balance
HEFT,291.28999999999996,4248.02,0.11998250000000002,0.9789838823188199,15.50237994401411
GA,297.84,4248.02,0.1173847222222222,0.9789838823188199,34.9958113565038
