algorithm,makespan,energy,cost,reliability,load_balance
HEFT,416.78,214312.56235903833,0.0276625,0.9386513199416021,135.34258001193015
GA,421.07,195634.848315007,0.027241111111111112,0.9383292300823795,79.6362714830013
