algorithm,makespan,energy,cost,reliability,load_balance
HEFT,157.26,141582.16425028615,0.008633055555555555,0.9641484523635928,36.309540017053365
GA,157.26,135677.47952435457,0.00800638888888889,0.9641484523635928,26.4449531968452
