algorithm,makespan,energy,cost,reliability,load_balance
HEFT,39.58,497.24,0.006906111111111111,0.9975168880355318,14.062634591948502
GA,39.58,497.24,0.008394444444444444,0.9975168880355318,15.532903946139626
