algorithm,makespan,energy,cost,reliability,load_balance
HEFT,908.71,342250.0855938638,0.09436611111111112,0.8756951945691163,47.83793822201509
GA,740.99,345222.14626378217,0.07543694444444445,0.8815898092773017,52.41374438064883
