algorithm,makespan,energy,cost,reliability,load_balance
HEFT,359.42,356146.2514050415,0.04660666666666667,0.894516437512871,94.10673628031807
GA,376.42,340093.89612666704,0.07199194444444443,0.892086658799925,46.82414918251764
