algorithm,makespan,energy,cost,reliability,load_balance
HEFT,56.31,686.5,0.011395833333333334,0.9965733842935871,8.636120057228082
GA,62.61,686.5,0.010357222222222223,0.9965733842935871,20.171229821208225
