algorithm,makespan,energy,cost,reliability,load_balance
HEFT,153.79999999999998,82979.46690507152,0.007875277777777778,0.9766329386899444,57.268066503693206
GA,161.79999999999998,76436.64999999998,0.007875277777777778,0.9760080935809458,35.67772351702309
