algorithm,makespan,energy,cost,reliability,load_balance
HEFT,416.27,427282.626996901,0.06668444444444444,0.864571215134018,99.7055634021158
GA,425.2099999999999,404350.8497448319,0.10535111111111112,0.8633354165217659,44.44187049768869
