algorithm,makespan,energy,cost,reliability,load_balance
HEFT,92.05,1153.8,0.050898888888888896,0.9942476087265703,12.650345845074748
GA,92.05,1153.8,0.04555888888888889,0.9942476087265703,14.602394862291789
