algorithm,makespan,energy,cost,reliability,load_balance
HEFT,350.60999999999996,176798.64727189753,0.021430833333333333,0.9471759554933773,103.12798037251713
GA,332.21,157902.40065019115,0.022079166666666667,0.9485712251664056,64.80414707849667
