algorithm,makespan,energy,cost,reliability,load_balance
HEFT,307.74,513687.3332683434,0.013593611111111114,0.8931856723081266,44.52671904906304
GA,310.6,511842.15009658725,0.01016555555555556,0.8923686027289005,36.86355416130173
