algorithm,makespan,energy,cost,reliability,load_balance
HEFT,329.28000000000003,1123144.1993743926,0.041367222222222236,0.7703391550538735,56.91594666956404
GA,356.53000000000003,1163201.2477210895,0.059840000000000004,0.7570209128261919,29.52793750381436
