algorithm,makespan,energy,cost,reliability,load_balance
HEFT,570.1200000000001,1930967.2501227814,0.07907277777777781,0.6326127584754146,91.12639076768727
GA,612.1199999999999,1991037.6123309156,0.11611416666666667,0.6158346357162194,42.338692788555136
