algorithm,makespan,energy,cost,reliability,load_balance
HEFT,667.9999999999999,409754.24869760475,0.09998638888888892,0.8505708216563783,69.81726330469517
GA,644.3000000000001,403569.12033214344,0.11978611111111113,0.8521850337237123,55.50373576551917
