algorithm,makespan,energy,cost,reliability,load_balance
HEFT,138.5,6485.459999999997,0.20642972222222222,0.9680928276216104,10.756510701888354
GA,174.04000000000002,6485.46,0.19701472222222227,0.9680928276216104,46.834896693451675
