algorithm,makespan,energy,cost,reliability,load_balance
HEFT,638.14,1139482.2381138932,0.115815,0.7216276451941982,122.47842453803261
GA,673.8,1143663.7454585931,0.23666888888888887,0.7134398131522077,69.79319104345512
