algorithm,makespan,energy,cost,reliability,load_balance
HEFT,285.58,263628.5266125079,0.0187325,0.933456981577574,72.78119679044855
GA,284.90999999999997,261901.89221157558,0.021388611111111108,0.9335570535297598,71.10025799003826
