algorithm,makespan,energy,cost,reliability,load_balance
HEFT,71.96000000000001,1127.2800000000002,0.02950222222222222,0.9943794547006822,14.456829758514372
GA,63.89,1127.28,0.0285925,0.9943794547006822,20.514464653019825
