algorithm,makespan,energy,cost,reliability,load_balance
HEFT,334.58,574874.5221770578,0.021901944444444446,0.8771514592340441,62.490096491977134
GA,344.58,565066.0400777757,0.019464166666666668,0.8743490607933798,34.11515676157645
