algorithm,makespan,energy,cost,reliability,load_balance
HEFT,503.85999999999996,896986.3242368911,0.07451805555555557,0.7815241714815527,100.88837435772446
GA,533.5200000000001,894323.5586107363,0.12591638888888892,0.7741416591355227,49.21089909991256
