algorithm,makespan,energy,cost,reliability,load_balance
HEFT,423.41999999999996,754736.148906523,0.05626638888888891,0.81387767555751,86.17538547166188
GA,455.84999999999997,761695.5771196666,0.09924805555555555,0.8054752524922631,40.3460746369318
