algorithm,makespan,energy,cost,reliability,load_balance
HEFT,81.22,3616.4399999999996,0.1769008333333333,0.9820803020395025,10.064688010965094
GA,110.1,3616.44,0.13821611111111107,0.9820803020395025,33.104212034656314
