algorithm,makespan,energy,cost,reliability,load_balance
HEFT,414.36,232681.59448305817,0.04790194444444444,0.9155444164386819,75.85802480150478
GA,430.8299999999999,234395.61388482698,0.05944416666666667,0.914338889491142,65.7996208060068
