algorithm,makespan,energy,cost,reliability,load_balance
HEFT,431.40000000000003,1434143.328511822,0.031803611111111116,0.7339998901698422,59.19723223568041
GA,461.46000000000004,1488174.5990551729,0.03665388888888889,0.7200138723535046,25.92662710909324
