algorithm,makespan,energy,cost,reliability,load_balance
HEFT,547.5699999999999,960741.7431013385,0.08105055555555553,0.7733116052840971,103.57425741511614
GA,511.28999999999996,850643.6962780418,0.1327252777777778,0.7823417605163135,33.947813636604714
