algorithm,makespan,energy,cost,reliability,load_balance
HEFT,525.87,495197.3350067507,0.05021222222222223,0.869322766306376,134.0920808437247
GA,542.9,473577.7616135569,0.06873388888888889,0.866957259862289,77.91470104115997
