algorithm,makespan,energy,cost,reliability,load_balance
HEFT,614.5099999999999,270616.58817594504,0.0618861111111111,0.9041771277560678,23.554326566471854
GA,580.06,272370.1169189394,0.06052222222222222,0.9054239426963131,17.45848504309583
