algorithm,makespan,energy,cost,reliability,load_balance
HEFT,501.3399999999999,465089.91596521315,0.03657361111111111,0.8785841391643511,122.82206617535519
GA,517.3399999999999,442639.14808443177,0.061423055555555564,0.8763378402574697,60.08629521710142
