algorithm,makespan,energy,cost,reliability,load_balance
HEFT,1018.5799999999999,335001.8509591784,0.10657305555555555,0.8753337821934447,31.78083004475079
GA,809.4099999999999,328352.41530250426,0.08152583333333333,0.8826882486542402,66.34965781122506
