algorithm,makespan,energy,cost,reliability,load_balance
HEFT,632.03,5037.559999999999,0.10635888888888888,0.9751267660248017,3.1926321429190283
GA,635.11,5037.5599999999995,0.09833777777777779,0.9751267660248017,3.6634637526071776
