algorithm,makespan,energy,cost,reliability,load_balance
HEFT,1106.9199999999998,413816.5975228562,0.10237833333333332,0.8516616120505959,75.45051419086992
GA,941.49,414238.14174340677,0.09540555555555556,0.8573159144625959,68.81683969058739
