algorithm,makespan,energy,cost,reliability,load_balance
HEFT,801.4,6264.419999999999,0.11976611111111114,0.9691633552793136,15.043473391031267
GA,789.11,6264.420000000001,0.12263083333333337,0.9691633552793136,6.262392380978214
