algorithm,makespan,energy,cost,reliability,load_balance
HEFT,378.15000000000003,1286653.9912468598,0.06811500000000002,0.7268991004556625,60.6495166053228
GA,379.51000000000005,1248725.573687123,0.08202472222222223,0.7262666827467391,33.881192296662945
