algorithm,makespan,energy,cost,reliability,load_balance
HEFT,404.51,696966.4641912438,0.04621444444444445,0.8368215777280903,70.6927129398952
GA,424.51,700408.2906174175,0.0561125,0.8314830212336729,37.519474404322516
