algorithm,makespan,energy,cost,reliability,load_balance
HEFT,66.02,2462.3999999999996,0.07776166666666667,0.9877634825739429,10.887892654302433
GA,73.65,2462.399999999999,0.07031666666666664,0.9877634825739429,24.733587715701958
