algorithm,makespan,energy,cost,reliability,load_balance
HEFT,329.67999999999995,4974.619999999999,0.16688777777777777,0.9754336867095065,13.430676972087843
GA,328.11,4974.619999999998,0.1673180555555556,0.9754336867095065,24.771232703336697
