algorithm,makespan,energy,cost,reliability,load_balance
HEFT,574.28,359772.7157135892,0.08073416666666666,0.8690105616440329,84.39940673454319
GA,615.4999999999999,363493.526661251,0.10482638888888887,0.8661496321090908,59.63196338494025
