algorithm,makespan,energy,cost,reliability,load_balance
HEFT,457.79999999999995,806038.8991917869,0.06585472222222223,0.8024382291197867,86.31151198250234
GA,435.28999999999996,732370.9680213191,0.08226527777777778,0.8082392199377729,40.35599276834295
