algorithm,makespan,energy,cost,reliability,load_balance
HEFT,544.38,958349.8106286051,0.09055833333333334,0.7647967245559483,98.88087575981628
GA,534.38,895547.1294397244,0.14721916666666665,0.7672479940139104,37.78628635086434
