algorithm,makespan,energy,cost,reliability,load_balance
HEFT,104.46,5116.500000000002,0.2210466666666667,0.9747419594368276,12.197863373022976
GA,145.92,5116.500000000002,0.17323805555555555,0.9747419594368276,40.21979499670048
