algorithm,makespan,energy,cost,reliability,load_balance
HEFT,251.41,3651.6200000000003,0.1170188888888889,0.9819075693066629,12.14010112631451
GA,256.35999999999996,3651.62,0.12154944444444446,0.9819075693066629,23.651863676191414
