algorithm,makespan,energy,cost,reliability,load_balance
HEFT,539.05,293700.77742324455,0.07973333333333332,0.8919735493828778,59.64451667708321
GA,439.12,269415.912484059,0.06689055555555556,0.8991329220406095,47.451486786130154
