algorithm,makespan,energy,cost,reliability,load_balance
HEFT,92.13,1193.0199999999998,0.034728055555555554,0.9940526558862497,12.705815246233849
GA,86.71,1193.0199999999998,0.03221083333333333,0.9940526558862497,8.769813383745074
