algorithm,makespan,energy,cost,reliability,load_balance
HEFT,330.39000000000004,170593.41590241838,0.0188275,0.9510993052158043,108.94992768633283
GA,334.39000000000004,161777.1072699543,0.02072194444444445,0.9507950021292259,84.34369262555613
