algorithm,makespan,energy,cost,reliability,load_balance
HEFT,213.53,108177.54456048331,0.007456944444444445,0.9725630234356207,75.21691677836081
GA,214.53,97428.60350533723,0.007456944444444445,0.9724852215058645,47.67887251108788
