algorithm,makespan,energy,cost,reliability,load_balance
HEFT,42.05,511.59999999999997,0.01889194444444444,0.9974452688941289,7.311642379500947
GA,42.05,511.59999999999997,0.018063888888888886,0.9974452688941289,9.518329685401739
