algorithm,makespan,energy,cost,reliability,load_balance
HEFT,296.51,504886.97187278676,0.01014027777777778,0.8962954294363029,52.727252164956724
GA,300.51,499950.5782503078,0.010140277777777778,0.8951489052186625,41.479454357189404
