algorithm,makespan,energy,cost,reliability,load_balance
HEFT,54.16,603.8,0.008386111111111113,0.9969855525979165,15.931033001660634
GA,54.16,603.8,0.011527777777777777,0.9969855525979165,16.8410632829403
