algorithm,makespan,energy,cost,reliability,load_balance
HEFT,281.64,273834.20512001135,0.027163888888888887,0.9216733521787103,75.10491310770998
GA,294.91999999999996,264102.86040282104,0.03658638888888889,0.919717059741105,45.477456535262235
