algorithm,makespan,energy,cost,reliability,load_balance
HEFT,401.41999999999996,691810.7209157491,0.04293833333333333,0.8374390450177643,70.0356746356697
GA,355.68,595501.9963731444,0.04909583333333333,0.8497866168613355,38.997864363310896
