algorithm,makespan,energy,cost,reliability,load_balance
HEFT,367.72999999999996,214221.40331221276,0.039765555555555554,0.9235676759527094,85.20293589844357
GA,385.15,207372.16668830323,0.05322444444444445,0.9222814884631054,36.437102754511876
