algorithm,makespan,energy,cost,reliability,load_balance
HEFT,93.32,4237.0599999999995,0.21379055555555557,0.9790375321055618,12.73326070278151
GA,126.49000000000001,4237.060000000001,0.1543466666666667,0.9790375321055618,35.32416516004352
