algorithm,makespan,energy,cost,reliability,load_balance
HEFT,413.5,743521.6898669892,0.06439388888888889,0.809957420484863,83.96081679963159
GA,456.04,773225.7615998597,0.11692305555555559,0.799006338664617,50.303867448158854
