algorithm,makespan,energy,cost,reliability,load_balance
HEFT,366.49999999999994,226886.22043656203,0.04838111111111111,0.9169847840936826,73.04039380223598
GA,381.96999999999997,227132.53766002567,0.05930416666666667,0.9158506256868719,62.1853525329145
