algorithm,makespan,energy,cost,reliability,load_balance
HEFT,621.6599999999999,215681.1066981951,0.055780277777777776,0.9192146636067857,75.60022811914429
GA,556.1999999999999,213258.61458108592,0.046552777777777776,0.9216246891104316,74.59414873165319
