algorithm,makespan,energy,cost,reliability,load_balance
HEFT,302.62,1006290.4046659176,0.019259166666666667,0.805720476480319,41.75474091393315
GA,318.08,1028333.3101106641,0.02040861111111111,0.7977876657170879,21.251235143842553
