algorithm,makespan,energy,cost,reliability,load_balance
HEFT,712.8899999999999,5485.300000000001,0.11024638888888891,0.9729461914705422,23.161993833289277
GA,693.9899999999999,5485.300000000001,0.11311722222222223,0.9729461914705422,6.101318846500833
