algorithm,makespan,energy,cost,reliability,load_balance
HEFT,1076.7900000000002,405835.6178734944,0.10804111111111112,0.8544558887950358,64.85036950550092
GA,909.02,407696.7537237905,0.09229527777777777,0.8602092546254609,70.67078527699182
