algorithm,makespan,energy,cost,reliability,load_balance
HEFT,438.72,447898.16721371264,0.06982083333333335,0.8603589440583688,107.67240524696506
GA,473.32000000000005,439960.7430068453,0.10151055555555555,0.8556091564867325,50.89261922584322
