algorithm,makespan,energy,cost,reliability,load_balance
HEFT,226.03,206794.9512454099,0.010253055555555555,0.9503459526440593,57.84289301994383
GA,229.03,196840.412304065,0.010253055555555557,0.9498898960491292,38.87632706738125
