algorithm,makespan,energy,cost,reliability,load_balance
HEFT,1151.9199999999998,425730.22524133616,0.11376361111111112,0.8472834403422844,67.31108427790058
GA,942.0900000000001,426799.3805262768,0.0950055555555556,0.8544247871667366,55.158124817050584
