algorithm,makespan,energy,cost,reliability,load_balance
HEFT,731.0400000000001,226772.61751750932,0.0634713888888889,0.9143981405708952,85.25940979348456
GA,611.21,216741.58232031547,0.056503611111111116,0.9187915545828322,58.98818546963447
