algorithm,makespan,energy,cost,reliability,load_balance
HEFT,88.69,1932.72,0.07027305555555556,0.9903829425389984,14.674459217747456
GA,97.05,1932.72,0.06782527777777779,0.9903829425389984,31.052888969197912
