algorithm,makespan,energy,cost,reliability,load_balance
HEFT,292.35,287565.9421925774,0.027776666666666668,0.9211009864875264,84.84210271635973
GA,300.49,269106.1053612433,0.035722500000000004,0.9199021254305089,49.86976311687608
