algorithm,makespan,energy,cost,reliability,load_balance
HEFT,369.19,688605.2246539722,0.06572638888888886,0.8231213835955739,89.2816308405282
GA,404.75,691484.5363063618,0.116305,0.8138080106101845,45.18372072381357
