algorithm,makespan,energy,cost,reliability,load_balance
HEFT,589.13,1057526.1353351553,0.11124694444444443,0.7326825163865429,111.2719621376549
GA,640.13,1084105.23960758,0.20505027777777773,0.7208221812948041,53.94977517872227
