algorithm,makespan,energy,cost,reliability,load_balance
HEFT,449.07000000000005,416181.1912842096,0.04000555555555556,0.8885791079092237,107.0722334824331
GA,467.07000000000005,399683.18151454814,0.06916916666666667,0.8860236816585564,50.26473113675234
