algorithm,makespan,energy,cost,reliability,load_balance
HEFT,105.45,2476.74,0.06768416666666666,0.9876926624711734,12.402986854651854
GA,114.28999999999999,2476.74,0.07240527777777778,0.9876926624711734,29.454351850221833
