algorithm,makespan,energy,cost,reliability,load_balance
HEFT,568.8100000000001,4456.919999999998,0.08900333333333335,0.9779618674938968,14.837799702112196
GA,564.15,4456.919999999999,0.09480361111111113,0.9779618674938968,7.15874057824881
