algorithm,makespan,energy,cost,reliability,load_balance
HEFT,847.3199999999999,292132.8246707265,0.08381555555555556,0.8910474483599302,28.532023529127162
GA,674.46,290808.7134003499,0.06337694444444446,0.8972298560254812,69.85844997803297
