algorithm,makespan,energy,cost,reliability,load_balance
HEFT,360.03000000000003,5228.7,0.12111027777777778,0.9741952825547865,16.198729171935515
GA,348.8500000000001,5228.699999999998,0.11676750000000002,0.9741952825547865,15.498775009197175
