algorithm,makespan,energy,cost,reliability,load_balance
HEFT,602.5700000000002,397152.2661101615,0.10130333333333333,0.8540974343131069,23.737933137551366
GA,581.46,397787.1124926908,0.10264250000000001,0.8555410527084425,58.28066806105485
