algorithm,makespan,energy,cost,reliability,load_balance
HEFT,504.27000000000004,1715673.1983461243,0.06786333333333333,0.669077353484939,84.82146469959548
GA,537.2700000000001,1745832.7917248316,0.10463694444444448,0.6550946172254596,35.99145794786999
