algorithm,makespan,energy,cost,reliability,load_balance
HEFT,437.32000000000005,259720.19877892622,0.04958916666666667,0.9088918216249973,109.8335804020272
GA,459.46000000000004,252631.75464675928,0.07043861111111112,0.9072834172539298,65.42013395573045
