algorithm,makespan,energy,cost,reliability,load_balance
HEFT,500.57000000000005,887969.5032263222,0.06682888888888887,0.7859551101125236,99.78543794010824
GA,551.5699999999999,923596.287524702,0.12711916666666667,0.7732324222299576,56.6528771503736
