algorithm,makespan,energy,cost,reliability,load_balance
HEFT,92.63,4218.619999999999,0.1997213888888889,0.9791278035274705,12.580929977260903
GA,114.25,4218.619999999998,0.18027111111111113,0.9791278035274705,35.26634225244993
