algorithm,makespan,energy,cost,reliability,load_balance
HEFT,148.46,2250.66,0.0732113888888889,0.9888097815335699,5.970714093449323
GA,157.34,2250.66,0.08438472222222224,0.9888097815335699,23.992031377998345
