algorithm,makespan,energy,cost,reliability,load_balance
HEFT,373.13,217261.6544635918,0.0423138888888889,0.9239833749321436,96.04231923443213
GA,400.05,213637.18602674667,0.055128055555555555,0.9219956255127284,60.11895183419998
