algorithm,makespan,energy,cost,reliability,load_balance
HEFT,421.11,763368.1112773385,0.07334777777777779,0.800379250917504,85.44484104313787
GA,475.11,812520.0217633813,0.11488888888888889,0.7866675081098483,56.14950914314505
