algorithm,makespan,energy,cost,reliability,load_balance
HEFT,130.69,1877.6800000000003,0.06413666666666668,0.9906555334315715,10.379962840561067
GA,136.44,1877.6800000000005,0.048698888888888896,0.9906555334315715,21.509599850166566
