algorithm,makespan,energy,cost,reliability,load_balance
HEFT,493.94999999999993,254658.20485879135,0.0279725,0.924071342336619,151.35184178760426
GA,502.94999999999993,242674.68800079526,0.040001666666666665,0.9234062504319543,111.55485549239248
