algorithm,makespan,energy,cost,reliability,load_balance
HEFT,583.65,1018453.719061081,0.08545861111111112,0.7509102062092734,98.32482622572259
GA,641.19,1070035.959216457,0.19693111111111106,0.7372103600818607,53.52800081894883
