algorithm,makespan,energy,cost,reliability,load_balance
HEFT,117.77000000000001,5410.859999999999,0.20353666666666667,0.973308389443869,13.372936074551177
GA,132.11,5410.86,0.18572027777777778,0.973308389443869,34.618150374955974
