algorithm,makespan,energy,cost,reliability,load_balance
HEFT,456.84999999999997,816693.7662690161,0.06992305555555554,0.7967505781894875,92.1887662121899
GA,490.84999999999997,822647.7292451868,0.12179472222222223,0.7881289187744824,42.049868584620704
