algorithm,makespan,energy,cost,reliability,load_balance
HEFT,137.03,1946.56,0.08182750000000003,0.9903144104106136,8.989319058908587
GA,147.37,1946.5599999999997,0.08275416666666667,0.9903144104106136,26.38704227457105
