algorithm,makespan,energy,cost,reliability,load_balance
HEFT,318.07,177669.82701920957,0.02820888888888889,0.9398670968912264,89.40424198948439
GA,339.34000000000003,175929.40914716807,0.03741,0.9382691789333115,67.5106603222251
