algorithm,makespan,energy,cost,reliability,load_balance
HEFT,461.97999999999996,493010.9314256029,0.0921963888888889,0.8377214770791137,101.50967138652356
GA,551.22,527323.0265955518,0.15652583333333336,0.8258451440286954,63.41269219696217
