algorithm,makespan,energy,cost,reliability,load_balance
HEFT,177.79999999999998,5246.560000000001,0.17506361111111113,0.974108290800294,7.5089795134447685
GA,220.83,5246.560000000001,0.1884766666666667,0.974108290800294,57.79464127408353
