algorithm,makespan,energy,cost,reliability,load_balance
HEFT,476.15999999999997,495565.392641129,0.09327111111111111,0.8341770574958263,87.24507939324333
GA,514.96,502859.9595696754,0.12711111111111112,0.8290145273963196,49.24454919074801
