algorithm,makespan,energy,cost,reliability,load_balance
HEFT,303.36,100738.79436972574,0.019163333333333334,0.9630410893747808,81.13228662704715
GA,284.48,96079.42962598425,0.024179444444444448,0.9637686526988087,56.773635313115776
