algorithm,makespan,energy,cost,reliability,load_balance
HEFT,132.36,959.8799999999999,0.029688888888888886,0.9952120987171773,13.5460215561618
GA,127.25,959.8799999999999,0.0273525,0.9952120987171773,10.023134905474102
