algorithm,makespan,energy,cost,reliability,load_balance
HEFT,428.38000000000005,773451.6297679631,0.07501611111111112,0.8066595264878758,91.40954428665287
GA,455.38000000000005,766700.1394879002,0.1288013888888889,0.7997200100592822,42.24717283440397
