algorithm,makespan,energy,cost,reliability,load_balance
HEFT,109.52,4518.4400000000005,0.21983000000000005,0.9776610926849928,13.669537344390168
GA,125.08000000000001,4518.44,0.21338500000000002,0.9776610926849928,34.18928439348665
