algorithm,makespan,energy,cost,reliability,load_balance
HEFT,369.13,352070.55717497907,0.041684722222222234,0.8921826524887797,78.00722273984206
GA,399.97,355820.62307173037,0.08227166666666665,0.8877911101321881,40.9082293218614
