algorithm,makespan,energy,cost,reliability,load_balance
HEFT,111.15,5244.580000000001,0.2256575,0.9741179345201093,13.738451480889031
GA,125.17,5244.579999999999,0.2004366666666667,0.9741179345201093,31.82207669561768
