algorithm,makespan,energy,cost,reliability,load_balance
HEFT,545.8700000000001,983525.8695476947,0.10061277777777779,0.7572050427014764,112.47871695410261
GA,573.8700000000001,966057.9198598987,0.15347805555555558,0.7504507897588464,46.03495004565168
