algorithm,makespan,energy,cost,reliability,load_balance
HEFT,110.33,5299.9,0.21503694444444446,0.9738485307596787,10.941572499881419
GA,138.69,5299.900000000001,0.17855444444444446,0.9738485307596787,35.50280119428788
