algorithm,makespan,energy,cost,reliability,load_balance
HEFT,538.24,976656.5445897739,0.09184638888888892,0.7561732215607835,113.14683280672752
GA,600.24,1011313.8893775822,0.15935527777777778,0.7413185900500112,51.13250433921655
