algorithm,makespan,energy,cost,reliability,load_balance
HEFT,855.7900000000001,298072.51916942245,0.07577694444444445,0.8892034651232029,39.090334269910414
GA,732.49,295705.5608677252,0.07237388888888889,0.8935998491845905,61.62483725468707
