algorithm,makespan,energy,cost,reliability,load_balance
HEFT,580.0400000000001,4495.200000000001,0.10167972222222224,0.9777747035046236,17.287081882145415
GA,567.7,4495.200000000002,0.1230488888888889,0.9777747035046236,5.144602349388505
