algorithm,makespan,energy,cost,reliability,load_balance
HEFT,415.5199999999999,418544.3158211397,0.052957222222222225,0.875864044879276,111.77609138921434
GA,457.7699999999999,417702.4053345566,0.09217972222222222,0.8699631713596845,65.93803095520823
