algorithm,makespan,energy,cost,reliability,load_balance
HEFT,147.22,3432.0600000000004,0.13667527777777777,0.982986099333062,13.665692429706345
GA,135.14,3432.060000000001,0.1289563888888889,0.982986099333062,22.920126590328127
