algorithm,makespan,energy,cost,reliability,load_balance
HEFT,590.45,2000415.3276145314,0.10143027777777777,0.6102396073534542,91.18376924750122
GA,643.1900000000002,2095461.2693760793,0.18349611111111114,0.5899855700050639,41.43606801944058
