algorithm,makespan,energy,cost,reliability,load_balance
HEFT,470.86,1633591.0206643161,0.10125083333333336,0.6571679904202169,85.46635801388602
GA,485.89,1607469.0120603433,0.16751277777777776,0.6508768663861356,43.39362453829406
