algorithm,makespan,energy,cost,reliability,load_balance
HEFT,345.4100000000001,2572.4400000000005,0.05663055555555556,0.9872201645863152,18.141584826028872
GA,326.79,2572.44,0.056086111111111114,0.9872201645863152,3.9398857851465787
