algorithm,makespan,energy,cost,reliability,load_balance
HEFT,434.4,152996.38492173114,0.037533055555555556,0.9419713677853879,45.64819483469926
GA,397.15,150400.01362205716,0.035396111111111114,0.9433759512782306,17.311904141370476
