algorithm,makespan,energy,cost,reliability,load_balance
HEFT,233.17999999999995,78605.93357063211,0.013935555555555555,0.9720068764594142,76.92735073864603
GA,237.17999999999995,74694.48844759254,0.015925555555555554,0.9718513678002052,51.178262556805606
