algorithm,makespan,energy,cost,reliability,load_balance
HEFT,464.3,1587898.993581736,0.07664833333333335,0.6782126480668222,78.99255689268732
GA,518.6099999999999,1687234.1174678463,0.13831138888888891,0.6550440458730892,31.481866032509714
