algorithm,makespan,energy,cost,reliability,load_balance
HEFT,657.6000000000001,5122.139999999998,0.08871722222222223,0.9747144721011447,11.931365875987062
GA,650.85,5122.139999999999,0.09045916666666667,0.9747144721011447,8.166665476190401
