algorithm,makespan,energy,cost,reliability,load_balance
HEFT,1049.09,371651.303701303,0.08657194444444445,0.865086307128921,117.3751604897731
GA,996.0999999999997,365580.2963357092,0.0999511111111111,0.8669218887276627,14.92973431333143
