algorithm,makespan,energy,cost,reliability,load_balance
HEFT,430.91999999999996,3219.020000000001,0.06014777777777776,0.9840337339972355,20.51737211080728
GA,408.5,3219.0200000000004,0.07302194444444444,0.9840337339972355,5.530023357394916
