algorithm,makespan,energy,cost,reliability,load_balance
HEFT,589.3599999999999,214642.85996674353,0.055283055555555564,0.9195493186478609,27.340074829207396
GA,547.7999999999998,215678.23097845927,0.052759722222222215,0.9210792487607515,66.40624487450957
