algorithm,makespan,energy,cost,reliability,load_balance
HEFT,45.92,566.5400000000001,0.007868611111111113,0.9971713083089728,16.525500282391857
GA,45.92,566.5400000000001,0.010252777777777779,0.9971713083089728,18.046512855673807
