algorithm,makespan,energy,cost,reliability,load_balance
HEFT,174.6,157687.8315578465,0.008845833333333334,0.9606322668571222,41.312851425635905
GA,174.6,153329.13098510882,0.008623611111111111,0.9606322668571222,34.63233960115891
