algorithm,makespan,energy,cost,reliability,load_balance
HEFT,485.97999999999996,478752.35993250745,0.070425,0.8506249196809346,103.73835892924723
GA,469.2699999999999,441697.8463571078,0.10915333333333334,0.8529021933691381,48.468059241800326
