algorithm,makespan,energy,cost,reliability,load_balance
HEFT,165.74,4346.480000000001,0.15217916666666667,0.9785020471670085,14.8396287015545
GA,183.07,4346.4800000000005,0.16911305555555556,0.9785020471670085,28.56249860685627
