algorithm,makespan,energy,cost,reliability,load_balance
HEFT,52.64,1861.9199999999996,0.025860000000000005,0.9907336001633947,13.100542958459837
GA,63.47,1861.9199999999998,0.031061944444444448,0.9907336001633947,18.51738816669697
