algorithm,makespan,energy,cost,reliability,load_balance
HEFT,265.96000000000004,472096.19405173714,0.027722500000000004,0.8874026977332254,57.01929616702632
GA,278.78999999999996,467101.29534775275,0.03154638888888889,0.8837668460009914,33.890520035642574
