algorithm,makespan,energy,cost,reliability,load_balance
HEFT,160.67000000000002,53957.02439783408,0.007663611111111112,0.9829069721369781,74.81259402667442
GA,160.67000000000002,53957.02439783408,0.007663611111111112,0.9829069721369781,74.81259402667442
