algorithm,makespan,energy,cost,reliability,load_balance
HEFT,94.5,578.16,0.013853611111111112,0.9971133743389582,15.013094284656978
GA,76.49000000000001,578.1600000000001,0.014700277777777777,0.9971133743389582,4.558252589169087
