algorithm,makespan,energy,cost,reliability,load_balance
HEFT,623.4399999999999,4774.019999999999,0.09333416666666668,0.9764125375088909,18.184761706806402
GA,606.64,4774.019999999999,0.09878055555555557,0.9764125375088909,6.789007659444796
