algorithm,makespan,energy,cost,reliability,load_balance
HEFT,1031.95,349298.74983284075,0.10451972222222224,0.8707433559729929,14.68931896537981
GA,802.1999999999998,346464.4455871353,0.0828325,0.878782370105756,77.86438397410369
