algorithm,makespan,energy,cost,reliability,load_balance
HEFT,951.7600000000002,367678.90714045556,0.09140694444444449,0.8682399173820863,87.72063098268266
GA,868.97,366895.36731993046,0.0859113888888889,0.8711199468131877,66.71108728439864
