algorithm,makespan,energy,cost,reliability,load_balance
HEFT,692.28,5378.840000000001,0.10362055555555558,0.9734642285916099,14.576587392116199
GA,679.6099999999998,5378.840000000001,0.10085000000000001,0.9734642285916099,7.7668590820226475
