algorithm,makespan,energy,cost,reliability,load_balance
HEFT,525.23,945490.3084553435,0.08865055555555561,0.7688018615177242,110.1943296206495
GA,581.23,973244.0704196274,0.1999388888888889,0.7551476393819739,49.45708537153782
