algorithm,makespan,energy,cost,reliability,load_balance
HEFT,110.1,5305.220000000002,0.21410583333333333,0.9738226267332856,11.911030089896482
GA,132.19,5305.220000000001,0.19479833333333332,0.9738226267332856,30.984055614437384
