algorithm,makespan,energy,cost,reliability,load_balance
HEFT,327.92999999999995,98285.60552556947,0.01981666666666667,0.9646190716301076,91.75765236026183
GA,306.03,98293.79995425284,0.0170575,0.9654644481577146,102.51240266426299
