algorithm,makespan,energy,cost,reliability,load_balance
HEFT,518.15,500008.4499469267,0.07040305555555557,0.8523319630884737,118.913689287651
GA,467.73,435818.3835118551,0.10805166666666668,0.859235704993359,61.87680292322802
