algorithm,makespan,energy,cost,reliability,load_balance
HEFT,780.5599999999998,324779.06536332885,0.06890472222222221,0.8846797180362653,68.04569494097325
GA,769.2999999999998,323491.6850643442,0.07908944444444443,0.885078267527877,27.80621992768285
