algorithm,makespan,energy,cost,reliability,load_balance
HEFT,575.1800000000002,4505.880000000002,0.08392722222222222,0.9777224917295233,11.059724228026715
GA,575.87,4505.88,0.09614694444444444,0.9777224917295233,9.953038062153047
