algorithm,makespan,energy,cost,reliability,load_balance
HEFT,416.52,457488.82327379234,0.08172916666666666,0.846570327947965,92.2425357210544
GA,468.39,465378.4447789235,0.12852361111111107,0.8395735454903187,48.084424466244776
