algorithm,makespan,energy,cost,reliability,load_balance
HEFT,740.3599999999999,5901.959999999997,0.09750388888888892,0.9709213625652173,3.03416655222917
GA,743.6499999999999,5901.960000000001,0.10814583333333334,0.9709213625652173,4.551611436257096
