algorithm,makespan,energy,cost,reliability,load_balance
HEFT,973.3199999999999,424832.956406937,0.09572083333333332,0.8534642704619948,52.56521750803145
GA,938.98,427507.27837653627,0.09936861111111112,0.8546373945010395,79.26702020176272
