algorithm,makespan,energy,cost,reliability,load_balance
HEFT,305.88,281482.9437034131,0.03568777777777778,0.918452031971902,64.04312328423715
GA,232.16000000000003,216265.8635423846,0.03633638888888889,0.9293494999427123,36.44182176199941
