algorithm,makespan,energy,cost,reliability,load_balance
HEFT,695.49,5448.360000000001,0.11319833333333335,0.9731259112287155,11.986699573555137
GA,688.0400000000001,5448.360000000002,0.12115694444444443,0.9731259112287155,5.495176672925688
