algorithm,makespan,energy,cost,reliability,load_balance
HEFT,982.7100000000003,377464.4033336387,0.09699722222222223,0.8642873365623807,37.996565195641836
GA,826.19,380688.8019220761,0.08700277777777779,0.8697154411269408,46.26606928048528
