algorithm,makespan,energy,cost,reliability,load_balance
HEFT,198.8,1459.24,0.04813555555555555,0.9927303526501594,18.93119559527784
GA,189.71,1459.24,0.034306388888888886,0.9927303526501594,5.465958287436898
