algorithm,makespan,energy,cost,reliability,load_balance
HEFT,374.11,127265.50193793268,0.02461555555555556,0.9549082656749824,121.56506087276887
GA,385.11,121614.02588870712,0.027708333333333335,0.9544881984596498,81.37599538561726
