algorithm,makespan,energy,cost,reliability,load_balance
HEFT,347.36,1172133.1298652694,0.02926916666666667,0.7704143438245596,55.7698189394469
GA,368.27000000000004,1196305.3905286887,0.030107500000000002,0.7601730304274069,28.512613913104115
