algorithm,makespan,energy,cost,reliability,load_balance
HEFT,122.3,1697.4800000000002,0.06240555555555557,0.9915485162955633,12.778442505138992
GA,117.41999999999999,1697.4800000000002,0.06714833333333334,0.9915485162955633,9.860579162938219
