algorithm,makespan,energy,cost,reliability,load_balance
HEFT,389.1,210022.05882806482,0.035739166666666676,0.9316932960007678,112.72090843412452
GA,399.63,193180.12479043117,0.04084388888888889,0.9309087680577806,38.786257852676194
