algorithm,makespan,energy,cost,reliability,load_balance
HEFT,545.0600000000001,192081.33409165964,0.052535277777777785,0.9273056947299508,30.061911116893405
GA,457.81000000000006,190990.41886372078,0.04349944444444445,0.9305476455180772,41.33879332217297
