algorithm,makespan,energy,cost,reliability,load_balance
HEFT,117.27000000000001,5706.86,0.2992213888888889,0.9718689584691574,9.596826923310003
GA,151.45,5706.859999999998,0.2330205555555556,0.9718689584691574,48.116986906200296
