algorithm,makespan,energy,cost,reliability,load_balance
HEFT,510.07000000000005,945989.8612935479,0.10921972222222223,0.7507798595118961,108.50247259660316
GA,521.8100000000001,913334.001437305,0.20179388888888888,0.7479646211904272,60.04990170733407
