algorithm,makespan,energy,cost,reliability,load_balance
HEFT,306.69,298361.8932472529,0.03367166666666667,0.9139370344495313,80.48094958849993
GA,318.69,287779.68019078096,0.04024055555555555,0.9121839588345234,51.120929242988794
