algorithm,makespan,energy,cost,reliability,load_balance
HEFT,1110.83,378494.4482684119,0.10521750000000002,0.8612562498161653,73.44649135027935
GA,939.8200000000002,371729.9634078866,0.0938827777777778,0.8671677826414147,47.29036785294305
