algorithm,makespan,energy,cost,reliability,load_balance
HEFT,705.74,5567.200000000001,0.11464138888888892,0.9725478515707959,7.900510532026802
GA,712.83,5567.199999999999,0.10607194444444445,0.9725478515707959,16.633544420838327
