algorithm,makespan,energy,cost,reliability,load_balance
HEFT,583.94,585025.9128677604,0.09223916666666668,0.8219800124301473,135.9021274729232
GA,628.94,581382.5128629123,0.15907138888888891,0.8160830110207482,73.37160421443707
