algorithm,makespan,energy,cost,reliability,load_balance
HEFT,323.21,4884.04,0.12163083333333335,0.975875560681025,8.95673529489719
GA,323.62,4884.040000000001,0.1116525,0.975875560681025,21.399071909113914
