algorithm,makespan,energy,cost,reliability,load_balance
HEFT,508.67,321024.7913185366,0.08761611111111112,0.8809873604241585,53.34035453039819
GA,504.73,319322.55463317025,0.09113222222222223,0.8812650914082679,45.74379263119442
