algorithm,makespan,energy,cost,reliability,load_balance
HEFT,531.85,530269.1359781894,0.08912083333333337,0.8326792208472659,110.1762459709442
GA,514.8100000000001,500384.48311027366,0.12709388888888892,0.8349525350487261,73.28288870022796
