algorithm,makespan,energy,cost,reliability,load_balance
HEFT,252.28,127288.40859362614,0.011502222222222223,0.9674294273946819,87.40731838434844
GA,253.28,114844.98278584966,0.008979444444444444,0.9673520361361819,55.050898980592756
