algorithm,makespan,energy,cost,reliability,load_balance
HEFT,76.71,758.4599999999999,0.021124722222222222,0.9962148816884044,14.697761673611588
GA,69.47,758.4599999999999,0.011390277777777779,0.9962148816884044,12.242393483885644
