algorithm,makespan,energy,cost,reliability,load_balance
HEFT,456.46,128183.17587521361,0.021300833333333335,0.9566653836785884,144.24189151098466
GA,457.46,121255.17190574037,0.02048166666666667,0.9566271178285635,100.29675069512471
