algorithm,makespan,energy,cost,reliability,load_balance
HEFT,283.44,293451.783869602,0.04088861111111112,0.9081580969077727,76.37909189256791
GA,304.75,289092.8381296145,0.05388305555555556,0.9050669139040196,49.31703017214235
