algorithm,makespan,energy,cost,reliability,load_balance
HEFT,219.54999999999998,6147.180000000002,0.28267305555555555,0.9697316453877357,12.955773728985335
GA,234.65,6147.180000000002,0.2655352777777778,0.9697316453877357,38.88086701172356
