algorithm,makespan,energy,cost,reliability,load_balance
HEFT,455.64,505239.70331840933,0.09618305555555555,0.8287698384257012,91.43844242622099
GA,530.55,527574.5384223919,0.16061944444444445,0.8188958258365774,45.74087705032922
