algorithm,makespan,energy,cost,reliability,load_balance
HEFT,107.38,5736.14,0.2654211111111111,0.9717266872681436,7.8500040001530795
GA,161.34,5736.139999999999,0.22888611111111107,0.9717266872681436,45.21565474224786
