algorithm,makespan,energy,cost,reliability,load_balance
HEFT,590.94,1089287.5536095034,0.1145691666666667,0.7331363338880882,134.6668207480338
GA,627.94,1068130.5605471863,0.24518055555555554,0.7245071850625321,59.78346505727175
