algorithm,makespan,energy,cost,reliability,load_balance
HEFT,93.94,1723.7399999999993,0.05894472222222223,0.9914183345219941,16.417989612515495
GA,75.59,1723.7399999999996,0.04606055555555554,0.9914183345219941,19.647196481516986
