algorithm,makespan,energy,cost,reliability,load_balance
HEFT,262.80999999999995,262881.21376659937,0.02853083333333333,0.9233006187991496,74.23228668342367
GA,265.80999999999995,239833.83744027684,0.03561333333333334,0.922857540849341,33.2603980671208
