algorithm,makespan,energy,cost,reliability,load_balance
HEFT,560.01,220571.78480741417,0.057450833333333326,0.9188937298845433,35.583652028237225
GA,475.25,222617.13946344025,0.04854833333333333,0.922014434415339,26.20284510633655
