algorithm,makespan,energy,cost,reliability,load_balance
HEFT,105.14000000000001,5316.74,0.2426630555555555,0.9737665361654096,10.645940574023752
GA,131.58,5316.74,0.21865611111111113,0.9737665361654096,35.24173267127181
