algorithm,makespan,energy,cost,reliability,load_balance
HEFT,598.9300000000001,1062864.6282537195,0.09995111111111113,0.7371440141350658,110.06692340857465
GA,632.12,1066423.7042966527,0.18343666666666664,0.7293563836272815,55.96144009062069
