algorithm,makespan,energy,cost,reliability,load_balance
HEFT,382.53,207010.5296578046,0.044824444444444445,0.9259339270124658,74.37634050412613
GA,363.55999999999995,196487.9736219606,0.059760277777777766,0.9273401911434241,50.441602992966025
