algorithm,makespan,energy,cost,reliability,load_balance
HEFT,166.38,2346.96,0.07417694444444445,0.9883337842293088,12.538430068051923
GA,165.27999999999997,2346.9599999999996,0.06262944444444446,0.9883337842293088,23.569823321963433
