algorithm,makespan,energy,cost,reliability,load_balance
HEFT,696.1599999999999,260339.95851528383,0.06326222222222222,0.9041340899490946,63.29211219944127
GA,608.42,258300.82528516484,0.06056527777777779,0.9073128137128689,6.234281567804486
