algorithm,makespan,energy,cost,reliability,load_balance
HEFT,488.75,457451.81088491046,0.06140305555555555,0.8596912206179832,88.21254891595639
GA,527.26,473144.6521450518,0.10185388888888888,0.854410432950888,64.60970680104242
