algorithm,makespan,energy,cost,reliability,load_balance
HEFT,625.98,1122872.1188855872,0.10853805555555554,0.7241238772923786,122.6519105340854
GA,654.69,1110532.4947074188,0.2122236111111111,0.7175016727443988,62.12629033838797
