algorithm,makespan,energy,cost,reliability,load_balance
HEFT,137.18,6567.999999999995,0.2621627777777778,0.9676933781437204,14.278576553252664
GA,180.38000000000002,6567.999999999997,0.22985750000000005,0.9676933781437204,42.677627212816425
