algorithm,makespan,energy,cost,reliability,load_balance
HEFT,122.57,1688.56,0.06425000000000002,0.991592740345579,12.148544886410994
GA,117.48,1688.56,0.054208055555555565,0.991592740345579,11.978214748927677
