algorithm,makespan,energy,cost,reliability,load_balance
HEFT,436.29,223454.78567008185,0.038940277777777775,0.9287690237347991,116.3342769780257
GA,445.29,222910.56650721998,0.04940305555555556,0.9281005507168745,107.36210105459534
