algorithm,makespan,energy,cost,reliability,load_balance
HEFT,463.13000000000005,1610213.0823095026,0.0976052777777778,0.6674003421526175,87.27743025842868
GA,504.15000000000003,1652402.6133293668,0.16308305555555563,0.6501072042997095,36.38649392908568
