algorithm,makespan,energy,cost,reliability,load_balance
HEFT,566.66,581198.8720749656,0.10295055555555555,0.8163464851391405,124.47118184376386
GA,637.6600000000001,601607.9671455007,0.16671777777777777,0.8071252647657011,77.9462213938773
