algorithm,makespan,energy,cost,reliability,load_balance
HEFT,427.11999999999995,395163.6686879565,0.03345944444444445,0.9013727499411501,109.28566731087537
GA,436.11999999999995,365783.3786801797,0.041234999999999994,0.9000757072760827,40.35549164921671
