algorithm,makespan,energy,cost,reliability,load_balance
HEFT,73.63,1672.0200000000002,0.049774722222222234,0.9916747484561942,11.797766155082071
GA,77.85,1672.0200000000002,0.03914166666666667,0.9916747484561942,21.480566556386105
