algorithm,makespan,energy,cost,reliability,load_balance
HEFT,340.88000000000005,384094.4121685051,0.07810722222222223,0.8638238571513396,57.84545834952531
GA,394.34000000000003,414273.9364000609,0.10266333333333333,0.8564665639358406,63.297906639951385
