algorithm,makespan,energy,cost,reliability,load_balance
HEFT,358.1,2793.880000000001,0.06963361111111112,0.9861277193093922,6.586058507686266
GA,355.0,2793.8800000000006,0.06193361111111113,0.9861277193093922,4.915543374507713
