algorithm,makespan,energy,cost,reliability,load_balance
HEFT,681.16,213263.44073345468,0.05834194444444444,0.9192999706857556,79.36163992551229
GA,564.68,203072.4845399164,0.047130000000000005,0.9235931667723374,32.507172926396855
