algorithm,makespan,energy,cost,reliability,load_balance
HEFT,375.99,1244303.5279661692,0.030268333333333328,0.7583978219096684,47.48765899834247
GA,397.99,1285703.2523932764,0.030882500000000004,0.7477944038141163,23.80526755766596
