algorithm,makespan,energy,cost,reliability,load_balance
HEFT,457.59,1517158.9007626916,0.026220555555555556,0.7245990583982443,60.88763555429671
GA,477.59,1544111.1207102325,0.025444444444444447,0.7153832971482635,32.6593406978988
