algorithm,makespan,energy,cost,reliability,load_balance
HEFT,205.42999999999995,78896.55026042933,0.015933888888888886,0.9709685504900953,48.844688895859804
GA,205.95999999999998,79189.66576034181,0.017247222222222223,0.9709479661750194,50.8041661677465
