algorithm,makespan,energy,cost,reliability,load_balance
HEFT,166.54,2307.039999999999,0.09050166666666666,0.988531075341639,13.565355031950215
GA,168.01,2307.04,0.07454000000000001,0.988531075341639,20.525430219956064
