algorithm,makespan,energy,cost,reliability,load_balance
HEFT,381.44999999999993,205680.25269366882,0.03344444444444444,0.9310815607597989,101.3559476635965
GA,388.65999999999997,194303.63255801986,0.04694416666666667,0.930544667770376,53.87074330217257
