algorithm,makespan,energy,cost,reliability,load_balance
HEFT,184.67000000000002,5093.94,0.20401944444444448,0.9748519165313156,13.058789106064415
GA,191.7,5093.9400000000005,0.18590527777777782,0.9748519165313156,38.18409738250554
