algorithm,makespan,energy,cost,reliability,load_balance
HEFT,560.7099999999999,547621.4674073942,0.09948000000000004,0.8266122146795113,103.03481675102189
GA,553.71,524318.9676003684,0.14337638888888893,0.8275385390047426,60.15997980039
