algorithm,makespan,energy,cost,reliability,load_balance
HEFT,369.88999999999993,738635.6172375571,0.07961055555555556,0.8041897742751629,106.1743281650057
GA,408.46,714950.3367281986,0.1464597222222222,0.7943251442369578,42.98316834867251
