algorithm,makespan,energy,cost,reliability,load_balance
HEFT,87.07,3818.3399999999992,0.17844750000000004,0.9810893922204769,14.385640938858936
GA,99.19,3818.3399999999992,0.1474358333333333,0.9810893922204769,28.291610760353016
