algorithm,makespan,energy,cost,reliability,load_balance
HEFT,465.9700000000001,817361.7455630191,0.05923694444444445,0.802563098222802,87.36530384383614
GA,504.9700000000001,840757.4424619287,0.10605805555555556,0.7926093513289354,46.717875693081275
