algorithm,makespan,energy,cost,reliability,load_balance
HEFT,571.8899999999999,327337.97760058753,0.06468027777777778,0.8890092842917386,151.1598648486807
GA,629.7899999999998,326073.1380460153,0.10045638888888887,0.8849009156143196,95.01796911825227
