algorithm,makespan,energy,cost,reliability,load_balance
HEFT,229.67000000000002,3544.1799999999994,0.08155500000000002,0.9824351917595967,7.6057880919731256
GA,238.73000000000002,3544.179999999999,0.07718555555555555,0.9824351917595967,16.538625299150894
