algorithm,makespan,energy,cost,reliability,load_balance
HEFT,66.89,2592.3000000000006,0.06812361111111111,0.987122138491048,12.56164823384282
GA,86.24000000000001,2592.2999999999997,0.06700583333333333,0.987122138491048,29.331643045867057
