algorithm,makespan,energy,cost,reliability,load_balance
HEFT,369.0499999999999,657629.3019103102,0.04946972222222222,0.8425913460682429,78.81864541093897
GA,382.93,636460.7297156138,0.051007222222222225,0.8388571912953552,33.98394307604648
