algorithm,makespan,energy,cost,reliability,load_balance
HEFT,485.50000000000006,865785.8316374872,0.07362888888888888,0.7861723781300156,96.75112409116095
GA,528.12,888663.6384912521,0.12091666666666666,0.7755230298734291,53.520157492897155
