algorithm,makespan,energy,cost,reliability,load_balance
HEFT,97.46000000000001,4573.640000000002,0.22935555555555556,0.9773912954571419,12.419831549816061
GA,129.69,4573.640000000002,0.21107944444444443,0.9773912954571419,39.269966233546356
