algorithm,makespan,energy,cost,reliability,load_balance
HEFT,178.35000000000002,95972.14460330812,0.008507500000000001,0.9738297356644082,67.8298983671655
GA,181.35000000000002,88346.55919492694,0.0087425,0.9735960445719016,49.19354049858289
