algorithm,makespan,energy,cost,reliability,load_balance
HEFT,208.62000000000003,107461.78381746718,0.00933777777777778,0.9708462161599581,72.80268009195424
GA,208.62000000000003,100758.59773751319,0.008956666666666668,0.9708462161599581,57.46728858353122
