algorithm,makespan,energy,cost,reliability,load_balance
HEFT,45.99,570.3199999999999,0.018588888888888894,0.9971524619493444,10.60006468982956
GA,43.97,570.32,0.013119722222222222,0.9971524619493444,9.520651238229451
