algorithm,makespan,energy,cost,reliability,load_balance
HEFT,426.42,785489.6615308851,0.09169444444444447,0.7960424224680555,94.37218704150058
GA,389.28999999999996,680689.7166893575,0.11779305555555557,0.8055570929353404,44.38045940860176
