algorithm,makespan,energy,cost,reliability,load_balance
HEFT,147.63,983.8799999999999,0.022390555555555556,0.9950926804305718,17.370997860418566
GA,125.22,983.88,0.02633833333333333,0.9950926804305718,3.9203273672828214
