algorithm,makespan,energy,cost,reliability,load_balance
HEFT,310.50000000000006,104037.97230273754,0.020848888888888892,0.9637925544577762,110.66534597605525
GA,314.50000000000006,97339.87243243246,0.02438055555555556,0.9636383599849497,70.32413336354267
