algorithm,makespan,energy,cost,reliability,load_balance
HEFT,290.33000000000004,153820.16064478355,0.019175555555555557,0.9518604890929313,89.56887581233626
GA,295.25,142585.2716680779,0.023631111111111113,0.9514859105263221,52.14103456697312
