algorithm,makespan,energy,cost,reliability,load_balance
HEFT,1006.8300000000002,389229.59772752103,0.1030077777777778,0.8605279351493638,31.84033605350296
GA,873.37,392144.70842827205,0.09019805555555556,0.8651340612110751,60.27239887931025
