algorithm,makespan,energy,cost,reliability,load_balance
HEFT,445.25000000000006,282744.35088152724,0.0571675,0.8962481062869707,74.70329117582439
GA,463.4100000000001,280703.9734360502,0.07015027777777778,0.8949469824033951,46.2138980139401
