algorithm,makespan,energy,cost,reliability,load_balance
HEFT,225.75,3389.340000000001,0.10184750000000001,0.983196087589827,11.582515070447466
GA,232.51,3389.3400000000006,0.09823694444444445,0.983196087589827,11.833580471933008
