algorithm,makespan,energy,cost,reliability,load_balance
HEFT,489.5000000000001,475424.6858018387,0.0623425,0.8607596204529486,118.3085503742932
GA,535.82,473164.5687730955,0.12152916666666667,0.8544039394562729,50.41009989740813
