algorithm,makespan,energy,cost,reliability,load_balance
HEFT,120.88999999999999,3061.5200000000004,0.11597416666666666,0.9848089657702052,11.889486392046823
GA,122.25,3061.5199999999995,0.10463666666666668,0.9848089657702052,16.745842270048207
