algorithm,makespan,energy,cost,reliability,load_balance
HEFT,666.8399999999999,619454.6233279345,0.06850083333333332,0.8417616338574426,164.40822663419246
GA,692.8399999999999,587793.3635471392,0.10838833333333334,0.8382671789662377,65.48987940895906
