algorithm,makespan,energy,cost,reliability,load_balance
HEFT,1098.7500000000002,427356.78559271904,0.11067888888888891,0.8483116490784778,58.12642965983717
GA,995.0999999999999,428465.4899708572,0.10268694444444444,0.8518360502106018,63.949353593292784
