algorithm,makespan,energy,cost,reliability,load_balance
HEFT,175.79999999999998,300684.0778725825,0.006778611111111111,0.9361147629792247,32.254737772460054
GA,187.79999999999998,310187.36405750795,0.006778611111111111,0.9325269752504961,22.979283918680373
