algorithm,makespan,energy,cost,reliability,load_balance
HEFT,213.76000000000005,107594.33841691619,0.007301666666666669,0.9727626138453054,74.2422530350089
GA,215.76000000000005,100594.48887652949,0.008119444444444446,0.9726069842777875,56.310664239936465
