algorithm,makespan,energy,cost,reliability,load_balance
HEFT,54.46,613.0799999999999,0.01748722222222222,0.9969392935414945,14.204987806099256
GA,54.46,613.08,0.017042777777777778,0.9969392935414945,19.48170038779983
