algorithm,makespan,energy,cost,reliability,load_balance
HEFT,144.32999999999998,4057.06,0.15874027777777777,0.9799190625136371,10.808373123802367
GA,158.36999999999998,4057.0599999999995,0.14474805555555553,0.9799190625136371,28.199539646065148
