algorithm,makespan,energy,cost,reliability,load_balance
HEFT,550.1600000000001,528104.2454922205,0.08504444444444444,0.8392643035620208,111.64164741857465
GA,561.6100000000001,506195.8199818379,0.13446361111111113,0.8377281788777374,38.77091450645275
