algorithm,makespan,energy,cost,reliability,load_balance
HEFT,630.7300000000001,607115.7296783095,0.11534916666666666,0.8096522860197677,107.09263809120276
GA,684.46,624376.3749525173,0.18728694444444444,0.8027217003603859,58.34193551811596
