algorithm,makespan,energy,cost,reliability,load_balance
HEFT,201.10999999999999,5850.260000000001,0.19477722222222224,0.9711723781798108,10.592773932418892
GA,210.40999999999997,5850.260000000002,0.19616138888888887,0.9711723781798108,22.03138714614523
