algorithm,makespan,energy,cost,reliability,load_balance
HEFT,50.53,575.68,0.014156666666666668,0.9971257386214584,10.657662568714185
GA,49.42,575.68,0.012384444444444444,0.9971257386214584,11.078548125608725
