algorithm,makespan,energy,cost,reliability,load_balance
HEFT,200.75,102474.70734744708,0.007980555555555557,0.972824094385265,69.89590602153626
GA,202.75,92867.32517879162,0.007980555555555557,0.9726684549816477,43.98147426555218
