algorithm,makespan,energy,cost,reliability,load_balance
HEFT,173.16,85476.76796026796,0.008335555555555556,0.9750602646470816,50.58967031773525
GA,173.16,83880.75490875491,0.009596944444444446,0.9750602646470816,46.5242594168431
