algorithm,makespan,energy,cost,reliability,load_balance
HEFT,373.15999999999997,698288.6867027549,0.0664463888888889,0.8180043700780143,89.46139378595105
GA,430.40999999999997,733065.5690388234,0.1415077777777778,0.8031549658744233,44.53592342030413
