algorithm,makespan,energy,cost,reliability,load_balance
HEFT,557.62,306289.79738890287,0.08151555555555556,0.8867771219547287,51.02832630720201
GA,437.42999999999995,283381.7499028416,0.07121972222222223,0.8953447852276158,63.550979536117296
