algorithm,makespan,energy,cost,reliability,load_balance
HEFT,406.9699999999999,377729.1819790156,0.02460861111111111,0.9103719743227872,109.5072289527804
GA,410.9699999999999,349749.24488405476,0.033062499999999995,0.9097895226636326,59.90182951783136
