algorithm,makespan,energy,cost,reliability,load_balance
HEFT,58.31,1369.1800000000005,0.026334722222222225,0.9931774797910782,8.367526690526102
GA,73.68,1369.1800000000003,0.02653194444444445,0.9931774797910782,25.164838622901335
