algorithm,makespan,energy,cost,reliability,load_balance
HEFT,166.56,4533.04,0.15389250000000002,0.9775897260301414,10.652625028602106
GA,181.51,4533.04,0.15126305555555558,0.9775897260301414,36.89729375803416
