algorithm,makespan,energy,cost,reliability,load_balance
HEFT,472.63000000000005,491676.1731375494,0.08463916666666667,0.8406966379136556,104.03768913034995
GA,525.4900000000001,500206.44364307617,0.14483638888888892,0.8336163453749069,54.771263386165074
