algorithm,makespan,energy,cost,reliability,load_balance
HEFT,362.86000000000007,647276.8964338865,0.048353611111111104,0.8423578121164137,76.62437545922401
GA,380.4100000000001,634439.5158381747,0.08290805555555557,0.8376403895648313,35.04022672172196
