algorithm,makespan,energy,cost,reliability,load_balance
HEFT,751.5000000000001,441849.9205854957,0.1057713888888889,0.8402411037968036,82.05849720952557
GA,729.3900000000001,433054.7448690002,0.12701250000000003,0.8417286374481292,48.19742250073429
