algorithm,makespan,energy,cost,reliability,load_balance
HEFT,349.0,5364.479999999999,0.16549055555555559,0.9735341258325036,7.2563725687937835
GA,358.34,5364.48,0.16472805555555556,0.9735341258325036,25.333811398997977
