algorithm,makespan,energy,cost,reliability,load_balance
HEFT,404.84999999999997,384829.3153760652,0.0406511111111111,0.8934826165750048,102.40636448116882
GA,430.32,385622.1889988845,0.06618416666666668,0.8898489052948722,76.83733185275243
