algorithm,makespan,energy,cost,reliability,load_balance
HEFT,92.95,1977.8000000000002,0.08641944444444445,0.9901597353801419,13.015471242589209
GA,86.13,1977.7999999999997,0.07820305555555555,0.9901597353801419,20.525538198384307
