algorithm,makespan,energy,cost,reliability,load_balance
HEFT,201.27,5868.260000000002,0.2219127777777778,0.9710849765989048,9.657321035532233
GA,222.34,5868.260000000002,0.21494111111111114,0.9710849765989048,26.72577325822398
