algorithm,makespan,energy,cost,reliability,load_balance
HEFT,495.23999999999995,517344.39148695586,0.08974333333333333,0.8279341969811098,93.42160441603787
GA,579.93,552571.1542772403,0.13848500000000002,0.8167910251584646,54.70788777680966
