algorithm,makespan,energy,cost,reliability,load_balance
HEFT,501.68,179529.64373704355,0.043865,0.9332075951916013,84.0971201944514
GA,471.54,175790.09876150484,0.04403166666666667,0.9343333487362468,52.08644569367351
