algorithm,makespan,energy,cost,reliability,load_balance
HEFT,323.17,312370.2704149519,0.03152861111111112,0.9142635510706334,88.61149413544874
GA,331.06,293336.0434060292,0.0494838888888889,0.9131101129670746,50.409164638816755
