algorithm,makespan,energy,cost,reliability,load_balance
HEFT,362.93999999999994,1239937.018184824,0.05869833333333334,0.741673915047433,61.945190628202006
GA,395.2399999999999,1294877.7367169315,0.07557861111111111,0.726499415873747,34.67228050785064
