algorithm,makespan,energy,cost,reliability,load_balance
HEFT,215.31,3204.0,0.12376777777777777,0.9841076377057082,9.048892592072091
GA,225.3,3203.9999999999995,0.11177305555555553,0.9841076377057082,18.21390677476967
