algorithm,makespan,energy,cost,reliability,load_balance
HEFT,581.06,312657.2948060441,0.06447,0.8961495244173814,148.57267437664495
GA,603.65,296941.2139484801,0.09298638888888888,0.8945314655152562,57.6016396096004
