algorithm,makespan,energy,cost,reliability,load_balance
HEFT,408.25,142600.00095529697,0.03134861111111112,0.9490554994960263,124.90076497630696
GA,425.88,136749.1916737109,0.036091111111111115,0.9483864614883096,76.62056528765628
