algorithm,makespan,energy,cost,reliability,load_balance
HEFT,511.57000000000005,931519.8564028385,0.08295944444444443,0.7683963486392914,111.26661424327285
GA,539.62,916864.6907453394,0.14507444444444442,0.761530084905903,55.131246804271974
