algorithm,makespan,energy,cost,reliability,load_balance
HEFT,61.9,765.2,0.010627777777777778,0.9961813098125808,22.860092300776042
GA,61.9,765.2,0.011968055555555556,0.9961813098125808,23.86008843235917
