algorithm,makespan,energy,cost,reliability,load_balance
HEFT,206.49999999999997,191366.72043583533,0.0111825,0.9547642763655855,56.08062017830518
GA,210.49999999999997,182780.96432304036,0.009201944444444445,0.9541534227227276,39.50796678624873
