algorithm,makespan,energy,cost,reliability,load_balance
HEFT,651.1399999999999,418546.3857235003,0.10707972222222223,0.8469771180366672,45.1160889895643
GA,614.4199999999998,416234.7657628332,0.11142472222222222,0.8494688560915972,67.86582876739747
