algorithm,makespan,energy,cost,reliability,load_balance
HEFT,505.3499999999999,912142.7967745125,0.08047694444444445,0.7713498862445413,104.1487098392943
GA,540.0200000000001,911888.2904892412,0.14361638888888892,0.7628395180727929,47.93592598353758
