algorithm,makespan,energy,cost,reliability,load_balance
HEFT,634.5699999999999,218035.062183841,0.05451388888888888,0.9176008379223999,37.55566390927828
GA,528.73,214823.6540200102,0.04776611111111112,0.9214938276959582,30.169739116096615
