algorithm,makespan,energy,cost,reliability,load_balance
HEFT,411.15000000000003,3037.4000000000005,0.07226583333333335,0.984927740893473,21.93658815768762
GA,386.04,3037.4,0.0679761111111111,0.984927740893473,6.7410459129129565
