algorithm,makespan,energy,cost,reliability,load_balance
HEFT,364.56000000000006,211117.1186361642,0.04390611111111112,0.9273461261396394,100.58403720805521
GA,388.56000000000006,201034.26443792466,0.053942222222222225,0.9255673297684138,37.81664408224051
