algorithm,makespan,energy,cost,reliability,load_balance
HEFT,206.88,2748.5399999999995,0.0903013888888889,0.9863512998052513,17.48980269226287
GA,185.19999999999996,2748.54,0.08952055555555556,0.9863512998052513,13.226472305299591
