algorithm,makespan,energy,cost,reliability,load_balance
HEFT,536.23,297003.4745538295,0.06008944444444445,0.9014769546539597,148.05329194969917
GA,558.17,281316.7681172403,0.0940161111111111,0.8998960700932976,70.70862727721821
