algorithm,makespan,energy,cost,reliability,load_balance
HEFT,133.46,6489.22,0.2257838888888889,0.9680746276475315,12.796270086435344
GA,166.78,6489.220000000003,0.19245611111111113,0.9680746276475315,46.344755130704925
