algorithm,makespan,energy,cost,reliability,load_balance
HEFT,550.07,1006756.0521751777,0.10318472222222219,0.7443975838408535,116.30269567889397
GA,586.07,999973.8334328666,0.20231444444444446,0.7358713291951132,53.15310117117253
