algorithm,makespan,energy,cost,reliability,load_balance
HEFT,53.65,1081.8999999999999,0.028440000000000003,0.994605104998012,12.965587514005422
GA,53.65,1081.8999999999999,0.01998666666666667,0.994605104998012,17.655541705557116
