algorithm,makespan,energy,cost,reliability,load_balance
HEFT,325.23,297797.38913999323,0.021743611111111113,0.9277713190506315,82.37548985944382
GA,329.23,283720.0045864593,0.025504166666666668,0.9271777353734768,55.622550788776316
