algorithm,makespan,energy,cost,reliability,load_balance
HEFT,746.0499999999998,275675.1260505328,0.06678583333333334,0.898290649416675,48.17567807860453
GA,626.5399999999997,277179.1725508347,0.058031388888888875,0.9025951183816455,70.71836035759496
