algorithm,makespan,energy,cost,reliability,load_balance
HEFT,524.4100000000001,327935.05892336153,0.07345194444444444,0.8829901796625395,112.19376707127213
GA,580.09,330155.60456136113,0.09390111111111113,0.8790657352178797,73.28345514653553
