algorithm,makespan,energy,cost,reliability,load_balance
HEFT,451.19999999999993,467964.3138962766,0.07953111111111112,0.8462906673140919,93.98031329086957
GA,509.02,483831.6325291737,0.1309125,0.8384975664408069,51.42626935315581
