algorithm,makespan,energy,cost,reliability,load_balance
HEFT,836.1300000000001,466553.60823077755,0.12483194444444447,0.8334816438576701,97.67537764561902
GA,772.4900000000001,449287.7455112688,0.12916972222222223,0.8377358860124359,81.04838395101676
