algorithm,makespan,energy,cost,reliability,load_balance
HEFT,564.77,190997.7683481771,0.05384583333333333,0.9272982763140667,35.09390865948107
GA,439.46000000000004,189361.31463614435,0.04126888888888889,0.9319579344737164,54.29550894564548
