algorithm,makespan,energy,cost,reliability,load_balance
HEFT,165.04,548665.0625908871,0.0083425,0.889017107607863,22.707604015702064
GA,174.04,568428.521661687,0.008342500000000001,0.883911088520128,17.185340028057645
