algorithm,makespan,energy,cost,reliability,load_balance
HEFT,72.43,718.3399999999999,0.02144,0.9964147424390342,18.537654295668432
GA,64.75999999999999,718.3400000000001,0.01197027777777778,0.9964147424390342,14.568553156419771
