algorithm,makespan,energy,cost,reliability,load_balance
HEFT,146.51,78734.75598935227,0.007588333333333334,0.977606540718035,53.67249435232164
GA,153.51,73989.89134258353,0.007588333333333333,0.9770592343153286,37.781680651569
