algorithm,makespan,energy,cost,reliability,load_balance
HEFT,462.05,501477.1922086355,0.10338666666666668,0.8294609889945472,85.60084956743516
GA,562.15,546162.0402027929,0.15815777777777779,0.8162821595705724,53.483806957495716
