algorithm,makespan,energy,cost,reliability,load_balance
HEFT,345.36999999999995,597881.879896922,0.02996416666666667,0.8622634746284671,64.43136392830196
GA,318.38,529273.8111062252,0.036400277777777774,0.8697429245691166,33.85192212939819
