algorithm,makespan,energy,cost,reliability,load_balance
HEFT,661.01,218848.76638780045,0.06128888888888889,0.9172602877013945,62.384235388437624
GA,551.43,215392.2115409028,0.05014777777777778,0.9212896472877655,78.56795418616932
