algorithm,makespan,energy,cost,reliability,load_balance
HEFT,390.2700000000001,2940.76,0.06578833333333334,0.9854037729779622,15.38474677508001
GA,377.67,2940.7599999999998,0.06822972222222222,0.9854037729779622,8.508852253192948
