algorithm,makespan,energy,cost,reliability,load_balance
HEFT,94.93,4267.84,0.18915083333333332,0.9788868698231308,12.076197329270661
GA,124.59,4267.840000000001,0.12369027777777777,0.9788868698231308,37.00424945083139
