algorithm,makespan,energy,cost,reliability,load_balance
HEFT,436.25999999999993,804946.7988355567,0.07568777777777778,0.7951001479480072,99.903528496487
GA,465.86999999999995,798863.070083929,0.12497805555555556,0.7876019943767655,54.48040085219756
