algorithm,makespan,energy,cost,reliability,load_balance
HEFT,123.95000000000002,3475.399999999999,0.1458477777777778,0.9827731093236376,7.510851593971667
GA,146.12,3475.3999999999987,0.10376138888888892,0.9827731093236376,36.60935415527931
