algorithm,makespan,energy,cost,reliability,load_balance
HEFT,559.89,525988.2490131991,0.07752611111111109,0.8462124736690341,116.36509653528702
GA,508.08,466843.9746890254,0.08923611111111111,0.8532563918863487,69.64194146968238
