algorithm,makespan,energy,cost,reliability,load_balance
HEFT,152.48000000000002,3941.860000000001,0.12756694444444444,0.9804836584816738,16.51254380513998
GA,156.05,3941.8600000000006,0.13230666666666668,0.9804836584816738,23.92541708971166
