algorithm,makespan,energy,cost,reliability,load_balance
HEFT,466.0,476774.4503433476,0.07415694444444446,0.8505704814281176,111.62321625301192
GA,520.34,485978.0446246685,0.11724722222222225,0.8432073368795768,65.87039299513351
