algorithm,makespan,energy,cost,reliability,load_balance
HEFT,264.48,2027.8399999999995,0.05077444444444446,0.9899120284037848,12.076950498090687
GA,265.98,2027.8399999999995,0.05958861111111111,0.9899120284037848,11.754298504518811
