algorithm,makespan,energy,cost,reliability,load_balance
HEFT,314.76,128615.60245901639,0.028782777777777782,0.9527171680653467,44.35684041573147
GA,306.02000000000004,127638.59110515653,0.028826388888888894,0.9530502962147099,28.999818821273127
