algorithm,makespan,energy,cost,reliability,load_balance
HEFT,333.75,174275.41141573034,0.020029722222222227,0.9480181797116184,107.21816237399867
GA,344.75,159545.63747643217,0.026908888888888895,0.9471842906784604,52.10640212926951
