algorithm,makespan,energy,cost,reliability,load_balance
HEFT,349.59999999999997,1169010.824713959,0.02711166666666667,0.7722646321010342,51.032027454249445
GA,370.59999999999997,1199616.0990825687,0.031914722222222226,0.761954832489868,24.883823088265498
