algorithm,makespan,energy,cost,reliability,load_balance
HEFT,149.69,138617.72209232414,0.007985,0.9651721497790203,39.22203562199868
GA,149.69,138249.73759102143,0.007985,0.9651721497790203,38.75107325395431
