algorithm,makespan,energy,cost,reliability,load_balance
HEFT,711.25,1223453.7711212654,0.05645611111111112,0.7477354799367271,130.75578529381562
GA,745.25,1213474.773552499,0.10533611111111116,0.7396442142169342,50.5706595483711
