algorithm,makespan,energy,cost,reliability,load_balance
HEFT,85.87,3355.199999999999,0.16249972222222223,0.9833639334872184,12.062540523080857
GA,97.14,3355.199999999999,0.12331333333333334,0.9833639334872184,27.150445965564405
