algorithm,makespan,energy,cost,reliability,load_balance
HEFT,105.24,5111.380000000002,0.3278627777777777,0.9747669131503953,12.340138542740608
GA,135.58,5111.380000000003,0.2951977777777778,0.9747669131503953,39.97900255209582
