algorithm,makespan,energy,cost,reliability,load_balance
HEFT,739.5,1265362.6490331306,0.08876694444444444,0.7138585824894728,115.08698274951472
GA,678.31,1125248.6952573308,0.1609472222222222,0.7279742516671602,48.859825554598594
