algorithm,makespan,energy,cost,reliability,load_balance
HEFT,438.5800000000001,458012.365611747,0.08380583333333334,0.8461661024960587,83.02648276052248
GA,485.6200000000001,474459.52747003845,0.13459500000000002,0.8398214241860428,58.26704774498762
