algorithm,makespan,energy,cost,reliability,load_balance
HEFT,526.3399999999999,1806987.590188851,0.0968836111111111,0.6369108411523752,90.70320870260551
GA,522.6199999999999,1715822.5178906273,0.1387483333333333,0.6384290049881145,39.74260429227731
