algorithm,makespan,energy,cost,reliability,load_balance
HEFT,500.97,896382.411940835,0.07989472222222224,0.7743677415064101,97.93387112129501
GA,543.47,918751.3023533958,0.14837472222222223,0.7639076302034681,53.7718808566981
