algorithm,makespan,energy,cost,reliability,load_balance
HEFT,343.14,1137732.0090050707,0.020092222222222223,0.7837612759197997,45.51772364092243
GA,372.14,1203411.7193260603,0.023718888888888897,0.7693488278798188,25.544948254486734
