algorithm,makespan,energy,cost,reliability,load_balance
HEFT,234.77,121170.10865953912,0.010839722222222223,0.9676326089077469,83.17320987596564
GA,235.77,108785.64291470501,0.009806388888888889,0.9675552013953761,51.485318417001174
