algorithm,makespan,energy,cost,reliability,load_balance
HEFT,717.4299999999998,300403.24720181763,0.06939083333333332,0.8927216935849065,29.532820725423505
GA,687.97,302602.43307120947,0.06550500000000001,0.8937742969006945,63.38683590988494
