algorithm,makespan,energy,cost,reliability,load_balance
HEFT,884.5300000000001,500850.1422902559,0.12316222222222223,0.8217235946695198,98.82616064874439
GA,807.5600000000001,479711.39306057757,0.1457725,0.8267990501516419,68.7796705845142
