algorithm,makespan,energy,cost,reliability,load_balance
HEFT,387.4200000000001,5783.680000000002,0.14577527777777785,0.9714957352843107,16.373776072034936
GA,390.76,5783.680000000002,0.1470341666666667,0.9714957352843107,23.123409288918836
