algorithm,makespan,energy,cost,reliability,load_balance
HEFT,941.79,354128.39531105664,0.0914486111111111,0.8715897813445158,44.908656923433576
GA,846.27,354412.1263899228,0.08148277777777778,0.8749263216486312,62.66054739626843
