algorithm,makespan,energy,cost,reliability,load_balance
HEFT,50.55,1114.4599999999998,0.0332075,0.9944431964666304,10.172659906992534
GA,54.3,1114.4599999999998,0.017986666666666665,0.9944431964666304,12.857513351474044
