algorithm,makespan,energy,cost,reliability,load_balance
HEFT,299.77,278034.90639490273,0.021953888888888887,0.9279442717431927,75.92533039934692
GA,306.32,269391.8252481065,0.023878888888888887,0.926972295550891,55.64561746370209
