algorithm,makespan,energy,cost,reliability,load_balance
HEFT,484.51000000000005,280070.2737198407,0.05101583333333334,0.9035324985306584,125.93030518618511
GA,519.5100000000001,269067.7422956248,0.08537305555555558,0.9010061460787553,40.198857748519615
