algorithm,makespan,energy,cost,reliability,load_balance
HEFT,350.58,612031.3966854927,0.035519722222222216,0.856136716548098,67.87325518386481
GA,357.58,596646.1216790648,0.034835000000000005,0.8542211165759752,40.689125616650706
