algorithm,makespan,energy,cost,reliability,load_balance
HEFT,623.5699999999999,406732.6318777363,0.10531444444444445,0.8515352348447882,55.15345889943283
GA,651.7299999999999,413729.764473018,0.1204352777777778,0.8496190554625873,73.46705539608504
