algorithm,makespan,energy,cost,reliability,load_balance
HEFT,517.5699999999999,1738751.9038970573,0.05807805555555555,0.6743389508787649,78.5435962046678
GA,544.97,1763146.7843734517,0.0777502777777778,0.662616823042048,32.46018552695663
