algorithm,makespan,energy,cost,reliability,load_balance
HEFT,554.85,983731.2769216904,0.07032694444444444,0.7678119750211579,111.56124108533393
GA,584.85,976085.7961186629,0.1337180555555556,0.7604762478894848,53.63316694332872
