algorithm,makespan,energy,cost,reliability,load_balance
HEFT,74.68,3243.36,0.1241925,0.98391398437872,9.835426422033049
GA,86.88999999999999,3243.359999999999,0.09216333333333335,0.98391398437872,25.127334300165185
