algorithm,makespan,energy,cost,reliability,load_balance
HEFT,618.9799999999998,1062088.7171798763,0.06331166666666665,0.7732246899443969,110.0865120140489
GA,646.9799999999999,1055286.0531701134,0.11480083333333332,0.7663275420876703,44.69001806350193
