algorithm,makespan,energy,cost,reliability,load_balance
HEFT,551.99,4312.46,0.08041083333333335,0.9786685045220282,12.026884814170861
GA,552.43,4312.46,0.09888305555555554,0.9786685045220282,16.551226288908836
