algorithm,makespan,energy,cost,reliability,load_balance
HEFT,699.2399999999999,293557.39561523934,0.07151361111111111,0.8950980622048013,27.180255548222238
GA,605.17,299864.94923740433,0.06194361111111111,0.8984724818449379,56.71559595913625
