algorithm,makespan,energy,cost,reliability,load_balance
HEFT,765.1100000000001,270792.5427585576,0.0603663888888889,0.8999659047378861,94.84978312222619
GA,752.4200000000002,268110.01758326474,0.06559138888888891,0.9004228433923503,60.4343331641874
