algorithm,makespan,energy,cost,reliability,load_balance
HEFT,295.64,100605.7620416723,0.02435388888888889,0.9640798074375728,94.63728594833363
GA,296.64,95234.6008967098,0.024090833333333336,0.9640412450165289,59.88080625988041
