algorithm,makespan,energy,cost,reliability,load_balance
HEFT,476.13000000000005,823377.1791107472,0.049916666666666665,0.8203695249899554,90.24477298720463
GA,502.88000000000005,818626.4036549478,0.0721736111111111,0.8133771319944938,31.01201972850413
