algorithm,makespan,energy,cost,reliability,load_balance
HEFT,345.47999999999996,1152672.2227046427,0.026388611111111116,0.7738688996778824,48.91113611856434
GA,368.47999999999996,1192840.6007924445,0.02646472222222223,0.762560979944951,24.678035569780132
