algorithm,makespan,energy,cost,reliability,load_balance
HEFT,449.78999999999996,820265.847684475,0.07335666666666667,0.7951545346581311,100.06974382365257
GA,466.53,793317.7871733864,0.11932861111111114,0.7909064391043675,49.707898345873666
