algorithm,makespan,energy,cost,reliability,load_balance
HEFT,92.5,4350.94,0.175465,0.9784802268146545,14.559365151299387
GA,120.31,4350.9400000000005,0.14291833333333337,0.9784802268146545,30.713674332912788
