algorithm,makespan,energy,cost,reliability,load_balance
HEFT,343.64000000000004,191113.00887556747,0.03500500000000001,0.9367582821322001,101.79077995539957
GA,354.66,181356.6314498393,0.03471472222222222,0.9359327999566804,63.47908720594525
