algorithm,makespan,energy,cost,reliability,load_balance
HEFT,578.8099999999998,590447.077607505,0.09112972222222221,0.8162681196381715,131.9783948969805
GA,652.39,609544.0232223057,0.15138444444444443,0.8067147038865331,79.82414254419942
