algorithm,makespan,energy,cost,reliability,load_balance
HEFT,363.6099999999999,655708.1159759081,0.062075000000000005,0.8308174361660989,75.31937094410256
GA,385.94999999999993,654722.5923824328,0.08837638888888888,0.8248992675843607,40.410025593255696
