algorithm,makespan,energy,cost,reliability,load_balance
HEFT,503.96,325449.25505992543,0.07311277777777779,0.8816254262250539,85.21287909867682
GA,538.87,324988.85890845663,0.08928194444444444,0.8791666577571257,48.31630950606342
