algorithm,makespan,energy,cost,reliability,load_balance
HEFT,231.98000000000002,209032.6173808087,0.007882222222222223,0.952762518481878,57.40626886499418
GA,235.98000000000002,206055.19510127977,0.00930527777777778,0.9521529455541932,48.84851357342753
