algorithm,makespan,energy,cost,reliability,load_balance
HEFT,692.0500000000001,413696.74611661007,0.10131722222222224,0.8492571948267481,71.22670535239676
GA,622.54,405677.7028785299,0.10231111111111112,0.8539928991848273,95.2732524955007
