algorithm,makespan,energy,cost,reliability,load_balance
HEFT,355.63,5479.379999999999,0.13981777777777776,0.9729749911040422,6.950478786180322
GA,371.09999999999997,5479.38,0.16608055555555554,0.9729749911040422,22.989143050890018
