algorithm,makespan,energy,cost,reliability,load_balance
HEFT,600.9400000000002,192905.7580790096,0.046804444444444454,0.9282572273129682,115.40000476603116
GA,562.6400000000001,186962.07311957914,0.04818444444444445,0.9296804072627001,85.16113530635127
