algorithm,makespan,energy,cost,reliability,load_balance
HEFT,358.05,5128.940000000002,0.11032249999999999,0.9746813323724719,15.79396126688932
GA,349.83000000000004,5128.940000000002,0.12653305555555555,0.9746813323724719,26.457090023281108
