algorithm,makespan,energy,cost,reliability,load_balance
HEFT,769.07,441249.5212919501,0.12206,0.8404864900237579,78.63495928293327
GA,677.51,416563.33081430534,0.11954277777777778,0.8466654878007099,16.12534008500728
