algorithm,makespan,energy,cost,reliability,load_balance
HEFT,146.56,3748.2599999999998,0.14930000000000004,0.9814332261797026,9.975608064173333
GA,152.07,3748.26,0.12535666666666667,0.9814332261797026,27.244817664710727
