algorithm,makespan,energy,cost,reliability,load_balance
HEFT,480.11,482774.6402907667,0.07269,0.8523786721598678,116.99198566390491
GA,528.1,481549.4323612952,0.11875888888888891,0.8458588307715551,53.81952201184375
