algorithm,makespan,energy,cost,reliability,load_balance
HEFT,434.2800000000001,472922.50660863967,0.08878305555555556,0.842920357948688,97.7724213309493
GA,493.1900000000001,483283.8442182527,0.15056000000000003,0.8350126537954985,48.98527914503158
