algorithm,makespan,energy,cost,reliability,load_balance
HEFT,181.5,4756.740000000002,0.1769005555555556,0.9764969031966769,13.346722053872751
GA,185.07,4756.74,0.17423722222222224,0.9764969031966769,28.346561512524467
