algorithm,makespan,energy,cost,reliability,load_balance
HEFT,349.11,329126.4463922546,0.03857138888888889,0.9060702838089024,82.66354932294323
GA,363.64000000000004,323330.42883071175,0.054476388888888894,0.9039662982335529,55.61433280489243
