algorithm,makespan,energy,cost,reliability,load_balance
HEFT,606.8200000000002,359512.6218812829,0.08126111111111112,0.8704024396305704,101.61764975176035
GA,663.3200000000002,362591.96054694575,0.09840583333333335,0.8664770985572875,35.419703530863835
