algorithm,makespan,energy,cost,reliability,load_balance
HEFT,723.69,452494.58610731113,0.11374527777777779,0.8357976003951681,62.047858947751
GA,694.62,454625.4475828511,0.12994888888888892,0.8377435932180403,103.6007847460626
