algorithm,makespan,energy,cost,reliability,load_balance
HEFT,362.5,5570.239999999998,0.1558766666666667,0.9725330689558002,11.94228740951367
GA,366.44,5570.240000000001,0.16271305555555557,0.9725330689558003,13.687491682972034
