algorithm,makespan,energy,cost,reliability,load_balance
HEFT,407.56000000000006,698208.8923839435,0.02245916666666667,0.8555851997657465,75.17447579657818
GA,414.56000000000006,678319.1723755307,0.019705555555555556,0.8536708338086034,39.97160901714309
