algorithm,makespan,energy,cost,reliability,load_balance
HEFT,54.7,1454.9400000000003,0.020207499999999996,0.9927516965821878,21.55011946817794
GA,54.7,1454.9400000000005,0.020207500000000003,0.9927516965821878,21.55011946817794
