algorithm,makespan,energy,cost,reliability,load_balance
HEFT,340.82000000000005,335799.4889384426,0.04193722222222223,0.902572373271252,91.39606664585371
GA,355.32000000000005,324030.7849262637,0.06572444444444445,0.9004808324906937,58.549546980883356
