algorithm,makespan,energy,cost,reliability,load_balance
HEFT,106.53999999999999,2440.4400000000005,0.10039916666666668,0.9878719449588055,15.386376170712412
GA,104.72999999999999,2440.4399999999996,0.10205527777777777,0.9878719449588055,21.787922304188008
