algorithm,makespan,energy,cost,reliability,load_balance
HEFT,462.7900000000001,279987.9376607101,0.060120555555555566,0.8985404089321769,89.9828100944842
GA,474.3900000000001,273095.6709247666,0.08338500000000001,0.897706950217345,43.05406466210329
