algorithm,makespan,energy,cost,reliability,load_balance
HEFT,102.82000000000001,2410.359999999999,0.07692194444444445,0.9880205320727982,15.392052873696436
GA,102.58,2410.3599999999997,0.0736813888888889,0.9880205320727982,26.305826952724114
