algorithm,makespan,energy,cost,reliability,load_balance
HEFT,315.26000000000005,312054.9491847999,0.04067222222222222,0.9052870529453034,79.43486588604108
GA,335.26000000000005,314143.6738054048,0.05235555555555556,0.902394764505468,63.23444039182024
