algorithm,makespan,energy,cost,reliability,load_balance
HEFT,326.0,110579.87960122699,0.021588055555555558,0.9608067335178768,107.27069633253373
GA,326.0,111162.49009202454,0.0237425,0.9608067335178768,110.18214779022355
