algorithm,makespan,energy,cost,reliability,load_balance
HEFT,496.3500000000001,165772.96909438906,0.03628861111111112,0.9422445790957709,167.94029700561254
GA,498.3500000000001,164141.98874285142,0.03340972222222223,0.9421692025445455,158.97641216545307
