algorithm,makespan,energy,cost,reliability,load_balance
HEFT,388.7999999999999,716893.395036008,0.07463861111111111,0.8056344301283881,81.19379261727224
GA,422.12999999999994,728743.1555445003,0.12993472222222224,0.7970875155574865,44.31361945558083
