algorithm,makespan,energy,cost,reliability,load_balance
HEFT,270.79,4060.939999999999,0.10389916666666668,0.9799000522682243,10.970367147782383
GA,279.77,4060.9399999999987,0.11232111111111111,0.9799000522682243,32.15146316932669
