algorithm,makespan,energy,cost,reliability,load_balance
HEFT,593.6300000000001,336061.5018782744,0.08656805555555556,0.8779380903174794,85.52424046516208
GA,543.6600000000001,317920.4816981202,0.09616944444444446,0.8814547600635543,41.34677798813348
