algorithm,makespan,energy,cost,reliability,load_balance
HEFT,932.16,357073.10356591135,0.09435555555555557,0.8710067085807466,28.53800623729691
GA,779.57,360421.19055376685,0.07953916666666669,0.8763392423991359,44.98832367033312
