algorithm,makespan,energy,cost,reliability,load_balance
HEFT,535.8399999999999,512017.2565504628,0.06167944444444443,0.853961472824386,127.36777794867636
GA,575.84,501126.23028966377,0.11856388888888891,0.8485135712787472,44.49170701284303
