algorithm,makespan,energy,cost,reliability,load_balance
HEFT,367.59,5545.2000000000035,0.13671194444444443,0.972654837718599,14.455435952313168
GA,388.74,5545.200000000001,0.14071027777777775,0.972654837718599,43.77676944290367
