algorithm,makespan,energy,cost,reliability,load_balance
HEFT,829.6199999999999,468312.3448807887,0.1271447222222222,0.8311096029365633,68.4393140985919
GA,689.09,438095.2242522747,0.11839333333333335,0.8405059895365199,53.64213216173588
