algorithm,makespan,energy,cost,reliability,load_balance
HEFT,729.98,446851.5022055399,0.11704416666666667,0.8384341784208813,81.00474889077266
GA,738.94,444806.1785259967,0.13680111111111112,0.837833404145013,51.004863073464456
