algorithm,makespan,energy,cost,reliability,load_balance
HEFT,335.28999999999996,196543.29902472484,0.02952055555555556,0.9348125977464229,107.32005743003361
GA,342.28999999999996,181447.2705892664,0.041008888888888886,0.9342892492429427,58.231996957367485
