algorithm,makespan,energy,cost,reliability,load_balance
HEFT,271.68999999999994,3990.88,0.11398861111111117,0.9802433713853665,12.776681885372255
GA,261.14,3990.879999999999,0.11853527777777781,0.9802433713853665,9.189136443182706
