algorithm,makespan,energy,cost,reliability,load_balance
HEFT,469.28,319798.7191868394,0.07120500000000002,0.8829799370358627,65.18742604433554
GA,507.32,322990.6953402191,0.08368972222222223,0.8802969370149268,52.08689689904195
