algorithm,makespan,energy,cost,reliability,load_balance
HEFT,460.49,441518.822059111,0.0566275,0.8758360176782776,115.82598736718515
GA,470.49,416494.1188760654,0.09859638888888889,0.87443580052243,59.53690532980364
