algorithm,makespan,energy,cost,reliability,load_balance
HEFT,111.76,2808.5599999999995,0.08998361111111111,0.986055340191141,10.806455786550309
GA,127.15,2808.5600000000004,0.08537666666666667,0.986055340191141,28.043870512704437
