algorithm,makespan,energy,cost,reliability,load_balance
HEFT,542.61,990517.6046515914,0.09973833333333333,0.7439850041980167,109.64189713084872
GA,590.61,1008220.2436802627,0.19174916666666666,0.7326447109440862,51.541014172554696
