algorithm,makespan,energy,cost,reliability,load_balance
HEFT,350.21000000000004,2707.1999999999994,0.06588500000000001,0.9865551996912483,8.510319226288372
GA,343.26000000000005,2707.2000000000003,0.06615000000000001,0.9865551996912483,5.771314119562946
