algorithm,makespan,energy,cost,reliability,load_balance
HEFT,442.3299999999999,170385.36034182625,0.042761388888888884,0.9363604317233601,21.82745747905608
GA,396.96,170801.13034058845,0.038141944444444444,0.9380612815191441,25.38431865016937
