algorithm,makespan,energy,cost,reliability,load_balance
HEFT,473.46999999999997,1626528.0613766448,0.0989386111111111,0.6527522659621756,77.5132319112638
GA,504.46999999999986,1668145.0185739482,0.14965805555555553,0.6399292855891388,44.10939748768045
