algorithm,makespan,energy,cost,reliability,load_balance
HEFT,1029.21,358275.56677451637,0.09616361111111112,0.868478542496972,61.19016832792666
GA,877.9399999999999,353839.31341549533,0.09233694444444444,0.8737494630232248,49.36523236719002
