algorithm,makespan,energy,cost,reliability,load_balance
HEFT,636.38,4983.059999999999,0.09643583333333332,0.9753925242764607,11.659212023117204
GA,637.71,4983.06,0.10237166666666668,0.9753925242764608,19.642364716771382
