algorithm,makespan,energy,cost,reliability,load_balance
HEFT,143.84,4077.439999999999,0.16417138888888894,0.9798192138485429,7.921099250314525
GA,170.05,4077.4399999999996,0.15507333333333334,0.9798192138485429,40.733783358125066
