algorithm,makespan,energy,cost,reliability,load_balance
HEFT,671.14,618162.6240575736,0.08407000000000002,0.8204049657189492,122.43221791226631
GA,665.2400000000001,586607.5097558778,0.14430250000000003,0.82117979366784,52.620033285020526
