algorithm,makespan,energy,cost,reliability,load_balance
HEFT,102.42999999999999,2875.8000000000006,0.08321777777777777,0.9857238841066586,7.55132648391438
GA,117.76999999999998,2875.8,0.08962055555555556,0.9857238841066586,26.842486689326428
