algorithm,makespan,energy,cost,reliability,load_balance
HEFT,361.41999999999996,354457.72472469695,0.04634111111111111,0.8923853794163321,86.96914868455748
GA,381.41999999999996,349384.7328666562,0.06990583333333332,0.8895343103456248,55.46303979152843
