algorithm,makespan,energy,cost,reliability,load_balance
HEFT,380.02,658116.3007736435,0.028974166666666665,0.8543321725396112,73.01304288033172
GA,379.62,630945.0861387702,0.04050583333333334,0.8544415340566841,45.55744447150426
