algorithm,makespan,energy,cost,reliability,load_balance
HEFT,60.28,1754.8600000000001,0.02437305555555555,0.9912640818303131,14.582439612783723
GA,63.199999999999996,1754.8600000000004,0.039283055555555564,0.9912640818303131,23.361854141558446
