algorithm,makespan,energy,cost,reliability,load_balance
HEFT,83.36,4290.580000000002,0.2554075,0.9787755767131651,9.55729664989176
GA,110.03,4290.580000000002,0.22012250000000003,0.9787755767131651,25.11081536482418
