algorithm,makespan,energy,cost,reliability,load_balance
HEFT,475.31,848369.1122635754,0.07038083333333334,0.791595777026114,96.31988277841486
GA,509.31,853169.6267695508,0.11838305555555553,0.7830298978530056,45.742911656722036
