algorithm,makespan,energy,cost,reliability,load_balance
HEFT,607.6800000000001,624343.7037750132,0.10625111111111112,0.8044513393179281,135.1235181216924
GA,676.8100000000001,641065.4585334142,0.17778500000000003,0.7956024918249478,84.9644782418904
