algorithm,makespan,energy,cost,reliability,load_balance
HEFT,215.3,6050.260000000002,0.1840502777777778,0.9702016912259985,17.319693403271696
GA,226.83,6050.26,0.2039263888888889,0.9702016912259985,42.60949463343431
