algorithm,makespan,energy,cost,reliability,load_balance
HEFT,650.54,654025.2306391613,0.11404333333333332,0.7922828635372913,121.53227458854977
GA,684.98,650935.648602879,0.18928611111111113,0.7879290746219908,62.006562287121426
