algorithm,makespan,energy,cost,reliability,load_balance
HEFT,1158.15,430711.5541855545,0.11836805555555557,0.8456511133514609,43.96884844220222
GA,978.7399999999999,431227.9539203466,0.10122916666666666,0.8517416720048876,40.30409449836736
