algorithm,makespan,energy,cost,reliability,load_balance
HEFT,749.49,5866.460000000001,0.11743166666666668,0.9710937164030232,13.952678058351474
GA,742.6599999999999,5866.46,0.11448527777777774,0.9710937164030232,8.707886750909474
