algorithm,makespan,energy,cost,reliability,load_balance
HEFT,531.86,301123.9890760727,0.0654177777777778,0.8909458747406235,88.3255195185077
GA,515.28,289271.0052204626,0.08948583333333335,0.892128409432514,43.18348557939381
