algorithm,makespan,energy,cost,reliability,load_balance
HEFT,96.25,2570.7200000000003,0.1173913888888889,0.9872286547162382,7.764472937682249
GA,103.0,2570.7200000000003,0.09679222222222224,0.9872286547162382,22.48950925802221
