algorithm,makespan,energy,cost,reliability,load_balance
HEFT,498.37,464585.2365712222,0.0422888888888889,0.8785426709716395,124.2802855226175
GA,509.3299999999999,434593.42616771045,0.07193722222222222,0.8770034085635535,52.59274889421544
