algorithm,makespan,energy,cost,reliability,load_balance
HEFT,351.44999999999993,635919.5429506331,0.04585833333333333,0.8428711328371711,78.67386023178321
GA,361.44999999999993,611997.5591368099,0.06395722222222221,0.8401782561127723,42.09773903854288
