algorithm,makespan,energy,cost,reliability,load_balance
HEFT,192.09,5370.58,0.22411083333333334,0.9735044334944762,11.852027938289718
GA,211.55999999999997,5370.580000000001,0.20679000000000006,0.9735044334944762,42.81447441675926
