algorithm,makespan,energy,cost,reliability,load_balance
HEFT,536.62,544489.1572248518,0.0913536111111111,0.828607084012441,118.47561743350401
GA,603.62,559893.7257049136,0.14896861111111112,0.8197718574966315,61.73666144399128
