algorithm,makespan,energy,cost,reliability,load_balance
HEFT,90.5,4141.42,0.2419566666666667,0.9795058198120815,11.536404226614058
GA,103.69999999999999,4141.42,0.1766305555555556,0.9795058198120815,28.281228526992386
