algorithm,makespan,energy,cost,reliability,load_balance
HEFT,643.5799999999999,1124173.0900121196,0.0874377777777778,0.7459723080826508,121.75934772644831
GA,668.5799999999999,1105419.9163450897,0.18603805555555558,0.7400283372026537,53.99665626501719
