algorithm,makespan,energy,cost,reliability,load_balance
HEFT,81.46000000000001,2869.3999999999996,0.11065249999999997,0.9857554277756461,10.028110148236372
GA,88.43,2869.4,0.08405805555555555,0.9857554277756461,27.552749167615715
