algorithm,makespan,energy,cost,reliability,load_balance
HEFT,464.14,812017.6423062007,0.04953305555555555,0.8148128695657403,91.62286064923094
GA,481.20000000000005,793692.8088944305,0.07197777777777777,0.8103767629621769,41.17167496416485
