algorithm,makespan,energy,cost,reliability,load_balance
HEFT,286.83000000000004,166743.64787504796,0.028737500000000003,0.9410400304237777,73.11421353901424
GA,308.83000000000004,170437.7330570217,0.032485,0.9393852565983505,68.75815104927044
