algorithm,makespan,energy,cost,reliability,load_balance
HEFT,142.75,1958.0600000000002,0.09515249999999999,0.9902574689690972,13.412698074692397
GA,142.14,1958.0600000000002,0.08970722222222223,0.9902574689690972,18.0470016801367
