algorithm,makespan,energy,cost,reliability,load_balance
HEFT,396.11,5967.540000000002,0.15108666666666667,0.9706030496406882,12.278104131804245
GA,382.2,5967.540000000003,0.13228111111111115,0.9706030496406882,8.765515937060245
