algorithm,makespan,energy,cost,reliability,load_balance
HEFT,815.3100000000001,481416.94534594205,0.12288861111111112,0.8261653036494472,66.55430241271303
GA,765.9699999999999,471287.1838975416,0.14007222222222224,0.8294327878003445,63.20679482856247
