algorithm,makespan,energy,cost,reliability,load_balance
HEFT,203.43,5957.4,0.21617027777777778,0.9706522604627887,11.757603426435736
GA,232.07,5957.4000000000015,0.2091963888888889,0.9706522604627887,35.528328392049815
