algorithm,makespan,energy,cost,reliability,load_balance
HEFT,491.51000000000005,526102.4906919493,0.10241861111111111,0.8209876600766286,83.14094858531908
GA,519.95,530053.5679199923,0.1518463888888889,0.8172603246932387,53.99139139714775
