algorithm,makespan,energy,cost,reliability,load_balance
HEFT,512.01,552357.7221148025,0.10031611111111112,0.8144648558488843,95.57086117989451
GA,555.2099999999999,554749.8133679149,0.15794055555555556,0.8088546858485972,36.58349026541892
