algorithm,makespan,energy,cost,reliability,load_balance
HEFT,297.19,184117.9196473636,0.04043888888888889,0.9324169435594141,62.26594574886018
GA,310.19,189823.49115058512,0.04511250000000001,0.9314477340144337,72.888386102118
