algorithm,makespan,energy,cost,reliability,load_balance
HEFT,490.35,1655514.694096054,0.06629444444444445,0.6712841226252937,74.90869663876188
GA,533.59,1734382.6910736708,0.10152000000000001,0.6529619636656505,34.12947058301353
