algorithm,makespan,energy,cost,reliability,load_balance
HEFT,336.19000000000005,140939.5211933728,0.029473611111111117,0.9491610403355322,66.85758714112661
GA,354.53000000000003,137422.4467040871,0.03212444444444445,0.9484649911384035,22.01079488947791
