algorithm,makespan,energy,cost,reliability,load_balance
HEFT,90.41999999999999,4245.72,0.19105222222222226,0.9789951406982023,10.548859267941662
GA,110.66999999999999,4245.719999999999,0.14696055555555554,0.9789951406982023,32.11329700853005
