algorithm,makespan,energy,cost,reliability,load_balance
HEFT,544.35,970895.373252503,0.0690477777777778,0.7750296440292453,115.97008719533123
GA,576.35,957417.7937190941,0.1607872222222223,0.7671338360059677,49.55641446286567
