algorithm,makespan,energy,cost,reliability,load_balance
HEFT,397.58000000000004,368409.4215000755,0.028913888888888892,0.9085730382918369,103.11564313914744
GA,416.58000000000004,351313.3446156801,0.03304083333333334,0.9058151703386443,47.971638079181744
