algorithm,makespan,energy,cost,reliability,load_balance
HEFT,75.1,1720.74,0.0708363888888889,0.991433205908547,14.300713603989601
GA,88.97,1720.7400000000002,0.06660083333333333,0.991433205908547,22.445444591646357
