algorithm,makespan,energy,cost,reliability,load_balance
HEFT,243.84,103193.72502460628,0.022996666666666665,0.9623152300767361,38.17594301389292
GA,234.75,102225.22517571885,0.02203,0.9626651915135257,21.74941435993162
