algorithm,makespan,energy,cost,reliability,load_balance
HEFT,232.19,3480.36,0.13312638888888892,0.9827487368527462,8.403116343697398
GA,233.51000000000002,3480.36,0.1303813888888889,0.9827487368527462,11.501380972983826
