algorithm,makespan,energy,cost,reliability,load_balance
HEFT,427.67999999999995,263968.5405443322,0.05577083333333333,0.9011611324643279,47.88687942880151
GA,418.5200000000001,261134.94963203673,0.06523416666666668,0.901821745361201,39.673988509925685
