algorithm,makespan,energy,cost,reliability,load_balance
HEFT,93.34,3935.3199999999997,0.17994944444444444,0.9805157208215226,13.771110231790646
GA,110.4,3935.319999999999,0.1754333333333333,0.9805157208215226,36.77563288089441
