algorithm,makespan,energy,cost,reliability,load_balance
HEFT,402.06,725053.7949808487,0.06547916666666666,0.8122301037193315,81.48914557579673
GA,432.19,736445.3759920406,0.1015672222222222,0.8044365375494613,47.98240559489891
