algorithm,makespan,energy,cost,reliability,load_balance
HEFT,1346.1100000000004,440098.0551663683,0.1333152777777778,0.839664896061449,73.03159978164716
GA,1024.8500000000001,428786.01375811093,0.10095361111111113,0.85052455186223,56.56734776647506
