algorithm,makespan,energy,cost,reliability,load_balance
HEFT,688.01,5388.059999999998,0.11106861111111108,0.9734193529250639,12.133678680982724
GA,679.8599999999998,5388.059999999999,0.10927833333333331,0.9734193529250639,4.449100096274097
