algorithm,makespan,energy,cost,reliability,load_balance
HEFT,370.88,2876.7199999999993,0.05996888888888889,0.9857193497872206,11.350069015942877
GA,364.88,2876.7199999999993,0.05233916666666667,0.9857193497872206,6.021965349175202
