algorithm,makespan,energy,cost,reliability,load_balance
HEFT,674.7900000000001,227238.37467952998,0.053172777777777784,0.9153719441180277,104.88929572808343
GA,609.33,220532.9240805475,0.055225555555555556,0.9177718946605813,61.95084415620714
