algorithm,makespan,energy,cost,reliability,load_balance
HEFT,428.44000000000005,148935.49253104287,0.028768888888888892,0.9467471713047962,129.41757299532395
GA,463.92,145050.65028453182,0.03470916666666667,0.9454045007036983,85.13638391819723
