algorithm,makespan,energy,cost,reliability,load_balance
HEFT,197.27,653938.0343691388,0.009951666666666668,0.8698027649408122,26.130992118691992
GA,194.44,634729.0043200988,0.01064027777777778,0.8713795792406483,18.954826999143524
