algorithm,makespan,energy,cost,reliability,load_balance
HEFT,476.95,3670.48,0.07728444444444445,0.9818149797885417,19.93354793641448
GA,473.72,3670.4800000000005,0.08952500000000002,0.9818149797885417,10.87195474604271
