algorithm,makespan,energy,cost,reliability,load_balance
HEFT,719.7400000000001,260373.45483091119,0.06579166666666668,0.903609844222881,71.01680223721708
GA,658.2500000000001,260785.88536270414,0.06555666666666668,0.9058350984916006,95.2305192677221
