algorithm,makespan,energy,cost,reliability,load_balance
HEFT,512.07,1736444.7069345987,0.08937055555555556,0.6553968165447308,80.98262469860678
GA,535.07,1744081.0849421571,0.12646138888888886,0.6458200334516359,36.23400513981614
