algorithm,makespan,energy,cost,reliability,load_balance
HEFT,743.2900000000001,465146.8500181625,0.12204111111111113,0.8327844781529026,89.08740851184947
GA,770.07,472464.4740737855,0.12865722222222223,0.831002230512272,103.0686285148327
