algorithm,makespan,energy,cost,reliability,load_balance
HEFT,376.64,5680.8,0.14398472222222225,0.9719956012450437,12.5334979725762
GA,394.52,5680.8,0.15450305555555557,0.9719956012450437,48.06844108738527
