algorithm,makespan,energy,cost,reliability,load_balance
HEFT,879.35,490406.7285608688,0.12562805555555556,0.8248712214860492,87.11207588093465
GA,810.6499999999999,479973.58635662735,0.13211916666666668,0.8294171946105102,117.13600553568972
