algorithm,makespan,energy,cost,reliability,load_balance
HEFT,381.29,5898.419999999999,0.13689833333333334,0.9709385480254256,8.211913710318344
GA,405.44,5898.420000000001,0.13601944444444444,0.9709385480254256,28.21355370207729
