algorithm,makespan,energy,cost,reliability,load_balance
HEFT,106.21000000000001,701.1999999999999,0.020410277777777777,0.9965001388416448,14.429553007629865
GA,94.75999999999999,701.2,0.018037222222222225,0.9965001388416448,8.754008605585591
