algorithm,makespan,energy,cost,reliability,load_balance
HEFT,159.86999999999998,50593.4919622193,0.008648888888888888,0.9841914872483805,71.98708055385123
GA,159.86999999999998,49405.908175392506,0.006625,0.9841914872483805,67.44832367573463
