algorithm,makespan,energy,cost,reliability,load_balance
HEFT,86.18,588.7,0.018658055555555556,0.9970608278487427,11.847388952845264
GA,79.44,588.7,0.016127500000000003,0.9970608278487427,4.485141209222589
