algorithm,makespan,energy,cost,reliability,load_balance
HEFT,244.99,74531.37511735174,0.009000277777777779,0.9786190830104536,116.5465049883522
GA,248.99,65867.1449857424,0.011173055555555556,0.9784625164828281,77.90081701539893
