algorithm,makespan,energy,cost,reliability,load_balance
HEFT,172.29999999999998,2445.4400000000005,0.09173861111111112,0.9878472484688889,10.966190900086625
GA,171.44,2445.4400000000005,0.09858750000000001,0.9878472484688889,15.951782703778639
