algorithm,makespan,energy,cost,reliability,load_balance
HEFT,293.46000000000004,174247.31145641653,0.03679944444444445,0.9347568845758661,47.322704910011225
GA,317.76,179851.11178247735,0.04156888888888889,0.9329414823349498,48.424045679806625
