algorithm,makespan,energy,cost,reliability,load_balance
HEFT,644.5699999999999,5074.74,0.11383999999999998,0.974945506807564,8.725573047084087
GA,643.48,5074.740000000001,0.10137472222222223,0.974945506807564,7.095197319313911
