algorithm,makespan,energy,cost,reliability,load_balance
HEFT,856.73,318738.6727790553,0.08809777777777779,0.8833119999160975,29.084425815202174
GA,690.9899999999999,324280.2052851705,0.07259694444444445,0.8891874596048809,92.35781193272182
