algorithm,makespan,energy,cost,reliability,load_balance
HEFT,460.05,806009.5761330291,0.05136583333333333,0.8107081127061488,88.91758071881564
GA,477.05,791681.6511896027,0.07982472222222221,0.8063098347358413,43.579916574369804
