algorithm,makespan,energy,cost,reliability,load_balance
HEFT,305.42,281159.22706437035,0.020626666666666668,0.9283660254354548,76.21931347270191
GA,309.1,274377.7177288903,0.021335000000000003,0.9278195644135907,62.41490291789293
