algorithm,makespan,energy,cost,reliability,load_balance
HEFT,324.96999999999997,169727.92122349754,0.021474999999999998,0.9490425924290014,103.57061221353145
GA,336.08,154406.99994049035,0.022241944444444443,0.9481994581172426,43.22244754093145
