algorithm,makespan,energy,cost,reliability,load_balance
HEFT,512.42,522855.6578197572,0.0977913888888889,0.8275799169661333,92.80810255575749
GA,562.24,539447.4097538418,0.12409000000000002,0.8210093344369549,60.36324693056198
