algorithm,makespan,energy,cost,reliability,load_balance
HEFT,296.11,105732.27331059403,0.022395277777777778,0.9620615972123681,91.69706697417682
GA,300.11,101774.62880277232,0.022838055555555556,0.9619076796705458,65.3383508489973
