algorithm,makespan,energy,cost,reliability,load_balance
HEFT,192.46,98799.88522290345,0.01042638888888889,0.9726587283457311,65.59490462299645
GA,192.46,98237.69567702379,0.008559166666666666,0.9726587283457311,64.40591209275745
