algorithm,makespan,energy,cost,reliability,load_balance
HEFT,475.59,833284.0099245148,0.050360555555555554,0.809123917485707,94.12246640551905
GA,500.93,822214.2576407882,0.06535333333333335,0.8025894227241431,33.31781870933911
