algorithm,makespan,energy,cost,reliability,load_balance
HEFT,75.12,3107.48,0.10736000000000004,0.9845826826707951,10.427760696581089
GA,91.22999999999999,3107.4800000000014,0.10371805555555556,0.9845826826707951,29.859102241921946
