algorithm,makespan,energy,cost,reliability,load_balance
HEFT,635.2899999999998,4996.279999999999,0.08647194444444445,0.9753280529614066,9.268406910934903
GA,639.67,4996.279999999998,0.08302611111111112,0.9753280529614066,17.53632135502388
