algorithm,makespan,energy,cost,reliability,load_balance
HEFT,968.1600000000001,365155.55353453977,0.09457166666666669,0.8680117739111634,53.66314338848705
GA,865.6700000000001,366344.1492601107,0.08617555555555556,0.8715775791729924,82.8232295816417
