algorithm,makespan,energy,cost,reliability,load_balance
HEFT,366.17999999999995,1257009.7864165164,0.04769083333333334,0.7449066280006378,66.28308286270881
GA,392.89,1282006.8323194787,0.07116027777777774,0.7322811163612151,31.35892137773872
