algorithm,makespan,energy,cost,reliability,load_balance
HEFT,444.76000000000005,482860.9266795575,0.09503722222222225,0.8307915150664619,60.8328211268391
GA,483.27000000000004,500295.423572744,0.13496000000000002,0.8256882483568908,51.515328135581804
