algorithm,makespan,energy,cost,reliability,load_balance
HEFT,736.0500000000001,254955.55636166024,0.06914722222222223,0.9046358427155456,58.48335945662953
GA,612.9399999999999,252288.29908310765,0.05815833333333333,0.9091016180670064,63.73056723425577
