algorithm,makespan,energy,cost,reliability,load_balance
HEFT,605.9799999999999,584898.512624179,0.09700888888888888,0.8191126981638878,114.20983687201961
GA,609.21,565864.7975574925,0.1421402777777778,0.8186894900878628,66.93017225686285
