algorithm,makespan,energy,cost,reliability,load_balance
HEFT,78.56,3418.100000000001,0.1232963888888889,0.983054714157425,10.369400932823707
GA,96.09,3418.1000000000013,0.09084,0.983054714157425,30.463323557308353
