algorithm,makespan,energy,cost,reliability,load_balance
HEFT,444.23,798073.6595232199,0.06315222222222222,0.8054288584538806,95.07691417782031
GA,478.6600000000001,804117.8291271467,0.10794416666666666,0.7966036709281351,49.36184627463938
