algorithm,makespan,energy,cost,reliability,load_balance
HEFT,57.27,623.64,0.008661666666666668,0.9968866565364246,20.104746661754618
GA,57.27,623.64,0.009205555555555555,0.9968866565364246,21.757520040972807
