algorithm,makespan,energy,cost,reliability,load_balance
HEFT,205.32,189210.28935320475,0.0101675,0.9538199089877415,53.60551190176247
GA,205.32,186926.31711474768,0.0100725,0.9538199089877415,50.60554106271366
