algorithm,makespan,energy,cost,reliability,load_balance
HEFT,742.6700000000001,279727.9074016724,0.06860055555555557,0.897536402099388,68.47186253004472
GA,693.6900000000003,280077.69448889274,0.0692852777777778,0.8992965791247638,82.02991827172977
