algorithm,makespan,energy,cost,reliability,load_balance
HEFT,312.76,1032053.7039263332,0.019328333333333336,0.7992013199980064,38.221419569253165
GA,331.29999999999995,1074542.9798370055,0.019592777777777782,0.7897743557126841,25.83127689971677
