algorithm,makespan,energy,cost,reliability,load_balance
HEFT,438.39000000000016,428916.8972604303,0.062420555555555576,0.8711039183536285,104.24489239086651
GA,455.99000000000007,413058.90333121346,0.10057888888888891,0.8686543403441154,51.80396847330651
