algorithm,makespan,energy,cost,reliability,load_balance
HEFT,823.6199999999999,260798.34399358928,0.07801694444444443,0.9019862526501635,83.7367748761956
GA,659.6299999999999,252931.0328517502,0.0629425,0.9079223696645354,96.49443610903164
