algorithm,makespan,energy,cost,reliability,load_balance
HEFT,205.51999999999998,679328.9399085247,0.009070277777777778,0.8672940514627142,26.23983918947454
GA,207.51999999999998,675523.503806862,0.007530833333333334,0.8661846252610849,18.95370924180324
