algorithm,makespan,energy,cost,reliability,load_balance
HEFT,517.33,1754461.1582548856,0.08806583333333334,0.648006079972674,80.57867015549326
GA,564.33,1841295.262630021,0.1809655555555556,0.628804299665558,39.21149347494576
