algorithm,makespan,energy,cost,reliability,load_balance
HEFT,369.94,203058.9632102503,0.03181861111111111,0.9334427931392864,109.04190484625623
GA,380.94,188902.4241350344,0.046413333333333334,0.9326217248043774,51.548597164645095
