algorithm,makespan,energy,cost,reliability,load_balance
HEFT,133.79000000000002,1830.34,0.07842777777777778,0.9908900493501989,8.973059579334457
GA,126.15,1830.34,0.07978083333333334,0.9908900493501989,12.186477209830338
