algorithm,makespan,energy,cost,reliability,load_balance
HEFT,394.0799999999999,745304.2556587494,0.08060555555555554,0.8017695953372719,94.47255255890974
GA,433.15,752097.7450075031,0.14271722222222225,0.7918079531246843,50.855682271050426
