algorithm,makespan,energy,cost,reliability,load_balance
HEFT,103.75999999999999,4716.000000000001,0.20375972222222222,0.9766958358764637,13.345962056959642
GA,115.57000000000001,4716.0,0.1671494444444445,0.9766958358764637,34.44783695629875
