algorithm,makespan,energy,cost,reliability,load_balance
HEFT,556.5,572554.1811500449,0.11112833333333334,0.8142058972013316,109.09989281808059
GA,613.41,584539.9472294224,0.16671444444444444,0.8068257154672095,54.93489880076236
