algorithm,makespan,energy,cost,reliability,load_balance
HEFT,210.38,5836.580000000001,0.20820611111111112,0.9712388086423742,13.271806568185559
GA,240.28,5836.579999999999,0.20096555555555556,0.9712388086423742,45.41491234073524
