algorithm,makespan,energy,cost,reliability,load_balance
HEFT,917.23,351088.23406343005,0.08816000000000002,0.8732386437153724,59.64702360554137
GA,814.41,350426.6094596088,0.0854075,0.876837495214551,11.408953720652857
