algorithm,makespan,energy,cost,reliability,load_balance
HEFT,366.94999999999993,1219939.6475814143,0.02979527777777778,0.7627269312690362,49.60695416459364
GA,386.94999999999993,1252285.3401731486,0.03269694444444445,0.7530262433975333,25.723539585167558
