algorithm,makespan,energy,cost,reliability,load_balance
HEFT,50.95,696.76,0.009677222222222222,0.9965222613902864,17.457708610220145
GA,50.95,696.76,0.00967722222222222,0.9965222613902864,17.457708610220152
