algorithm,makespan,energy,cost,reliability,load_balance
HEFT,202.61999999999998,347199.1270358306,0.008619444444444443,0.9268844227425097,37.76659891423095
GA,210.61999999999998,348330.2358750356,0.0076999999999999985,0.9245146332450666,26.322655150906574
