algorithm,makespan,energy,cost,reliability,load_balance
HEFT,75.11,1201.66,0.033242777777777774,0.9940097137390724,13.64475734180226
GA,63.72,1201.6599999999999,0.034019999999999995,0.9940097137390724,22.50312132979186
