algorithm,makespan,energy,cost,reliability,load_balance
HEFT,239.01,226675.60148110957,0.021804722222222222,0.942028641385649,66.70902382424235
GA,241.45,216242.8034375647,0.021506666666666664,0.9416609451830209,50.14227922871078
