algorithm,makespan,energy,cost,reliability,load_balance
HEFT,314.09999999999997,282965.53253740846,0.01847805555555556,0.9301345740721142,73.17772488663017
GA,316.09999999999997,271476.82053147734,0.020935555555555554,0.9298369786262219,51.37118731594588
