algorithm,makespan,energy,cost,reliability,load_balance
HEFT,65.35,1326.7599999999998,0.02914833333333334,0.993388155075866,12.265744643790145
GA,74.61,1326.7600000000002,0.022819166666666665,0.993388155075866,23.654064308979404
