algorithm,makespan,energy,cost,reliability,load_balance
HEFT,519.97,308702.1985499163,0.076185,0.886621062914863,74.93767596190472
GA,495.21,299179.7907554371,0.07978638888888889,0.8883790224245937,48.199635668451165
