algorithm,makespan,energy,cost,reliability,load_balance
HEFT,279.22,4186.639999999999,0.1166025,0.9792843785810965,12.652733188637836
GA,290.97,4186.64,0.11988722222222221,0.9792843785810965,26.44610962477684
