algorithm,makespan,energy,cost,reliability,load_balance
HEFT,302.38,4499.979999999999,0.11370583333333334,0.977751334968465,14.81760578067281
GA,309.03999999999996,4499.98,0.10993222222222224,0.977751334968465,28.365700836196016
