algorithm,makespan,energy,cost,reliability,load_balance
HEFT,567.79,335048.4557494849,0.08075,0.8754927572427886,44.828292863675145
GA,548.1800000000001,330647.9446714583,0.08659361111111114,0.8768673081962062,41.01914864251991
