algorithm,makespan,energy,cost,reliability,load_balance
HEFT,186.32000000000002,318512.5708995277,0.0073702777777777785,0.9321741737973059,33.98782676852967
GA,191.32000000000002,323299.96973656706,0.008126944444444445,0.9306838876660629,31.461201616550813
