algorithm,makespan,energy,cost,reliability,load_balance
HEFT,52.28,606.38,0.008421944444444445,0.9969726915672419,15.950665874335069
GA,52.28,606.3800000000001,0.008421944444444447,0.9969726915672419,15.950665874335069
