algorithm,makespan,energy,cost,reliability,load_balance
HEFT,404.90999999999997,730877.1839421105,0.055758888888888886,0.8193299556585113,88.22334722660963
GA,431.25,733229.597147826,0.09443444444444445,0.8124530102411683,54.34379528694619
