algorithm,makespan,energy,cost,reliability,load_balance
HEFT,83.28,3822.6200000000013,0.1530816666666667,0.9810683971321317,11.209299454204633
GA,112.92,3822.6200000000003,0.13527555555555554,0.9810683971321317,34.96962978295964
