algorithm,makespan,energy,cost,reliability,load_balance
HEFT,455.7999999999999,820149.1702501096,0.07352527777777779,0.7904487949124194,91.30514266467212
GA,479.3999999999999,818317.5874426365,0.13172777777777778,0.7845018096937869,53.9051070617498
