algorithm,makespan,energy,cost,reliability,load_balance
HEFT,89.45,4422.3,0.22013694444444448,0.9781311673456394,12.420377405666606
GA,109.67,4422.299999999999,0.19894666666666672,0.9781311673456394,26.568050192444044
