algorithm,makespan,energy,cost,reliability,load_balance
HEFT,561.21,176163.34129826623,0.03477166666666667,0.9416741285285367,213.91065539534642
GA,564.48,152165.1868445295,0.044811111111111114,0.9415509656075558,8.307664633738348
