algorithm,makespan,energy,cost,reliability,load_balance
HEFT,320.43999999999994,322330.43337286223,0.04044222222222222,0.9050918940955684,89.34276239806258
GA,341.67999999999995,306854.8261823928,0.05649222222222222,0.9020212503957183,38.99609971415945
