algorithm,makespan,energy,cost,reliability,load_balance
HEFT,413.40999999999997,1388706.8626061296,0.053300555555555545,0.7256040489907835,61.87456295320236
GA,438.45,1425811.0454783894,0.06641972222222221,0.7140684877672883,33.10161950215842
