algorithm,makespan,energy,cost,reliability,load_balance
HEFT,763.4900000000001,477408.61428440455,0.12097638888888892,0.827401179008463,60.42639483584257
GA,728.95,478253.8598257769,0.13706055555555557,0.8296906155751536,102.1339713667439
