algorithm,makespan,energy,cost,reliability,load_balance
HEFT,465.16999999999996,455497.20631167095,0.06536527777777779,0.8613637413034716,106.19153089269093
GA,520.2900000000001,469702.6627073363,0.08963500000000002,0.8538006016374474,63.02423137175098
