algorithm,makespan,energy,cost,reliability,load_balance
HEFT,132.72,3652.0599999999995,0.13302666666666668,0.9819054091123867,8.725312386957848
GA,173.68,3652.0600000000004,0.1343702777777778,0.9819054091123867,30.883492833281235
