algorithm,makespan,energy,cost,reliability,load_balance
HEFT,58.66,2343.24,0.06481138888888889,0.9883521674086586,11.352832938337745
GA,67.44999999999999,2343.2399999999993,0.0549613888888889,0.9883521674086586,20.377603366235512
