algorithm,makespan,energy,cost,reliability,load_balance
HEFT,373.45000000000005,655309.2996652832,0.036488333333333345,0.849907295128884,76.09253212213453
GA,393.06000000000006,648585.171475093,0.04993166666666668,0.8445906558046352,36.39762247973649
