algorithm,makespan,energy,cost,reliability,load_balance
HEFT,194.77,102289.58679468092,0.009614722222222222,0.972666120580157,71.70140345309049
GA,198.77,91506.7029229763,0.011588333333333334,0.972354917216765,42.00245571052109
