algorithm,makespan,energy,cost,reliability,load_balance
HEFT,273.25,143836.63937785913,0.0174025,0.957010228020084,89.66543129680946
GA,273.64,129187.80883642742,0.01562777777777778,0.9569803697667609,47.66247638716585
