algorithm,makespan,energy,cost,reliability,load_balance
HEFT,341.16999999999996,1162725.4649001963,0.03619194444444445,0.7666175753004195,59.12180196978744
GA,373.1699999999999,1211361.578208323,0.04628305555555555,0.7510769267803504,25.90972829914884
