algorithm,makespan,energy,cost,reliability,load_balance
HEFT,515.4599999999999,195688.7975400613,0.046691388888888886,0.9273138550559699,49.35226776282257
GA,476.43,194429.60602816782,0.046336944444444444,0.9287627081269108,28.03193773775429
