algorithm,makespan,energy,cost,reliability,load_balance
HEFT,51.46,639.24,0.008878333333333334,0.9968089024096651,16.304328425397536
GA,51.46,639.24,0.01243888888888889,0.9968089024096651,17.125106722059733
