algorithm,makespan,energy,cost,reliability,load_balance
HEFT,195.13,332800.30354122893,0.008058888888888888,0.9301010898301675,35.11302488870301
GA,205.13,335749.8566275045,0.006958611111111111,0.9271295233847598,20.87559821192305
