algorithm,makespan,energy,cost,reliability,load_balance
HEFT,312.03999999999996,2371.64,0.04911333333333333,0.9882118313649815,11.312107083415802
GA,308.85,2371.640000000001,0.052191944444444444,0.9882118313649815,9.231946345886842
