algorithm,makespan,energy,cost,reliability,load_balance
HEFT,500.9200000000001,173941.94831510022,0.04609277777777778,0.9337340727279988,22.531107939912726
GA,385.13,173019.93012748944,0.03886722222222223,0.9380687860394142,24.19408243765403
