algorithm,makespan,energy,cost,reliability,load_balance
HEFT,107.49000000000001,5098.200000000002,0.19780500000000004,0.9748311524066322,11.057746645998758
GA,143.12,5098.2,0.21307944444444443,0.9748311524066322,40.45160285811086
