algorithm,makespan,energy,cost,reliability,load_balance
HEFT,498.09000000000003,926717.6639362363,0.09979055555555555,0.761316581804629,112.96488259230271
GA,538.9300000000001,936155.9358543782,0.20220249999999998,0.7514318193395841,68.9319041429305
