algorithm,makespan,energy,cost,reliability,load_balance
HEFT,55.63,1237.34,0.017185277777777782,0.9938323982231557,17.26425350522698
GA,55.63,1237.3400000000001,0.0196775,0.9938323982231557,17.811673701830607
