algorithm,makespan,energy,cost,reliability,load_balance
HEFT,267.24,462505.5865139949,0.01763527777777778,0.8975794848806672,51.869682327522106
GA,271.74,448859.6765290351,0.022986666666666673,0.8962879005863168,30.229860204504273
