algorithm,makespan,energy,cost,reliability,load_balance
HEFT,140.57999999999998,2188.9199999999996,0.06663694444444446,0.989115074232633,4.442794326611513
GA,146.38,2188.92,0.07515500000000001,0.989115074232633,9.518363829986749
