algorithm,makespan,energy,cost,reliability,load_balance
HEFT,346.42999999999995,201107.76413705508,0.04000638888888888,0.9289514518849186,85.72568683847665
GA,369.42999999999995,196743.19576103726,0.05373333333333334,0.9272437527784271,47.379764347692316
