algorithm,makespan,energy,cost,reliability,load_balance
HEFT,224.73000000000002,203921.89854492058,0.009089444444444445,0.9521377112289392,56.3045536198746
GA,228.73000000000002,197059.85983473968,0.009089444444444445,0.9515285380499631,41.23401199252869
