algorithm,makespan,energy,cost,reliability,load_balance
HEFT,51.14,553.72,0.0076905555555555555,0.997235229038473,17.24345706831048
GA,51.14,553.72,0.01388361111111111,0.997235229038473,18.90894739710983
