algorithm,makespan,energy,cost,reliability,load_balance
HEFT,636.8000000000001,1105293.1933260052,0.09416555555555559,0.7325365805649692,102.34570734129261
GA,667.8000000000001,1112903.7374513326,0.20224472222222223,0.7253057419419706,47.889813633999395
