algorithm,makespan,energy,cost,reliability,load_balance
HEFT,203.89,673799.4971308059,0.008960555555555557,0.8671712513194827,25.856891078492783
GA,205.88,673159.7399941714,0.008353611111111112,0.8660675250159046,21.12614787843604
