algorithm,makespan,energy,cost,reliability,load_balance
HEFT,197.51,5765.2,0.16392611111111116,0.9715855056375774,8.908097814161371
GA,220.20000000000002,5765.2,0.16902805555555558,0.9715855056375774,29.105716391572752
