algorithm,makespan,energy,cost,reliability,load_balance
HEFT,534.9,572909.2536174984,0.10438444444444445,0.8102587806948071,105.50699992575531
GA,627.0400000000001,602760.670132687,0.17642083333333336,0.7984012407024944,41.26790609339579
