algorithm,makespan,energy,cost,reliability,load_balance
HEFT,161.07999999999998,84126.37478271665,0.007528611111111111,0.976668879443394,57.000863135695454
GA,163.08,77360.7200760363,0.00891277777777778,0.976512624923378,39.278322970273855
