algorithm,makespan,energy,cost,reliability,load_balance
HEFT,49.529999999999994,518.62,0.010239444444444443,0.9974102591796148,11.848705700865148
GA,48.94,518.62,0.01195,0.9974102591796148,15.016380520237607
