algorithm,makespan,energy,cost,reliability,load_balance
HEFT,267.12,883943.0294249775,0.020284722222222225,0.822947887895001,33.87857926384322
GA,268.31,870392.1067422011,0.01660111111111111,0.82232136939211,20.346221276642385
