algorithm,makespan,energy,cost,reliability,load_balance
HEFT,51.35,1200.58,0.016674722222222223,0.9940150814060194,17.014808229678696
GA,51.35,1200.5800000000002,0.02415055555555556,0.9940150814060194,19.501053628999873
