algorithm,makespan,energy,cost,reliability,load_balance
HEFT,308.46,536712.726901381,0.02395138888888889,0.8829792306521957,62.27828109679144
GA,322.4600000000001,533879.2283694103,0.02624722222222223,0.8790323313546189,38.063154475542795
