algorithm,makespan,energy,cost,reliability,load_balance
HEFT,558.7099999999999,1878154.6578189041,0.06917194444444444,0.6501098047337271,84.73307721884764
GA,596.5099999999999,1932997.818896582,0.11177666666666669,0.6345710627938241,38.225320791045995
