algorithm,makespan,energy,cost,reliability,load_balance
HEFT,509.12999999999994,895893.6173668805,0.09052083333333331,0.7745895521893512,89.21408838762339
GA,491.18000000000006,830231.781363248,0.14995250000000002,0.7790515973024779,40.43795812299699
