algorithm,makespan,energy,cost,reliability,load_balance
HEFT,204.89000000000001,350266.77661184047,0.00744888888888889,0.9265463569720389,37.561057475924144
GA,205.89000000000001,340587.534411579,0.007448888888888889,0.9262499095719215,25.864049155336772
