algorithm,makespan,energy,cost,reliability,load_balance
HEFT,36.91,494.46000000000004,0.006867500000000001,0.9975307536166411,12.694963913700628
GA,36.91,494.46,0.006867500000000001,0.9975307536166411,12.694963913700635
