algorithm,makespan,energy,cost,reliability,load_balance
HEFT,54.66,1162.3,0.035118611111111114,0.9942053541011165,11.17332371842267
GA,54.66,1162.2999999999997,0.03195416666666667,0.9942053541011165,14.22271667380509
