algorithm,makespan,energy,cost,reliability,load_balance
HEFT,232.55,221261.7508922812,0.020264444444444446,0.9397464257032416,61.9766737806787
GA,234.55,209821.03922404605,0.02157361111111111,0.9394457549569016,42.999276888299725
