algorithm,makespan,energy,cost,reliability,load_balance
HEFT,306.72,96145.70233437663,0.014936944444444447,0.9681866403617608,120.91069500530823
GA,317.72,87893.7178018381,0.01730111111111111,0.9677607319467243,69.47021064216425
