algorithm,makespan,energy,cost,reliability,load_balance
HEFT,163.06,1220.02,0.03013277777777778,0.9939184678356022,8.331283914659657
GA,158.79,1220.02,0.030868055555555555,0.9939184678356022,4.904157250061757
