algorithm,makespan,energy,cost,reliability,load_balance
HEFT,108.39,5233.219999999999,0.19660111111111112,0.9741732659901889,10.15447632403181
GA,123.51,5233.219999999998,0.18659138888888893,0.9741732659901888,30.114154035707035
