algorithm,makespan,energy,cost,reliability,load_balance
HEFT,609.3399999999999,1096532.9770243212,0.10422277777777773,0.7380592301103744,128.25566802541388
GA,660.27,1105162.23666076,0.22379305555555554,0.7261281242825688,54.11930333576355
