algorithm,makespan,energy,cost,reliability,load_balance
HEFT,351.52000000000004,609439.7352639964,0.0332875,0.8605558167061415,66.59849760668585
GA,364.52,605614.3059914409,0.036145,0.8569833404113226,41.675608704458014
