algorithm,makespan,energy,cost,reliability,load_balance
HEFT,54.58,1763.26,0.024489722222222225,0.9912224496131589,13.649225751260435
GA,54.58,1763.26,0.03547583333333333,0.9912224496131589,18.701668436761157
