algorithm,makespan,energy,cost,reliability,load_balance
HEFT,302.34,287996.83267182636,0.03100805555555556,0.919441186006312,77.41937657707746
GA,313.34,280095.9560541265,0.03303527777777779,0.917824392714386,53.322667377485914
