algorithm,makespan,energy,cost,reliability,load_balance
HEFT,89.14,1809.1800000000003,0.0703663888888889,0.990994891063449,14.14194174256138
GA,95.94,1809.18,0.05366749999999999,0.990994891063449,30.650267800624512
