algorithm,makespan,energy,cost,reliability,load_balance
HEFT,422.16,1414929.4493556945,0.04117222222222222,0.726078749248888,62.47863430281778
GA,451.16,1458490.2546325033,0.04630194444444446,0.7127270150308341,25.925115999419045
