algorithm,makespan,energy,cost,reliability,load_balance
HEFT,619.23,221658.1902201121,0.05536527777777778,0.9170394380154853,52.40372911348965
GA,572.6800000000001,219095.0568380247,0.05559333333333334,0.918748556144249,21.17257404442521
