algorithm,makespan,energy,cost,reliability,load_balance
HEFT,307.98,529930.5072407299,0.019663333333333335,0.884757573277033,57.72790592582278
GA,319.62000000000006,525425.3754458419,0.02290666666666667,0.8814681582777334,32.97517619606134
