algorithm,makespan,energy,cost,reliability,load_balance
HEFT,55.71,1794.8600000000001,0.02492861111111111,0.991065848837907,13.870823866587854
GA,69.86,1794.86,0.043981388888888896,0.991065848837907,22.288735761246702
