algorithm,makespan,energy,cost,reliability,load_balance
HEFT,271.64,478108.9187895744,0.02524444444444444,0.8883520161128101,56.45117462134007
GA,278.64,467181.4040338788,0.02688611111111111,0.8863643346310927,36.00028037525227
