algorithm,makespan,energy,cost,reliability,load_balance
HEFT,465.04,265311.9211465681,0.04921361111111111,0.906643463876818,106.85848524868233
GA,476.24000000000007,258523.6776625231,0.06513805555555556,0.9058314751584533,70.86043777081417
