algorithm,makespan,energy,cost,reliability,load_balance
HEFT,195.92,2944.72,0.09433777777777777,0.9853842621764148,9.120209897333964
GA,198.07,2944.719999999999,0.08234583333333334,0.9853842621764148,22.712069793079493
