algorithm,makespan,energy,cost,reliability,load_balance
HEFT,818.1099999999998,289613.04613071587,0.0806661111111111,0.8924050121106382,30.455181688288537
GA,676.9299999999998,288237.15265980235,0.0662311111111111,0.8974588583041868,47.37268719068681
