algorithm,makespan,energy,cost,reliability,load_balance
HEFT,514.56,3927.799999999998,0.09497972222222223,0.9805525889057412,15.947916269322855
GA,496.36,3927.7999999999984,0.08701722222222223,0.9805525889057412,3.7203449660840326
