algorithm,makespan,energy,cost,reliability,load_balance
HEFT,354.66999999999996,333752.97183297144,0.033184166666666674,0.9105311212529352,90.91256912550651
GA,367.66999999999996,315457.74836130213,0.04246083333333334,0.9086391848167289,40.80433520677265
