algorithm,makespan,energy,cost,reliability,load_balance
HEFT,429.02000000000004,805326.9630786445,0.09394888888888887,0.7846844629751005,97.38229328353944
GA,465.23,810037.3308256131,0.15173694444444444,0.7756446414186092,53.70555915239099
