algorithm,makespan,energy,cost,reliability,load_balance
HEFT,496.31,317735.62763192365,0.07985027777777778,0.8854780591396438,98.07824026000874
GA,556.65,318869.5531662624,0.10526777777777778,0.8812139795152255,40.04753797943496
