algorithm,makespan,energy,cost,reliability,load_balance
HEFT,563.1600000000001,333315.49584487535,0.08015666666666668,0.877313220877092,68.51461137179844
GA,526.5999999999999,330301.10102544626,0.08831249999999999,0.8798829427148482,88.23047562249356
