algorithm,makespan,energy,cost,reliability,load_balance
HEFT,460.50000000000006,422204.54636264936,0.058196666666666674,0.87383684233842,82.2806772679143
GA,498.4700000000001,438920.635544767,0.07936777777777777,0.8685442019566811,59.939233992992165
