algorithm,makespan,energy,cost,reliability,load_balance
HEFT,112.09,2912.6399999999994,0.1604813888888889,0.9855423304888077,12.509840393333029
GA,127.34,2912.64,0.11489833333333332,0.9855423304888077,33.99096370115642
