algorithm,makespan,energy,cost,reliability,load_balance
HEFT,635.6,1117277.7898678414,0.07573166666666666,0.755393253328964,129.6948542702969
GA,687.3000000000001,1131510.969853048,0.14536972222222228,0.7429988366593435,57.52917782841072
