algorithm,makespan,energy,cost,reliability,load_balance
HEFT,94.6,3424.2600000000007,0.14312638888888887,0.9830244365385067,15.739464445406831
GA,94.38,3424.2600000000016,0.12630500000000003,0.9830244365385067,23.926041941025467
