algorithm,makespan,energy,cost,reliability,load_balance
HEFT,369.57,676358.1200313878,0.05812527777777779,0.826102847913348,82.47531540533616
GA,373.01,636483.092785716,0.0818988888888889,0.825193974234216,37.898329262476686
