algorithm,makespan,energy,cost,reliability,load_balance
HEFT,73.49,3002.4999999999995,0.10183361111111112,0.9850996257807791,10.840930462201586
GA,89.27,3002.5,0.10705472222222222,0.9850996257807791,26.572677437351246
