algorithm,makespan,energy,cost,reliability,load_balance
HEFT,510.36999999999995,892145.6345788349,0.061173611111111116,0.7985034426020866,100.20230322991895
GA,501.10999999999996,830763.8697691127,0.07521194444444444,0.8008730771198146,47.828179758718164
