algorithm,makespan,energy,cost,reliability,load_balance
HEFT,204.5,3100.1200000000003,0.10709499999999998,0.9846189159802061,8.592328388909337
GA,214.90999999999997,3100.1200000000003,0.10174305555555554,0.9846189159802061,21.567103090454342
