algorithm,makespan,energy,cost,reliability,load_balance
HEFT,517.5799999999999,294851.55307392083,0.05888333333333334,0.8997233066336625,137.27714217700523
GA,542.6999999999999,284731.5480375898,0.07654555555555556,0.8979170382230339,79.75283671623042
