algorithm,makespan,energy,cost,reliability,load_balance
HEFT,251.04000000000002,232342.70670012748,0.015455833333333335,0.9394855883013727,63.11628030534859
GA,263.04,226981.8138305961,0.020526388888888893,0.93768350652394,40.152314000357855
