algorithm,makespan,energy,cost,reliability,load_balance
HEFT,741.99,315949.9902155016,0.0743225,0.8881427450309153,48.792103527790935
GA,692.8700000000001,317597.05722574214,0.07257250000000001,0.8898894833301259,37.94756250406604
