algorithm,makespan,energy,cost,reliability,load_balance
HEFT,1002.6700000000001,382556.7522215685,0.08956555555555556,0.8625994779273749,65.23235157241137
GA,916.0100000000002,384814.5624938592,0.09308138888888891,0.865594781218047,107.19061382260426
