algorithm,makespan,energy,cost,reliability,load_balance
HEFT,336.09000000000003,307422.7822309501,0.01939305555555556,0.924893392003342,84.25942158991282
GA,348.09000000000003,295865.08173173614,0.019919444444444448,0.9231193003636706,49.982000826964374
