algorithm,makespan,energy,cost,reliability,load_balance
HEFT,399.00999999999993,382601.24029472936,0.034611388888888886,0.9003500921657934,111.61369067569622
GA,413.57,358010.1111057378,0.04593527777777778,0.8982550778112806,55.509836001529195
