algorithm,makespan,energy,cost,reliability,load_balance
HEFT,531.8600000000001,916462.9044297372,0.043017500000000014,0.8015630860890459,97.96395655017051
GA,555.0500000000001,911565.609854968,0.07538138888888891,0.795636862594998,50.66119844738181
