algorithm,makespan,energy,cost,reliability,load_balance
HEFT,68.89,2442.7799999999993,0.08396944444444444,0.987860386924664,10.64099319563339
GA,82.43,2442.7799999999993,0.06364500000000001,0.987860386924664,26.87992632830906
