algorithm,makespan,energy,cost,reliability,load_balance
HEFT,391.0,243370.95097186702,0.04997444444444444,0.9111217010772436,77.1731639954682
GA,461.34,261542.94388086876,0.063505,0.9060090355279322,90.15644916912885
