algorithm,makespan,energy,cost,reliability,load_balance
HEFT,260.14000000000004,154934.074998078,0.03183555555555556,0.9482142501441667,84.95872593500917
GA,267.18,141808.8983082566,0.03841972222222222,0.9476803662343066,40.56049518488227
