algorithm,makespan,energy,cost,reliability,load_balance
HEFT,386.66999999999996,667453.591848346,0.030110555555555557,0.8543355898751361,73.2751219031354
GA,404.66999999999996,663008.4602268514,0.03497138888888889,0.8494287621078151,36.23140706157145
