algorithm,makespan,energy,cost,reliability,load_balance
HEFT,1095.78,440176.7884611875,0.11239833333333334,0.8452571317374848,52.962452737765126
GA,974.67,443347.2197769501,0.1034502777777778,0.8493618297585303,50.73656669503758
