algorithm,makespan,energy,cost,reliability,load_balance
HEFT,775.5399999999998,6083.480000000003,0.11153055555555555,0.970040554107894,11.237747401800153
GA,774.94,6083.480000000001,0.13993055555555556,0.970040554107894,15.779491964783508
