algorithm,makespan,energy,cost,reliability,load_balance
HEFT,582.1000000000001,1033858.3085552313,0.0959338888888889,0.7425908937296322,106.94139858139299
GA,610.8600000000001,1032687.5976655865,0.19229472222222227,0.7357880332752863,55.58025758999469
