algorithm,makespan,energy,cost,reliability,load_balance
HEFT,468.93999999999994,1592794.726937348,0.07065250000000001,0.681321353095887,76.01686612385872
GA,502.18999999999994,1635044.606443776,0.11165361111111109,0.6669760104867815,33.93413894717692
