algorithm,makespan,energy,cost,reliability,load_balance
HEFT,539.97,514122.89460525586,0.08601638888888889,0.8433928629008043,105.9626128327031
GA,552.68,505212.610769342,0.12169472222222223,0.8416794819310573,69.96196155769218
