algorithm,makespan,energy,cost,reliability,load_balance
HEFT,750.6999999999998,326707.78570667375,0.07461833333333333,0.8851473063252222,35.42482686384411
GA,736.54,327262.0959757786,0.07527666666666667,0.8856487957679281,35.13918171595153
