algorithm,makespan,energy,cost,reliability,load_balance
HEFT,548.77,4278.240000000002,0.08546305555555557,0.978835969029332,13.177002694087914
GA,538.5,4278.240000000002,0.10119250000000002,0.978835969029332,2.9779635099622643
