algorithm,makespan,energy,cost,reliability,load_balance
HEFT,827.3400000000001,253075.84511808932,0.07343111111111111,0.9039894400670019,43.30490080040982
GA,632.92,242131.1696580926,0.05852888888888889,0.9110469921608627,63.59335316420007
