algorithm,makespan,energy,cost,reliability,load_balance
HEFT,191.96999999999997,5377.58,0.14688944444444443,0.9734703614355684,14.616481322466088
GA,203.41,5377.579999999999,0.14519972222222222,0.9734703614355684,29.11845633929335
