algorithm,makespan,energy,cost,reliability,load_balance
HEFT,709.4100000000001,667947.9528622377,0.1243997222222222,0.7982524325805753,122.18046449821676
GA,751.41,680577.3518052726,0.20157138888888884,0.7929061598291571,85.05769625181878
