algorithm,makespan,energy,cost,reliability,load_balance
HEFT,480.84999999999997,522342.04585629614,0.10448777777777779,0.8235080121705947,91.27629387150131
GA,505.63000000000005,519896.5417993394,0.14876250000000002,0.8202494316825415,55.66673988642889
