algorithm,makespan,energy,cost,reliability,load_balance
HEFT,49.84,1213.24,0.016850555555555556,0.9939521622427788,17.125734726409693
GA,49.84,1213.2399999999998,0.016996666666666667,0.9939521622427788,18.804868353443016
