algorithm,makespan,energy,cost,reliability,load_balance
HEFT,318.65,552206.218860819,0.02513416666666667,0.8798498597381661,62.67176232678608
GA,330.65,542372.8840163315,0.022255833333333336,0.8764777149384774,31.543859986098408
