algorithm,makespan,energy,cost,reliability,load_balance
HEFT,386.63000000000005,1285765.8403124434,0.029805833333333333,0.7536035839191021,52.77066413034744
GA,416.63,1342996.8195281182,0.02461611111111111,0.7392724145842862,21.261930112833497
