algorithm,makespan,energy,cost,reliability,load_balance
HEFT,422.39,1460937.4251521106,0.08645249999999999,0.6882309597991962,75.32124551524133
GA,422.45,1391406.4765771092,0.13929444444444444,0.6882045322377525,31.607274889924657
