algorithm,makespan,energy,cost,reliability,load_balance
HEFT,595.4999999999999,1059919.976842989,0.08438472222222222,0.75118298633004,121.76099491943289
GA,632.62,1055566.109528627,0.1778011111111111,0.7423129197389982,55.67525830201391
