algorithm,makespan,energy,cost,reliability,load_balance
HEFT,95.94,4607.200000000001,0.19461277777777786,0.9772273029571197,11.461369056319635
GA,104.65,4607.200000000001,0.1800472222222222,0.9772273029571197,16.97741478857208
