algorithm,makespan,energy,cost,reliability,load_balance
HEFT,650.62,5101.420000000001,0.1120561111111111,0.9748154577514208,14.209776857267391
GA,648.3000000000001,5101.420000000002,0.10218305555555557,0.9748154577514208,13.282857059633887
