algorithm,makespan,energy,cost,reliability,load_balance
HEFT,930.2300000000002,357650.0375283533,0.08957638888888893,0.8710972979890065,54.62487002272868
GA,828.1100000000001,358945.44950550044,0.08171555555555558,0.8746628335238542,67.25624797494028
