algorithm,makespan,energy,cost,reliability,load_balance
HEFT,516.1,924053.7555318737,0.08080083333333336,0.7757833390796962,106.7895562576493
GA,562.1,939435.3172922966,0.14626138888888887,0.764447445193651,48.02337310534655
