algorithm,makespan,energy,cost,reliability,load_balance
HEFT,626.1700000000001,2072984.4498458887,0.07736972222222223,0.6190482877815292,76.93412465485476
GA,676.82,2191182.9277503616,0.10082555555555557,0.599302979438142,41.96739490153551
