algorithm,makespan,energy,cost,reliability,load_balance
HEFT,95.18,2267.3999999999996,0.08496027777777779,0.9887270216184063,14.390351802509905
GA,99.2,2267.3999999999996,0.06498916666666667,0.9887270216184063,21.02301243082605
