algorithm,makespan,energy,cost,reliability,load_balance
HEFT,511.46,467281.58712313767,0.05311222222222222,0.8778541634478134,117.06569349265679
GA,472.71999999999997,409044.63134625147,0.07318694444444444,0.8833123532409682,60.14432103629292
