algorithm,makespan,energy,cost,reliability,load_balance
HEFT,300.3,997086.592973693,0.02261444444444445,0.8057794573778718,40.42988274316402
GA,307.16,994603.6307136347,0.020795833333333336,0.8022495178416138,21.967546616321947
