algorithm,makespan,energy,cost,reliability,load_balance
HEFT,248.85000000000002,423643.73084187263,0.00852388888888889,0.9121905265826709,44.16744845270758
GA,254.85000000000002,418471.0768687463,0.00852388888888889,0.9104408010456633,28.029122980939757
