algorithm,makespan,energy,cost,reliability,load_balance
HEFT,290.78,2225.6,0.055415000000000006,0.9889336871617216,9.401421878276338
GA,284.36,2225.5999999999995,0.05131666666666668,0.9889336871617216,5.52212519476576
