algorithm,makespan,energy,cost,reliability,load_balance
HEFT,450.44000000000005,161046.75903560963,0.0388963888888889,0.9388375668385598,25.034763163782216
GA,419.06,164387.9039278385,0.03800805555555556,0.9400167356439801,81.47590011776491
