algorithm,makespan,energy,cost,reliability,load_balance
HEFT,214.96,192665.96469110533,0.007179722222222223,0.9564981731841444,51.97508351364142
GA,220.56,184785.51138012332,0.008452777777777776,0.9556415346523439,31.003236168449686
