algorithm,makespan,energy,cost,reliability,load_balance
HEFT,336.31,122737.69379441586,0.026611944444444445,0.953814567611207,50.69181196209109
GA,290.90000000000003,122493.49804056376,0.023961944444444445,0.9555486508094037,52.36614491571185
