algorithm,makespan,energy,cost,reliability,load_balance
HEFT,180.48999999999998,56713.264335974294,0.008707222222222222,0.9820812841202955,79.10962372977554
GA,179.41,56273.7655649072,0.008375,0.9821237109481824,77.78468936750984
