algorithm,makespan,energy,cost,reliability,load_balance
HEFT,99.02,698.6800000000001,0.01440388888888889,0.9965126948224967,8.460656002934995
GA,93.92,698.6800000000001,0.015006111111111112,0.9965126948224967,4.922225106595592
