algorithm,makespan,energy,cost,reliability,load_balance
HEFT,145.88,482156.59679188376,0.005341666666666667,0.9038831371595836,18.602381309310488
GA,150.88,492679.8016967126,0.005341666666666667,0.9009953340698745,15.068469442161836
