algorithm,makespan,energy,cost,reliability,load_balance
HEFT,484.95999999999987,874495.918673705,0.08473277777777777,0.7786400551774681,98.64164421065092
GA,531.3699999999999,899006.6357905038,0.13409416666666665,0.7671617601858153,51.75797951570741
