algorithm,makespan,energy,cost,reliability,load_balance
HEFT,103.36000000000001,4975.459999999998,0.2043766666666667,0.9754295898966256,12.596027051409456
GA,128.0,4975.459999999999,0.18591916666666672,0.9754295898966256,34.57643800656415
