algorithm,makespan,energy,cost,reliability,load_balance
HEFT,208.48000000000002,2939.82,0.09138666666666667,0.9854084043865791,18.352186664186444
GA,208.97000000000003,2939.8200000000006,0.08292694444444444,0.9854084043865791,33.4005840143552
