algorithm,makespan,energy,cost,reliability,load_balance
HEFT,469.68,270829.12691619823,0.05507305555555556,0.9039702756940156,104.03256851822894
GA,472.2699999999999,262800.9438033328,0.06983111111111111,0.9037829924561053,70.81222572762417
