algorithm,makespan,energy,cost,reliability,load_balance
HEFT,47.02,470.68,0.013650277777777779,0.9976493670746766,9.535712948100496
GA,47.02,470.68,0.013223055555555559,0.9976493670746766,13.965821289337562
