algorithm,makespan,energy,cost,reliability,load_balance
HEFT,215.75,109283.42387022015,0.008613055555555556,0.9716713975926442,74.92369122742723
GA,222.75,100595.84430976432,0.007970555555555555,0.9711274139396313,46.77479899933907
