algorithm,makespan,energy,cost,reliability,load_balance
HEFT,308.38,313458.8908813801,0.042275,0.9016460875948266,77.94842268823234
GA,330.96000000000004,303909.6563028765,0.0653125,0.8983944978180696,31.436541575847688
