algorithm,makespan,energy,cost,reliability,load_balance
HEFT,517.88,318272.94882984477,0.07433000000000001,0.8851080066572804,98.38234579580686
GA,557.88,320185.87646088767,0.09335638888888889,0.882280187958966,69.29545640640107
