algorithm,makespan,energy,cost,reliability,load_balance
HEFT,309.66999999999996,545166.7966867955,0.026220555555555556,0.8746107051724166,64.78877636320297
GA,330.99,548867.1328741049,0.032088611111111116,0.8686640693272094,35.948222811236306
