algorithm,makespan,energy,cost,reliability,load_balance
HEFT,476.12999999999994,430756.67324050155,0.03925638888888888,0.888906165195784,106.40157315370544
GA,492.12999999999994,421015.9105724097,0.05770944444444444,0.8866334756966331,66.76625592006289
