algorithm,makespan,energy,cost,reliability,load_balance
HEFT,425.03999999999996,254536.31462921132,0.05156194444444444,0.9071919676946057,80.38908284755728
GA,443.04,256975.32685536298,0.06805527777777778,0.9058865513864434,74.98324468792057
