algorithm,makespan,energy,cost,reliability,load_balance
HEFT,227.72000000000003,3163.3999999999996,0.08777944444444444,0.9843074318345804,13.369924404102996
GA,225.83999999999997,3163.4,0.08341361111111112,0.9843074318345804,33.27863782840706
