algorithm,makespan,energy,cost,reliability,load_balance
HEFT,408.53,397208.2578513205,0.04819333333333334,0.8799836070813869,94.87374472599534
GA,424.51,383567.9925561235,0.07342666666666665,0.8777365388709341,47.6719116286869
