algorithm,makespan,energy,cost,reliability,load_balance
HEFT,448.43,3545.1600000000003,0.08073861111111111,0.9824303778389512,5.779968281343203
GA,449.82,3545.1600000000008,0.08020111111111111,0.9824303778389512,6.333742969208674
