algorithm,makespan,energy,cost,reliability,load_balance
HEFT,621.85,224175.0069952561,0.058889444444444446,0.9158616159603217,7.441908357404072
GA,572.87,223702.4033724929,0.058647222222222226,0.9176577309380163,39.549944795578824
