algorithm,makespan,energy,cost,reliability,load_balance
HEFT,779.52,443478.6454228243,0.11502333333333334,0.8396558277295406,74.98420309829073
GA,664.22,415731.49122278765,0.11579,0.8474366430374045,36.990881501874405
