algorithm,makespan,energy,cost,reliability,load_balance
HEFT,331.35,4994.300000000001,0.12166305555555555,0.9753377087569269,14.346390225419087
GA,331.74,4994.300000000001,0.1315116666666667,0.9753377087569269,12.938604404207243
