algorithm,makespan,energy,cost,reliability,load_balance
HEFT,513.28,509056.6796095697,0.07938166666666666,0.8412456238483988,110.62136166333333
GA,546.4399999999999,502936.5807956957,0.13656583333333333,0.8367941304304788,50.19581007995919
