algorithm,makespan,energy,cost,reliability,load_balance
HEFT,554.5899999999999,1885056.7073153139,0.08556666666666668,0.6322613764497721,89.74850906361544
GA,614.59,2003247.661709433,0.14569055555555555,0.6084427833386289,43.65272194388478
