algorithm,makespan,energy,cost,reliability,load_balance
HEFT,477.27,849651.5595574832,0.07247583333333334,0.7911690636354102,95.16697431304199
GA,509.27,851826.113122705,0.12673638888888888,0.7831088312448853,43.48292619945138
