algorithm,makespan,energy,cost,reliability,load_balance
HEFT,184.47000000000003,5307.580000000001,0.2150175,0.9738111356940874,12.973556807984467
GA,202.88,5307.580000000002,0.2474255555555555,0.9738111356940874,37.023195831577446
