algorithm,makespan,energy,cost,reliability,load_balance
HEFT,511.18,509219.612347901,0.0867411111111111,0.8408483132678407,111.10149917980404
GA,547.3,508934.50239356834,0.1329847222222222,0.8360028974952772,64.11681173192149
