algorithm,makespan,energy,cost,reliability,load_balance
HEFT,437.15000000000003,780354.8258263755,0.06370972222222224,0.8040164096492075,86.90659288103244
GA,470.78000000000003,788313.9807341009,0.12082222222222223,0.7954102974809345,38.31107625229121
