algorithm,makespan,energy,cost,reliability,load_balance
HEFT,423.75000000000006,768183.2912802361,0.05977777777777777,0.8100649899727592,93.69973521970024
GA,444.75000000000006,755358.4862507026,0.07803111111111115,0.8046396029573152,52.250334954166384
