algorithm,makespan,energy,cost,reliability,load_balance
HEFT,348.58000000000004,347965.0828217339,0.04064277777777778,0.8991408344451379,96.98263863315951
GA,369.58000000000004,330583.39793820016,0.06307416666666665,0.8961247910318297,44.17166463073359
