algorithm,makespan,energy,cost,reliability,load_balance
HEFT,550.35,981595.6706641228,0.09013527777777777,0.7605410432260471,109.24218213658911
GA,591.35,992961.4342605904,0.16977916666666668,0.7506279170454272,54.07878156937549
