algorithm,makespan,energy,cost,reliability,load_balance
HEFT,94.07,4935.579999999998,0.22036805555555553,0.9756241099498558,8.425389857688025
GA,140.26000000000002,4935.58,0.18764055555555556,0.9756241099498558,40.73150505360012
