algorithm,makespan,energy,cost,reliability,load_balance
HEFT,546.48,569518.908102767,0.09757805555555554,0.8132095935623539,105.49921001284007
GA,609.32,593126.226974332,0.15459944444444448,0.8050742256804861,76.43614803655836
