algorithm,makespan,energy,cost,reliability,load_balance
HEFT,599.1,1074324.3412285093,0.10367638888888892,0.7423604292861505,123.55321287931942
GA,652.1,1093006.803634412,0.2158141666666667,0.7298761622381359,57.76200531459853
