algorithm,makespan,energy,cost,reliability,load_balance
HEFT,109.47999999999999,5382.18,0.24744249999999998,0.9734479718747363,11.29750203888224
GA,137.07000000000002,5382.18,0.20738611111111113,0.9734479718747363,39.88031276039514
