algorithm,makespan,energy,cost,reliability,load_balance
HEFT,587.37,4562.439999999998,0.1055213888888889,0.9774460309022657,11.41918998878644
GA,585.49,4562.439999999997,0.08805583333333333,0.9774460309022657,21.870260629448392
