algorithm,makespan,energy,cost,reliability,load_balance
HEFT,956.24,317777.96202836104,0.08663750000000002,0.8818634972282738,69.53405131061078
GA,817.74,309781.08524714457,0.08595805555555557,0.8867625789291818,11.273498052216643
