algorithm,makespan,energy,cost,reliability,load_balance
HEFT,749.6700000000001,284362.1880027212,0.07007583333333335,0.8960452186834507,66.63349658142411
GA,692.81,285791.06271560746,0.06538277777777778,0.8980855032609311,92.3217941044619
