algorithm,makespan,energy,cost,reliability,load_balance
HEFT,404.5299999999999,1371186.6242305883,0.04833611111111111,0.7262797556646847,65.94766921206515
GA,438.53,1423641.1788019063,0.05920194444444445,0.7106466136166391,28.99811709644074
