algorithm,makespan,energy,cost,reliability,load_balance
HEFT,227.08,754161.0305178792,0.009593333333333336,0.8533468418576525,31.050873469665337
GA,236.08,763276.9825906472,0.009206944444444445,0.848445692908216,16.304263354921222
