algorithm,makespan,energy,cost,reliability,load_balance
HEFT,739.74,436091.6303836484,0.1154813888888889,0.84132066630489,64.17204041814918
GA,668.26,418591.2897973843,0.11421916666666668,0.8461454562950425,19.768813823798336
