algorithm,makespan,energy,cost,reliability,load_balance
HEFT,462.57,169263.7512592689,0.04056527777777778,0.9369838806875136,72.83107281007655
GA,400.65000000000003,166343.2607013603,0.036805277777777784,0.9393074787191528,45.844665629347396
