algorithm,makespan,energy,cost,reliability,load_balance
HEFT,321.90999999999997,2499.9600000000005,0.05689750000000002,0.9875779980094612,9.080636908646136
GA,323.82,2499.96,0.05821277777777778,0.9875779980094613,8.432731862609328
