algorithm,makespan,energy,cost,reliability,load_balance
HEFT,558.6100000000001,186351.78781260632,0.044201944444444446,0.9301141113365755,90.63485472855723
GA,591.61,187496.96061594633,0.05180583333333334,0.9288871706686038,75.27849953118528
