algorithm,makespan,energy,cost,reliability,load_balance
HEFT,499.93,373049.17848498793,0.0968675,0.8652271546443983,33.22125470667407
GA,507.13,377348.4982548853,0.09212916666666665,0.8647289273065712,62.547028649306306
