algorithm,makespan,energy,cost,reliability,load_balance
HEFT,552.2699999999999,334124.3247505749,0.07374583333333332,0.8775150261246075,76.51769327370349
GA,603.9099999999999,346131.1884386746,0.09933888888888888,0.8738973139402031,82.12935153724625
