algorithm,makespan,energy,cost,reliability,load_balance
HEFT,443.75000000000006,271594.7501746479,0.05500944444444445,0.9042697202346041,110.95051624646524
GA,470.74999999999994,268672.2346255975,0.07503277777777777,0.9023186056012946,81.92065846859735
