algorithm,makespan,energy,cost,reliability,load_balance
HEFT,59.41,711.12,0.009876666666666667,0.9964507136605129,20.596057713391012
GA,59.41,711.1200000000001,0.009876666666666667,0.9964507136605129,22.137130648151608
