algorithm,makespan,energy,cost,reliability,load_balance
HEFT,140.8,131807.29232954545,0.007769166666666667,0.9677762162423095,39.07464683141743
GA,144.79999999999998,129088.49627071823,0.008581944444444444,0.9671570376222075,31.72664009419634
