algorithm,makespan,energy,cost,reliability,load_balance
HEFT,571.88,546169.0985346576,0.09983500000000001,0.8279994407664033,95.80630079966906
GA,532.24,507330.7476890125,0.13383611111111113,0.8332676332516654,65.62853764115627
