algorithm,makespan,energy,cost,reliability,load_balance
HEFT,170.54,4651.540000000001,0.18494305555555554,0.9770106756780753,10.224625482138695
GA,194.26999999999998,4651.539999999998,0.14577277777777783,0.9770106756780753,45.948816519942426
