algorithm,makespan,energy,cost,reliability,load_balance
HEFT,394.28999999999996,402858.0652818991,0.06571166666666667,0.8708499414826641,90.85407082239077
GA,413.28999999999996,398371.48413946625,0.0903222222222222,0.8682065776093866,62.7509436715231
