algorithm,makespan,energy,cost,reliability,load_balance
HEFT,201.33,111429.80474842299,0.01738666666666667,0.9626478636960293,59.193758946482575
GA,205.33,106031.38591535576,0.019659166666666665,0.9623398656619603,40.34381964971303
