algorithm,makespan,energy,cost,reliability,load_balance
HEFT,565.9100000000001,996891.407396936,0.053882777777777786,0.7828235183739418,118.87224896582698
GA,586.9100000000001,961498.5992741649,0.09290027777777779,0.7775805803324979,41.08398330092845
