algorithm,makespan,energy,cost,reliability,load_balance
HEFT,56.0,1204.2,0.016725,0.9939970898958695,18.345761211666414
GA,56.0,1204.2,0.019645833333333335,0.9939970898958695,19.6115319823197
