algorithm,makespan,energy,cost,reliability,load_balance
HEFT,358.40999999999997,615882.532909238,0.025034444444444443,0.8683024329066695,66.7977837394326
GA,364.40999999999997,596388.1211821849,0.018427777777777776,0.8666368916667334,33.52558362894358
