algorithm,makespan,energy,cost,reliability,load_balance
HEFT,348.28999999999996,361420.6024290103,0.04777305555555556,0.891575104620202,100.72639951042295
GA,369.03999999999996,344674.7013331888,0.07470972222222222,0.8886199834883186,55.56139845552246
