algorithm,makespan,energy,cost,reliability,load_balance
HEFT,615.47,2100243.0469234893,0.11324305555555558,0.5933357804610884,101.13832471994847
GA,659.66,2153329.1594002964,0.21494583333333334,0.5767903634894729,43.566032241334256
