algorithm,makespan,energy,cost,reliability,load_balance
HEFT,767.3100000000001,6002.560000000001,0.10801666666666668,0.9704331119251773,14.311696847916668
GA,756.57,6002.560000000002,0.11367361111111111,0.9704331119251773,6.806178565587709
