algorithm,makespan,energy,cost,reliability,load_balance
HEFT,1117.5300000000002,434758.5474215457,0.11215333333333337,0.8457708660274009,38.16930835108224
GA,1019.3600000000004,435227.2845903312,0.10298472222222227,0.8490985683989241,25.188119554001375
