algorithm,makespan,energy,cost,reliability,load_balance
HEFT,554.1499999999999,1013938.9534602542,0.10023638888888885,0.7466604117177333,120.20797603662818
GA,605.4899999999998,1039206.4071743544,0.16994416666666667,0.734493891459348,73.81803372362731
