algorithm,makespan,energy,cost,reliability,load_balance
HEFT,387.96999999999997,714933.9527025284,0.07046388888888888,0.8098838796898856,83.9615976343861
GA,425.93999999999994,733892.765624266,0.10792972222222222,0.8001030076824127,49.60587653691816
