algorithm,makespan,energy,cost,reliability,load_balance
HEFT,289.52,2309.4600000000005,0.04852972222222223,0.9885191141879925,0.9353208005812799
GA,291.81,2309.4600000000005,0.05453305555555557,0.9885191141879925,3.250326906635693
