algorithm,makespan,energy,cost,reliability,load_balance
HEFT,522.7,166195.83942988332,0.04790722222222222,0.9364488283203685,55.800593410823204
GA,441.84999999999997,161219.53375579946,0.04001472222222222,0.9394822061593427,54.625118993005415
