algorithm,makespan,energy,cost,reliability,load_balance
HEFT,51.56,1551.0200000000002,0.021541944444444443,0.9922748932044909,13.046786276982468
GA,59.56,1551.0199999999998,0.0408875,0.9922748932044909,20.694991132245253
