algorithm,makespan,energy,cost,reliability,load_balance
HEFT,264.84999999999997,474230.66932225786,0.030129444444444445,0.8881960351943061,59.931149958790705
GA,269.84999999999997,449936.6341671299,0.03338416666666667,0.8867760578228209,29.359893862906407
