algorithm,makespan,energy,cost,reliability,load_balance
HEFT,377.1,122730.19140811457,0.022492500000000002,0.9577581365052318,135.69675665492773
GA,386.1,111590.891996892,0.02889944444444445,0.9574134056313703,56.39181825998047
