algorithm,makespan,energy,cost,reliability,load_balance
HEFT,144.12,1068.04,0.026326944444444444,0.9946740335201341,7.922648967780076
GA,138.64999999999998,1068.04,0.02922166666666667,0.9946740335201341,6.1416745816321665
