algorithm,makespan,energy,cost,reliability,load_balance
HEFT,396.82,254715.06862053327,0.056565833333333336,0.9057945179881983,63.38689036104276
GA,432.66999999999996,255908.6230845679,0.07274,0.9032004210237838,28.425148039569258
