algorithm,makespan,energy,cost,reliability,load_balance
HEFT,411.66,3238.7400000000002,0.08347027777777777,0.9839367130542744,7.025232499118192
GA,411.02,3238.7400000000002,0.06737888888888889,0.9839367130542744,5.479168884663658
