algorithm,makespan,energy,cost,reliability,load_balance
HEFT,604.61,204957.28749110998,0.053758611111111104,0.922302885641844,44.0030319978067
GA,532.78,206449.1915049364,0.050064444444444446,0.924956656874989,99.88993021487869
