algorithm,makespan,energy,cost,reliability,load_balance
HEFT,478.34,3770.52,0.07711666666666667,0.9813239987402486,6.73046060830903
GA,477.93000000000006,3770.52,0.08074444444444445,0.9813239987402486,7.402722472172004
