algorithm,makespan,energy,cost,reliability,load_balance
HEFT,724.55,269708.35165274993,0.06250027777777778,0.9005550351683993,49.56512979572098
GA,672.26,274296.55783476634,0.06006527777777779,0.9024406073239025,120.0870154998727
