algorithm,makespan,energy,cost,reliability,load_balance
HEFT,48.45,618.8,0.008594444444444444,0.9969107814854236,15.757248562425634
GA,48.45,618.8,0.008594444444444446,0.9969107814854236,15.757248562425628
