algorithm,makespan,energy,cost,reliability,load_balance
HEFT,294.15000000000003,500252.7815400306,0.008840833333333334,0.8986525537729042,52.03612373425107
GA,305.15000000000003,497112.0972308701,0.011698333333333335,0.8954948575893326,27.770784818137972
