algorithm,makespan,energy,cost,reliability,load_balance
HEFT,265.54,251993.47921217143,0.019746944444444442,0.9335861809642155,72.18705846329613
GA,272.54,234460.55452410658,0.025632500000000003,0.932541149768246,34.532498455561154
