algorithm,makespan,energy,cost,reliability,load_balance
HEFT,352.96000000000004,636713.0560120128,0.051113333333333344,0.8437420998331022,78.42801237376345
GA,360.67,602146.857986525,0.06970000000000001,0.8416629851748801,29.54865876104384
