algorithm,makespan,energy,cost,reliability,load_balance
HEFT,274.81,138562.10203413267,0.011760000000000001,0.9653806494805297,96.35402593709156
GA,276.81,127863.29778548464,0.0092,0.9652262009328261,69.41758752033131
