algorithm,makespan,energy,cost,reliability,load_balance
HEFT,49.99,535.5200000000001,0.011560833333333334,0.9973259815734932,9.883569337903332
GA,49.99,535.52,0.012716666666666664,0.9973259815734932,16.946264653730793
