algorithm,makespan,energy,cost,reliability,load_balance
HEFT,378.66999999999996,2918.16,0.06378972222222222,0.9855151298958561,16.415401304872177
GA,367.06,2918.159999999999,0.06063194444444444,0.9855151298958561,2.859172374423519
