algorithm,makespan,energy,cost,reliability,load_balance
HEFT,607.87,215411.64809910016,0.05480111111111111,0.9192540068363272,58.298330093294005
GA,558.25,213910.77945364983,0.05517416666666667,0.9210803540565131,59.59858967850383
