algorithm,makespan,energy,cost,reliability,load_balance
HEFT,201.87,182678.1119037004,0.00754888888888889,0.9587098544312961,50.96196754688735
GA,203.87,173829.26075440232,0.0068525,0.9584031163585871,34.716376004944216
