algorithm,makespan,energy,cost,reliability,load_balance
HEFT,103.7,4275.700000000002,0.1752930555555556,0.9788484003250773,15.72365604993358
GA,129.13,4275.7,0.12013472222222221,0.9788484003250773,42.61033372577331
