algorithm,makespan,energy,cost,reliability,load_balance
HEFT,436.49,808399.7378405004,0.08229944444444448,0.7972335553671746,103.58271452460733
GA,466.49,794187.2656862956,0.1359511111111111,0.7896167324826057,49.318092341018804
