algorithm,makespan,energy,cost,reliability,load_balance
HEFT,499.19,880848.6331857609,0.0715538888888889,0.7892078169334504,97.43529323268191
GA,519.19,870305.5179799305,0.10315111111111112,0.7841730154552504,53.83728597252184
