algorithm,makespan,energy,cost,reliability,load_balance
HEFT,507.45,1726698.1957828356,0.08999833333333333,0.655413857083487,82.49090959402619
GA,543.6700000000001,1770083.2118564574,0.1382561111111111,0.6403955798845274,33.73344133145179
