algorithm,makespan,energy,cost,reliability,load_balance
HEFT,565.9300000000001,1012084.3803120528,0.07997194444444446,0.7559080025168001,115.40209874983617
GA,624.49,1046667.2500600491,0.15365250000000003,0.7418747875405359,58.506748844753496
