algorithm,makespan,energy,cost,reliability,load_balance
HEFT,415.16999999999996,143851.61468795914,0.0291275,0.947394967891145,105.76924864218962
GA,431.28,143045.672672046,0.033280000000000004,0.9467846632351152,93.07239346336804
