algorithm,makespan,energy,cost,reliability,load_balance
HEFT,255.74,1892.5800000000002,0.05894111111111111,0.9905817323434556,17.11278932066112
GA,247.14,1892.58,0.061480277777777786,0.9905817323434556,7.880665686772053
