algorithm,makespan,energy,cost,reliability,load_balance
HEFT,470.26,275179.44307404413,0.06368333333333333,0.897791338636859,59.17643449887803
GA,436.51000000000005,267205.3067283682,0.07190833333333335,0.9002186506478015,52.43490958185342
