algorithm,makespan,energy,cost,reliability,load_balance
HEFT,560.5,968436.9342194468,0.06464138888888889,0.7875090628244984,103.53931562717784
GA,595.5,975256.611267842,0.1138575,0.7787381700055249,45.62688444075665
