algorithm,makespan,energy,cost,reliability,load_balance
HEFT,825.5899999999999,299688.4071754745,0.06956305555555556,0.8898546003460902,75.39049055860201
GA,748.2999999999998,297769.9790458372,0.07831083333333333,0.8926099318253018,69.18170952884392
