algorithm,makespan,energy,cost,reliability,load_balance
HEFT,563.52,4385.980000000001,0.08872694444444446,0.9783088120952844,12.561733890404374
GA,557.33,4385.980000000001,0.10235611111111113,0.9783088120952844,11.835152090277486
