algorithm,makespan,energy,cost,reliability,load_balance
HEFT,321.22,96904.92114438704,0.010536388888888887,0.9723677523863843,151.5963850437514
GA,324.22,83941.43418049472,0.01053638888888889,0.9722510752568657,93.00301442247272
