algorithm,makespan,energy,cost,reliability,load_balance
HEFT,366.41999999999996,336413.56585339224,0.029087500000000002,0.9127569902737105,88.28541728394332
GA,369.13,311329.88697748765,0.04823,0.912361304633574,34.15008382127341
