algorithm,makespan,energy,cost,reliability,load_balance
HEFT,81.59,1809.6600000000003,0.06902111111111112,0.9909925126785644,15.124554084335841
GA,88.03999999999999,1809.6600000000003,0.05766666666666667,0.9909925126785644,26.616668516489185
