algorithm,makespan,energy,cost,reliability,load_balance
HEFT,289.91999999999996,167959.92560016556,0.027446111111111116,0.9412542355103164,77.23636744019711
GA,305.91999999999996,163977.94943122382,0.036162222222222214,0.9400502008354459,51.15293845420807
