algorithm,makespan,energy,cost,reliability,load_balance
HEFT,131.87,1863.9400000000003,0.06300388888888889,0.9907235938045653,9.190083067400112
GA,125.81,1863.9400000000003,0.0638036111111111,0.9907235938045653,7.630077583391367
