algorithm,makespan,energy,cost,reliability,load_balance
HEFT,167.53000000000003,4287.960000000002,0.1698144444444445,0.9787883987572042,14.47898471348504
GA,175.84000000000003,4287.960000000001,0.1969805555555556,0.9787883987572042,37.31810496707106
