algorithm,makespan,energy,cost,reliability,load_balance
HEFT,467.08000000000004,462877.9805600754,0.06648444444444446,0.8592858858237966,111.22808109915411
GA,495.08000000000004,457919.9851337158,0.11164666666666669,0.8554448952982657,70.76309828104853
