algorithm,makespan,energy,cost,reliability,load_balance
HEFT,401.17,391715.8685843907,0.043195555555555556,0.8923314809671649,111.7561734536397
GA,413.17,365672.2104218603,0.05048638888888889,0.8906198482169617,56.90126909832504
