algorithm,makespan,energy,cost,reliability,load_balance
HEFT,99.31,2660.06,0.1464216666666667,0.9867877581577542,8.753957367004555
GA,111.80000000000001,2660.06,0.12891583333333337,0.9867877581577542,29.745670770438732
