algorithm,makespan,energy,cost,reliability,load_balance
HEFT,195.82,334881.66796037176,0.010034444444444445,0.9280560029595949,35.66187482067938
GA,202.82,335480.4941327285,0.008333888888888889,0.9259794840823695,25.037665038188287
