algorithm,makespan,energy,cost,reliability,load_balance
HEFT,85.13,1944.4999999999995,0.07348472222222223,0.9903246107015723,15.917183154796371
GA,89.08,1944.5,0.055641666666666666,0.9903246107015723,22.853440286238452
