algorithm,makespan,energy,cost,reliability,load_balance
HEFT,357.68,335641.6318217401,0.033160833333333334,0.9081032458152392,88.36095121479472
GA,362.68,321812.45574611233,0.03552527777777778,0.9073770537341497,60.51274868089093
