algorithm,makespan,energy,cost,reliability,load_balance
HEFT,337.53,325890.88895801856,0.03426833333333334,0.9049116177463851,84.15180865307254
GA,357.53,320651.0570022096,0.04686833333333333,0.9020205287790066,52.572179013714084
