algorithm,makespan,energy,cost,reliability,load_balance
HEFT,93.2,2326.0,0.07180500000000001,0.9884373670375405,11.48462015044468
GA,103.82,2326.0,0.06976500000000002,0.9884373670375405,27.24217453386079
