algorithm,makespan,energy,cost,reliability,load_balance
HEFT,437.23999999999995,779380.4973927361,0.07339722222222224,0.8015845682676132,84.23695174155861
GA,465.0,786549.3525591397,0.12078555555555559,0.794495465805702,47.15248749980594
