algorithm,makespan,energy,cost,reliability,load_balance
HEFT,89.14,4105.700000000001,0.19360222222222223,0.9796807751745488,11.426782379320734
GA,116.95,4105.700000000001,0.17968722222222228,0.9796807751745488,33.74123189419591
