algorithm,makespan,energy,cost,reliability,load_balance
HEFT,368.17,375015.79012412747,0.06165166666666668,0.8790783938556088,83.68128201445849
GA,367.43000000000006,351798.54108265525,0.08886444444444445,0.879182482899391,37.69248501027758
