algorithm,makespan,energy,cost,reliability,load_balance
HEFT,461.8,467036.3903637939,0.07939277777777777,0.8536131276107294,107.2427429226954
GA,511.13,471610.1359536713,0.1267811111111111,0.846902248568712,53.119256171844114
