algorithm,makespan,energy,cost,reliability,load_balance
HEFT,92.36000000000001,1200.68,0.04550305555555556,0.9940145843986029,11.069454432291211
GA,98.39,1200.68,0.03858138888888889,0.9940145843986029,32.168933438512205
