algorithm,makespan,energy,cost,reliability,load_balance
HEFT,295.43000000000006,158533.10675963853,0.01990444444444445,0.9541870095143316,104.85818660559742
GA,300.43000000000006,145688.53553240356,0.027167222222222225,0.9538054110353096,70.08890791344948
