algorithm,makespan,energy,cost,reliability,load_balance
HEFT,189.61,2428.6399999999994,0.07405805555555556,0.987930231122983,16.105801084436276
GA,162.19,2428.6399999999994,0.07579027777777779,0.987930231122983,11.156443365671183
