algorithm,makespan,energy,cost,reliability,load_balance
HEFT,405.68999999999994,228964.4384628657,0.04619777777777778,0.9221265581875511,110.76779237924455
GA,426.68999999999994,218770.18931777167,0.062605,0.9205786861463701,54.18394227075027
