algorithm,makespan,energy,cost,reliability,load_balance
HEFT,321.51,1077000.4657086872,0.030701111111111113,0.784231673790601,47.357301135184336
GA,338.7099999999999,1100398.1109208467,0.0360475,0.7756461927094432,25.942591186602744
