algorithm,makespan,energy,cost,reliability,load_balance
HEFT,169.29,156224.8235572095,0.008324722222222223,0.9622455609761305,44.81392713208696
GA,171.07000000000002,148803.79482083357,0.007916111111111113,0.9619715524610291,32.00337750404895
