algorithm,makespan,energy,cost,reliability,load_balance
HEFT,48.6,591.34,0.008213055555555557,0.9970476667326786,16.95276279106152
GA,48.6,591.34,0.011341388888888889,0.9970476667326786,18.844173801204448
