algorithm,makespan,energy,cost,reliability,load_balance
HEFT,1002.6400000000001,418919.059782175,0.10348083333333334,0.8535963969573892,48.287022756291975
GA,910.8000000000001,422562.94016249455,0.09449611111111111,0.8567379355262859,47.98877264527603
