algorithm,makespan,energy,cost,reliability,load_balance
HEFT,172.07,296604.0500377753,0.008634166666666667,0.9367875094465464,33.40401282001668
GA,174.07,290766.9924168438,0.008300833333333332,0.9361881572536602,24.94232382199239
