algorithm,makespan,energy,cost,reliability,load_balance
HEFT,637.01,402059.86064582976,0.10462333333333336,0.8534861194269842,71.50121206515112
GA,681.16,413249.8858271184,0.11880194444444446,0.8504769238209233,90.02344558700885
