algorithm,makespan,energy,cost,reliability,load_balance
HEFT,374.46000000000004,5715.319999999999,0.14097083333333332,0.9718278492816796,15.385344371465047
GA,403.58,5715.32,0.15382444444444443,0.9718278492816796,81.94777234835088
