algorithm,makespan,energy,cost,reliability,load_balance
HEFT,305.08000000000004,1019114.6763471877,0.027113611111111116,0.7976791739721565,43.91381006228575
GA,329.05000000000007,1064166.3101048472,0.02815444444444445,0.7855355221236872,20.935177577901126
