algorithm,makespan,energy,cost,reliability,load_balance
HEFT,706.25,464226.9263433628,0.12094055555555558,0.8325679823342588,63.8239372778181
GA,752.1100000000001,476333.32077754586,0.1420288888888889,0.8295190532960037,96.31850288607214
