algorithm,makespan,energy,cost,reliability,load_balance
HEFT,402.3,5900.840000000002,0.1539138888888889,0.9709267997400718,14.3501993515272
GA,392.50999999999993,5900.840000000002,0.16898611111111114,0.9709267997400718,22.85882371051868
