algorithm,makespan,energy,cost,reliability,load_balance
HEFT,343.07,1146061.3828373218,0.02960222222222222,0.7749230072870027,49.31781641000936
GA,365.96,1185284.717209531,0.03243722222222222,0.7636534440430593,25.120797863377245
