algorithm,makespan,energy,cost,reliability,load_balance
HEFT,479.13,3662.4200000000014,0.07434916666666667,0.9818545477295159,17.340952251822863
GA,462.65,3662.420000000001,0.07871166666666668,0.9818545477295157,4.730097779116194
