algorithm,makespan,energy,cost,reliability,load_balance
HEFT,612.71,236454.03624879633,0.0565088888888889,0.9138324860330737,92.30138546269681
GA,659.6600000000001,235350.49815056243,0.0673738888888889,0.9121179191065707,57.20916265482891
