algorithm,makespan,energy,cost,reliability,load_balance
HEFT,378.33000000000004,656705.1955171411,0.033729444444444444,0.8518023181709122,72.76906950769764
GA,393.33,651026.974042153,0.03818277777777778,0.8477234641247993,42.17042710451744
