algorithm,makespan,energy,cost,reliability,load_balance
HEFT,103.05000000000001,4529.199999999999,0.22055555555555556,0.9776084959330716,13.059952761362968
GA,116.99,4529.200000000001,0.16692305555555553,0.9776084959330716,30.101359603845143
