algorithm,makespan,energy,cost,reliability,load_balance
HEFT,495.73,909675.0069594334,0.09090722222222221,0.772569273343239,111.38199373067155
GA,532.73,896736.5543521108,0.14661972222222225,0.7634759916034362,37.41175352229435
