algorithm,makespan,energy,cost,reliability,load_balance
HEFT,321.01,106861.37544001745,0.02167027777777778,0.9624896173954399,109.8503149365839
GA,322.01,104766.29468028944,0.023817777777777778,0.9624511185807255,98.72095231003394
