algorithm,makespan,energy,cost,reliability,load_balance
HEFT,369.21000000000004,337073.3469299315,0.024690000000000004,0.9185850334552064,92.33400398372567
GA,376.6800000000001,318776.1533928003,0.03360361111111112,0.9174877964626647,51.35928891966219
