algorithm,makespan,energy,cost,reliability,load_balance
HEFT,1089.0999999999997,384362.02441465436,0.10563416666666664,0.859848730477063,58.693479691813494
GA,930.5599999999997,381585.36441497586,0.0895122222222222,0.8653188735838084,71.93174003873388
