algorithm,makespan,energy,cost,reliability,load_balance
HEFT,278.0,4039.7599999999998,0.11934666666666668,0.9800038291786499,11.51315644940914
GA,275.14,4039.76,0.10498277777777776,0.9800038291786499,35.30568388072541
