algorithm,makespan,energy,cost,reliability,load_balance
HEFT,521.36,311491.4867462022,0.06828333333333332,0.8882528815596228,104.22983469751561
GA,540.55,305875.12879474607,0.10032500000000001,0.8868902819349433,58.49394460418224
