algorithm,makespan,energy,cost,reliability,load_balance
HEFT,582.48,578390.5591093258,0.09163916666666667,0.8213079077082875,125.16668100144172
GA,631.73,581471.2002121159,0.14525444444444446,0.8148614338599679,63.72880818685274
