algorithm,makespan,energy,cost,reliability,load_balance
HEFT,77.82,2770.7599999999998,0.10048138888888886,0.9862417222629881,13.150297540482716
GA,89.99,2770.7599999999998,0.08521416666666663,0.9862417222629881,27.130456215026754
