algorithm,makespan,energy,cost,reliability,load_balance
HEFT,360.46,647967.4358319924,0.04470416666666667,0.8429058598432153,79.61301109165913
GA,393.46,654877.618360189,0.07321527777777777,0.8340516067005151,35.66577630722167
