algorithm,makespan,energy,cost,reliability,load_balance
HEFT,490.35999999999996,884943.9287462272,0.08089722222222223,0.7746778604317749,98.87746561299186
GA,517.36,882639.5991959175,0.14427444444444446,0.7680134753190865,55.28736972591188
