algorithm,makespan,energy,cost,reliability,load_balance
HEFT,481.9499999999999,259616.75082477435,0.036886944444444444,0.9198631224072606,153.10899217784132
GA,501.5399999999999,238937.42337600185,0.056446111111111114,0.9184226419771212,69.87140289744539
