algorithm,makespan,energy,cost,reliability,load_balance
HEFT,807.9599999999999,490063.9051561958,0.12455694444444443,0.8253349294022438,108.03685058316246
GA,846.9499999999999,498374.4796623178,0.14427666666666666,0.8227645555295621,110.2375949532256
