algorithm,makespan,energy,cost,reliability,load_balance
HEFT,418.51,6297.159999999997,0.18047361111111115,0.9690047162230154,16.715780183493
GA,438.39000000000004,6297.159999999998,0.17933500000000002,0.9690047162230154,34.913749952050196
