algorithm,makespan,energy,cost,reliability,load_balance
HEFT,141.6,4042.859999999999,0.15274638888888892,0.9799886392370201,7.2092038106390985
GA,169.57,4042.8599999999983,0.12062111111111111,0.9799886392370201,44.13481988464437
