algorithm,makespan,energy,cost,reliability,load_balance
HEFT,594.93,572415.0332308002,0.0685138888888889,0.8370729966912773,143.0768380917517
GA,639.93,564110.7633647429,0.12095111111111112,0.8310677160681333,66.8133593303016
