algorithm,makespan,energy,cost,reliability,load_balance
HEFT,763.19,455707.53552850545,0.1098388888888889,0.8391367450825693,134.6655183355095
GA,791.33,449245.59331757925,0.1305713888888889,0.8372498051784976,64.44006606363561
