algorithm,makespan,energy,cost,reliability,load_balance
HEFT,378.35,216979.76297079423,0.03918833333333334,0.9255625168308127,103.60689493740959
GA,401.35,211305.7063410988,0.057245000000000004,0.9238610476315485,66.05283593998283
