algorithm,makespan,energy,cost,reliability,load_balance
HEFT,227.60000000000002,207821.56362038665,0.009282500000000003,0.951492000055636,58.69112265354391
GA,228.60000000000002,197903.79632545932,0.009241666666666669,0.9513397735140752,42.760041919998166
