algorithm,makespan,energy,cost,reliability,load_balance
HEFT,729.0799999999998,1288900.6770861906,0.10805194444444445,0.6985998229813533,137.39533056838567
GA,730.0299999999999,1218222.8823609985,0.2171122222222222,0.6983874809127966,43.73629271789786
