algorithm,makespan,energy,cost,reliability,load_balance
HEFT,125.27,6157.9000000000015,0.2826880555555556,0.9696796691645181,12.80817763834194
GA,156.7,6157.900000000001,0.2580330555555555,0.9696796691645181,39.55717546216306
