algorithm,makespan,energy,cost,reliability,load_balance
HEFT,539.7700000000001,4196.099999999999,0.09143138888888891,0.979238059525444,13.04818346233174
GA,531.6700000000001,4196.099999999999,0.09343805555555557,0.9792380595254438,6.415483224200637
