algorithm,makespan,energy,cost,reliability,load_balance
HEFT,803.7800000000001,304689.0566572944,0.08435388888888891,0.8885567159978436,19.404620583768146
GA,697.8900000000001,307973.6081617447,0.0719152777777778,0.8923282685796158,80.49969958536077
