algorithm,makespan,energy,cost,reliability,load_balance
HEFT,422.02000000000004,240474.4456186911,0.04049972222222222,0.9194864236254997,122.90414229332201
GA,442.41,228087.2301259013,0.057913611111111124,0.9179877799973258,64.87960933253882
