algorithm,makespan,energy,cost,reliability,load_balance
HEFT,156.37,2362.2599999999998,0.09508777777777781,0.9882581795867298,6.822392620732746
GA,164.42000000000002,2362.26,0.09269583333333334,0.9882581795867298,31.060043895424787
