algorithm,makespan,energy,cost,reliability,load_balance
HEFT,183.14,1316.0200000000002,0.02835305555555556,0.993441501452131,13.411600389215288
GA,173.02,1316.0200000000002,0.03619972222222222,0.993441501452131,5.727642767026123
