algorithm,makespan,energy,cost,reliability,load_balance
HEFT,240.80000000000004,85818.3348421927,0.01702388888888889,0.9688556947577048,70.7201321524972
GA,241.80000000000004,85774.80334987593,0.02034805555555556,0.9688169413049887,70.21807809721558
