algorithm,makespan,energy,cost,reliability,load_balance
HEFT,703.76,413938.9461179947,0.10363361111111113,0.8489070333678571,64.48866871673768
GA,699.73,410463.4199762766,0.12088500000000002,0.8491807651186022,39.160364346036005
