algorithm,makespan,energy,cost,reliability,load_balance
HEFT,289.28,500929.4132674225,0.021838888888888887,0.8895044224949159,56.34512935038925
GA,302.32,499695.5526925113,0.028133611111111116,0.8858004318214393,34.349975746282
