algorithm,makespan,energy,cost,reliability,load_balance
HEFT,1141.58,411226.2333345013,0.10933583333333333,0.8515471564215269,82.3069468007813
GA,957.91,409617.6896472529,0.09469583333333334,0.8578263407826883,83.3513316730252
