algorithm,makespan,energy,cost,reliability,load_balance
HEFT,743.2899999999998,5831.719999999999,0.13023750000000006,0.97126241003218,15.985285942599402
GA,742.67,5831.72,0.13007055555555555,0.97126241003218,17.98247016773094
