algorithm,makespan,energy,cost,reliability,load_balance
HEFT,467.03,803093.588891506,0.053631944444444433,0.8118367547339057,78.86546767714931
GA,494.42,815450.1470409773,0.07394250000000001,0.8047522603875653,41.163483092694925
