algorithm,makespan,energy,cost,reliability,load_balance
HEFT,186.59,4759.419999999998,0.17941944444444446,0.9764838182258436,18.786114098361768
GA,182.14999999999998,4759.419999999999,0.1680619444444445,0.9764838182258436,26.959502275017368
