algorithm,makespan,energy,cost,reliability,load_balance
HEFT,538.0400000000001,529818.7637164524,0.0771011111111111,0.8352865828678554,112.65353732980014
GA,606.6,549865.2392845369,0.13577777777777778,0.8261738958132844,56.21139273240494
