algorithm,makespan,energy,cost,reliability,load_balance
HEFT,447.70000000000005,447236.8215546125,0.06824416666666666,0.8601136046745824,101.5364717047525
GA,487.70000000000005,448291.61794135754,0.11376805555555555,0.8546264552124014,51.222258764297635
