algorithm,makespan,energy,cost,reliability,load_balance
HEFT,165.98000000000002,4616.620000000001,0.21618416666666668,0.9771812766350788,9.199629317713484
GA,191.01,4616.620000000001,0.21168972222222227,0.9771812766350788,45.445820998745305
