algorithm,makespan,energy,cost,reliability,load_balance
HEFT,329.64,595389.7006127897,0.039445833333333326,0.8569048443325162,75.61692404159334
GA,341.68,571787.154150082,0.05693249999999999,0.8536097131650479,35.45653843286353
