algorithm,makespan,energy,cost,reliability,load_balance
HEFT,361.12,1260824.4330416482,0.07359388888888888,0.7247851593307783,68.96001125278423
GA,374.12,1236833.8873088849,0.10367666666666667,0.7187799630627559,32.82695011071587
