algorithm,makespan,energy,cost,reliability,load_balance
HEFT,132.79000000000002,6461.84,0.27188638888888894,0.9682071661361089,13.496840430741681
GA,165.60999999999999,6461.840000000003,0.27417027777777786,0.9682071661361089,39.051655844452334
