algorithm,makespan,energy,cost,reliability,load_balance
HEFT,538.1199999999999,953796.0771760945,0.09722083333333333,0.7510964550343131,88.98489065237604
GA,619.3500000000001,1045559.3803019295,0.20541166666666674,0.7318243154813026,52.126272088407376
