algorithm,makespan,energy,cost,reliability,load_balance
HEFT,265.52,876956.255573968,0.010269166666666666,0.8330520114908394,33.54332524145404
GA,271.52,881142.1605038302,0.013731666666666666,0.829859225838461,22.451361361488235
