algorithm,makespan,energy,cost,reliability,load_balance
HEFT,304.03,2359.08,0.06302027777777777,0.9882738930167067,8.61006194325372
GA,302.43000000000006,2359.08,0.05378055555555557,0.9882738930167067,9.07575708504076
