algorithm,makespan,energy,cost,reliability,load_balance
HEFT,443.73999999999995,174691.6235858836,0.03706416666666666,0.9370970751771102,104.86321260734545
GA,470.24999999999994,169213.19585326948,0.043195555555555556,0.9361039041109557,41.140301712554326
