algorithm,makespan,energy,cost,reliability,load_balance
HEFT,223.82000000000002,114215.57729425433,0.009484722222222224,0.9692006687867724,76.78693637731803
GA,223.82000000000002,113944.64172102584,0.010664722222222223,0.9692006687867724,76.2207575659582
