algorithm,makespan,energy,cost,reliability,load_balance
HEFT,727.7199999999999,429318.70116253494,0.09063944444444445,0.846955096917874,117.43555265244721
GA,777.6299999999998,430767.10645165434,0.12649249999999998,0.8435801169007933,55.47958052614619
