algorithm,makespan,energy,cost,reliability,load_balance
HEFT,385.53999999999996,5421.300000000001,0.1283688888888889,0.9732575840719717,19.047791351155183
GA,362.29999999999995,5421.3,0.1415986111111111,0.9732575840719717,23.391866985587708
