algorithm,makespan,energy,cost,reliability,load_balance
HEFT,264.95000000000005,88248.1941498396,0.014375000000000002,0.9692502931313866,94.6725945913952
GA,278.26,80825.37044490765,0.019429444444444447,0.9687344016178301,34.25169436198254
