algorithm,makespan,energy,cost,reliability,load_balance
HEFT,184.28000000000003,1268.0400000000002,0.028213888888888893,0.9936798566578932,20.302043411111782
GA,161.72000000000003,1268.0400000000002,0.03080638888888889,0.9936798566578932,2.6684389943685694
