algorithm,makespan,energy,cost,reliability,load_balance
HEFT,447.95000000000005,423618.0284629981,0.051305,0.8783676827009924,103.54886554786587
GA,469.24000000000007,410325.3934660302,0.08075500000000001,0.8753807013415922,46.499914224831286
