algorithm,makespan,energy,cost,reliability,load_balance
HEFT,124.44,3189.82,0.12422111111111112,0.984177413410741,11.183988685467572
GA,141.19,3189.82,0.13366611111111112,0.984177413410741,30.41235455507076
