algorithm,makespan,energy,cost,reliability,load_balance
HEFT,390.95000000000005,1334688.67225988,0.06596083333333333,0.7245776105835448,66.24365405965014
GA,378.26000000000005,1242233.1404853803,0.07684194444444446,0.7304863016400428,33.2676679637457
