algorithm,makespan,energy,cost,reliability,load_balance
HEFT,215.74999999999997,1685.62,0.042662222222222226,0.9916073168659992,3.995634075671419
GA,214.70000000000002,1685.62,0.04093611111111111,0.9916073168659992,3.796721173152791
