algorithm,makespan,energy,cost,reliability,load_balance
HEFT,457.27000000000004,155834.20001312136,0.03663694444444445,0.9412948985716062,73.09715133528351
GA,404.82000000000005,155088.65436490293,0.03355805555555556,0.9432718083220065,85.06794500084432
