algorithm,makespan,energy,cost,reliability,load_balance
HEFT,58.26,654.04,0.009083888888888891,0.9967351412800823,17.11336375326642
GA,58.26,654.04,0.010742777777777778,0.9967351412800823,17.742628262500748
