algorithm,makespan,energy,cost,reliability,load_balance
HEFT,233.54999999999998,397119.98372939415,0.010028333333333334,0.9179679516754246,41.129979446556895
GA,238.54999999999998,393550.72571787884,0.007628611111111111,0.9165003773253065,28.969096819965163
