algorithm,makespan,energy,cost,reliability,load_balance
HEFT,165.40000000000003,50871.189056831936,0.006584166666666667,0.9840316675285639,71.60265701541158
GA,165.40000000000003,51646.29365175333,0.006584166666666668,0.9840316675285639,74.52705207954135
