algorithm,makespan,energy,cost,reliability,load_balance
HEFT,1025.0500000000002,343288.4957416712,0.088085,0.8735618017941049,102.74721115436667
GA,870.6299999999999,335847.7157230971,0.07820166666666666,0.8789743171352398,86.11043529483912
