algorithm,makespan,energy,cost,reliability,load_balance
HEFT,443.0899999999999,274843.5228960256,0.05882333333333333,0.8993620502988459,78.22943271465762
GA,437.43999999999994,268778.0875091441,0.06703777777777778,0.8997686538310566,54.350170718617406
