algorithm,makespan,energy,cost,reliability,load_balance
HEFT,425.4899999999999,136574.94032762226,0.037253888888888885,0.9492662132052707,95.07040724291302
GA,388.5799999999999,128353.67661742753,0.03316583333333333,0.9506687449366062,40.2235312555557
