algorithm,makespan,energy,cost,reliability,load_balance
HEFT,440.9100000000001,132164.27386541473,0.03392277777777779,0.9494876078998082,61.11319190649431
GA,344.77,126491.80413028976,0.025343055555555556,0.9531459872680604,72.238748316491
