algorithm,makespan,energy,cost,reliability,load_balance
HEFT,288.9,2203.0600000000004,0.06242027777777778,0.9890451462688674,12.41019574113692
GA,278.28,2203.0600000000004,0.06365916666666666,0.9890451462688674,3.423637198458191
