algorithm,makespan,energy,cost,reliability,load_balance
HEFT,160.73,281831.7143034903,0.010605555555555556,0.9380019979195335,34.33992841971235
GA,163.16,272449.49056141207,0.00872888888888889,0.9372728910794293,22.36340790003227
