algorithm,makespan,energy,cost,reliability,load_balance
HEFT,745.5100000000001,291354.78449651913,0.0753163888888889,0.8939577182048007,30.49069079243697
GA,673.14,295338.2288528389,0.06557500000000001,0.8965492962477629,89.60124157435911
