algorithm,makespan,energy,cost,reliability,load_balance
HEFT,702.0699999999999,1233501.478143205,0.09641722222222225,0.7158040662209708,131.81422941935878
GA,734.7199999999999,1220577.2767584927,0.2040741666666667,0.7083642784659093,55.59855173328446
