algorithm,makespan,energy,cost,reliability,load_balance
HEFT,176.48,2542.94,0.08249083333333335,0.9873657903002241,8.99646904941838
GA,180.32999999999998,2542.94,0.05941749999999999,0.9873657903002241,23.71282711198428
