algorithm,makespan,energy,cost,reliability,load_balance
HEFT,358.01,196989.15706265185,0.034383611111111115,0.933668713630503,98.27166191590678
GA,380.11,189041.493041488,0.05433111111111112,0.9320194457272407,47.32285275484926
