algorithm,makespan,energy,cost,reliability,load_balance
HEFT,385.08000000000004,678673.8494858211,0.04040944444444444,0.8413798973647068,78.90815509389749
GA,406.16,673417.3961000593,0.04804944444444444,0.8357233848634715,39.29492060666202
