algorithm,makespan,energy,cost,reliability,load_balance
HEFT,161.75,2079.36,0.10302944444444444,0.9896570599066202,17.223979132095376
GA,152.99,2079.3599999999997,0.09857611111111111,0.9896570599066202,19.263612626622546
