algorithm,makespan,energy,cost,reliability,load_balance
HEFT,265.74,147344.61104839318,0.025642777777777778,0.9497398253014547,73.01557343666977
GA,266.90000000000003,142422.3675533908,0.029305,0.9496516935350439,57.84115903551233
