algorithm,makespan,energy,cost,reliability,load_balance
HEFT,233.57000000000002,72062.33116410498,0.009039166666666668,0.9783959832938613,107.70305856845481
GA,233.57000000000002,71167.68716016613,0.008679166666666668,0.9783959832938613,104.41938912385957
