algorithm,makespan,energy,cost,reliability,load_balance
HEFT,613.98,1076091.0195446108,0.0939741666666667,0.7413950980762505,109.1383008503431
GA,669.1800000000001,1109960.681012583,0.1890986111111111,0.7284140809302332,42.73344293124606
