algorithm,makespan,energy,cost,reliability,load_balance
HEFT,709.0599999999998,452748.77433503506,0.11530999999999998,0.8359771490025631,63.45708143248131
GA,712.31,456768.63150875317,0.12359722222222222,0.8357598231974015,87.06153660117158
