algorithm,makespan,energy,cost,reliability,load_balance
HEFT,369.12,647612.9535923277,0.0411838888888889,0.848942688212005,74.00581744719955
GA,395.12,652188.3212441788,0.04527694444444445,0.8419087866518205,35.15698072143825
