algorithm,makespan,energy,cost,reliability,load_balance
HEFT,568.5200000000002,373794.6477168789,0.09606055555555557,0.8641659991384139,78.39200469435649
GA,579.7200000000001,374814.44400745194,0.1054077777777778,0.8633920531827519,74.97900315612179
