algorithm,makespan,energy,cost,reliability,load_balance
HEFT,335.31,610448.4294533416,0.04604861111111112,0.8484487473182083,77.12777529904933
GA,365.31,617171.4207111769,0.06756388888888891,0.8403426110530572,42.42876139540709
