algorithm,makespan,energy,cost,reliability,load_balance
HEFT,221.59000000000003,200939.80536125277,0.008424722222222224,0.9535284661582873,55.79512427548367
GA,226.59000000000003,193636.43545611016,0.008424722222222224,0.9527659484331183,38.529229418499064
