algorithm,makespan,energy,cost,reliability,load_balance
HEFT,210.31,65343.69849270125,0.008507500000000001,0.9795488210614417,92.2196867539681
GA,210.31,65343.69849270125,0.008507500000000001,0.9795488210614417,92.2196867539681
