algorithm,makespan,energy,cost,reliability,load_balance
HEFT,346.79999999999995,1173828.7217993077,0.03881944444444444,0.76381016180847,56.36776589896459
GA,370.79999999999995,1209335.8651564184,0.056118611111111105,0.7521676808762408,31.480419170821644
