algorithm,makespan,energy,cost,reliability,load_balance
HEFT,757.83,455565.79681458895,0.10266444444444446,0.8416599551935875,160.1384527526103
GA,851.5,469672.6051203758,0.13019583333333332,0.8353764645397191,132.7588891562444
