algorithm,makespan,energy,cost,reliability,load_balance
HEFT,84.82,3381.959999999998,0.18181138888888887,0.9832323681948322,12.080089840912448
GA,99.07,3381.959999999999,0.12793861111111113,0.9832323681948322,32.993012206154866
