algorithm,makespan,energy,cost,reliability,load_balance
HEFT,414.66999999999996,739434.183688234,0.05289416666666667,0.8260939260507686,89.53075347410595
GA,454.66999999999996,755587.4203048362,0.0823383333333333,0.8155873095925961,44.478492354814115
