algorithm,makespan,energy,cost,reliability,load_balance
HEFT,1144.82,443051.5809996332,0.10753750000000001,0.84310413461765,69.54287598309415
GA,1005.9399999999999,444652.78642861394,0.10405305555555555,0.8478007800302791,65.06628056579432
