algorithm,makespan,energy,cost,reliability,load_balance
HEFT,49.0,1120.7,0.04429833333333334,0.994412170322911,8.163323848163811
GA,59.44,1120.7,0.04178694444444445,0.994412170322911,17.721762974282967
