algorithm,makespan,energy,cost,reliability,load_balance
HEFT,287.95000000000005,266363.15902066336,0.01787777777777778,0.932075368571653,73.33155627013518
GA,296.95000000000005,252395.4807206601,0.01730055555555556,0.9307341459529584,37.45719403532519
