algorithm,makespan,energy,cost,reliability,load_balance
HEFT,318.64000000000004,324057.1110657796,0.040318055555555565,0.9065172678900908,94.31723166836129
GA,337.09,303876.81132635206,0.06263944444444444,0.9038451748650366,43.5224995021732
