algorithm,makespan,energy,cost,reliability,load_balance
HEFT,405.7300000000001,3059.3599999999988,0.07314277777777779,0.9848196017644697,17.59181059470571
GA,391.04,3059.3599999999988,0.07603333333333334,0.9848196017644697,12.98097325575656
