algorithm,makespan,energy,cost,reliability,load_balance
HEFT,670.1999999999999,221787.91790510292,0.051548888888888894,0.9171186736458597,101.65864678750485
GA,635.9599999999999,219441.39590540287,0.051573611111111105,0.9183756199416264,99.30786105171467
