algorithm,makespan,energy,cost,reliability,load_balance
HEFT,332.21000000000004,186331.77481111346,0.028052777777777784,0.937627247201345,96.93673370333575
GA,348.31,175478.09971002844,0.04143166666666667,0.9364203607086974,44.95490500411019
