algorithm,makespan,energy,cost,reliability,load_balance
HEFT,129.32,1783.2000000000003,0.06765777777777779,0.9911236296611889,12.326215964358244
GA,129.53,1783.2,0.059277500000000004,0.9911236296611889,11.42983314463889
