algorithm,makespan,energy,cost,reliability,load_balance
HEFT,336.3,105815.80606601249,0.022691388888888893,0.9606134386492088,77.48900180025552
GA,292.5,100596.20150427349,0.019804722222222224,0.9622979085584888,61.86504074731275
