algorithm,makespan,energy,cost,reliability,load_balance
HEFT,165.35999999999999,1043.1,0.02416694444444445,0.9947980771060708,24.082568211606215
GA,136.64,1043.1,0.023027222222222227,0.9947980771060708,4.187325120726431
