algorithm,makespan,energy,cost,reliability,load_balance
HEFT,394.8999999999999,1345051.421043302,0.06284166666666668,0.7244382152615289,65.94833149187701
GA,402.62999999999994,1316305.877927626,0.07751444444444444,0.7208631251574964,32.10987255426886
