algorithm,makespan,energy,cost,reliability,load_balance
HEFT,288.4,97499.55166435507,0.018041944444444444,0.9654115421555932,95.45685046134719
GA,290.4,91220.9758953168,0.021080277777777778,0.9653343123214554,53.968626379900876
