algorithm,makespan,energy,cost,reliability,load_balance
HEFT,379.53999999999996,218195.0155187859,0.03795027777777778,0.9235776505374723,95.09760578892462
GA,413.53999999999996,218270.38513807612,0.05499888888888889,0.9210689327309352,65.40422789687004
