algorithm,makespan,energy,cost,reliability,load_balance
HEFT,538.48,496282.4130515525,0.048521388888888885,0.8626995452706082,116.84688670078748
GA,570.48,492592.09262375545,0.07619888888888889,0.8582938119007167,62.536387367675786
