algorithm,makespan,energy,cost,reliability,load_balance
HEFT,111.57,3027.74,0.16313638888888893,0.9849753140522407,10.799017065609876
GA,130.33,3027.7399999999993,0.13059722222222223,0.9849753140522407,27.917622324438735
