algorithm,makespan,energy,cost,reliability,load_balance
HEFT,442.02,782283.5635039138,0.057988333333333336,0.8181447516723158,92.13102107736604
GA,447.02,747178.8841215157,0.08678361111111113,0.8168367667366256,48.92321725616119
