algorithm,makespan,energy,cost,reliability,load_balance
HEFT,179.57,4851.4400000000005,0.18005583333333333,0.9760346413621394,16.66725272302947
GA,193.99,4851.440000000001,0.16881083333333333,0.9760346413621394,36.46838018521433
