algorithm,makespan,energy,cost,reliability,load_balance
HEFT,464.03000000000003,472266.44878563896,0.07649555555555555,0.8443281978168952,88.15016327976937
GA,501.48999999999995,474927.05152645125,0.12905666666666668,0.8392827675798026,34.1207699148676
