algorithm,makespan,energy,cost,reliability,load_balance
HEFT,558.28,1893201.4392777816,0.09372361111111112,0.6269237227850587,87.13628072707952
GA,582.63,1902696.9416610883,0.14432499999999998,0.6172294772458494,40.95355545813695
