algorithm,makespan,energy,cost,reliability,load_balance
HEFT,551.67,185659.13905051933,0.048198333333333336,0.9296421052189484,60.30550693482868
GA,491.83000000000004,182985.23042514693,0.04650944444444445,0.9318699617970778,62.0398498278862
