algorithm,makespan,energy,cost,reliability,load_balance
HEFT,350.03999999999996,2666.88,0.06549472222222223,0.9867541092689178,11.451881941410322
GA,341.31,2666.88,0.06641166666666667,0.9867541092689178,10.408890430780787
