algorithm,makespan,energy,cost,reliability,load_balance
HEFT,414.74999999999994,792069.9750452079,0.09477277777777776,0.7797050280415466,93.23478940580256
GA,456.46999999999997,801384.2096742394,0.14138222222222221,0.7693648305018658,44.31777136510997
