algorithm,makespan,energy,cost,reliability,load_balance
HEFT,492.61,169425.9656523416,0.04715666666666667,0.9353811366241574,30.00311706028782
GA,375.76,167781.24898871622,0.03685111111111111,0.939763341291144,22.242616003219286
