algorithm,makespan,energy,cost,reliability,load_balance
HEFT,450.63,821641.9025142579,0.08535305555555554,0.7829246657064928,90.90024980835737
GA,474.63,813910.3926216209,0.11890722222222222,0.77693483466625,44.4851077189902
