algorithm,makespan,energy,cost,reliability,load_balance
HEFT,398.18,401255.2275352856,0.06551916666666667,0.872785375890065,91.2241170232229
GA,415.18,391548.9616070138,0.09561305555555558,0.870414625350025,52.99405419478679
