algorithm,makespan,energy,cost,reliability,load_balance
HEFT,67.95,695.8599999999999,0.01331277777777778,0.9965267457505526,13.885813353923494
GA,57.35,695.8599999999999,0.009921666666666667,0.9965267457505526,11.212638834942341
