algorithm,makespan,energy,cost,reliability,load_balance
HEFT,146.51,76014.3107637704,0.007945277777777777,0.9783376726309321,49.87441555332467
GA,147.51,69571.41176869365,0.007377777777777778,0.9782594087477187,32.71597269901748
