algorithm,makespan,energy,cost,reliability,load_balance
HEFT,443.17,461487.5232077984,0.07608583333333334,0.851014254717243,101.52715597316808
GA,443.09999999999997,434508.4446400361,0.11076027777777779,0.8510237861302717,48.473651812092726
