algorithm,makespan,energy,cost,reliability,load_balance
HEFT,471.39000000000004,851166.85385774,0.07570777777777779,0.7860679813702982,98.24957101605439
GA,522.02,880102.3003333205,0.13453194444444444,0.773435035665783,49.67486134857349
