algorithm,makespan,energy,cost,reliability,load_balance
HEFT,103.99,4492.4,0.22130138888888887,0.977788392446295,12.103927581707756
GA,120.03999999999999,4492.4,0.22211361111111114,0.977788392446295,29.018561440300864
