algorithm,makespan,energy,cost,reliability,load_balance
HEFT,699.7600000000001,258611.0725105751,0.07051250000000002,0.9041854462239081,35.64346083084524
GA,583.19,259033.75212194998,0.06146666666666667,0.9084113266837811,36.14982664780931
