algorithm,makespan,energy,cost,reliability,load_balance
HEFT,250.32,1940.2799999999997,0.056525277777777785,0.9903455067713108,5.912503699787421
GA,250.43,1940.2799999999997,0.05076666666666667,0.9903455067713108,8.595489127055723
