algorithm,makespan,energy,cost,reliability,load_balance
HEFT,404.43999999999994,140292.71580456928,0.034396666666666666,0.9482002166771125,93.47265215024122
GA,401.79999999999995,134637.85674464906,0.03509361111111112,0.9483003519070407,36.71242251155139
