algorithm,makespan,energy,cost,reliability,load_balance
HEFT,225.92999999999998,1645.54,0.053949166666666666,0.9918060548851836,14.867632349054986
GA,216.21999999999997,1645.5399999999997,0.05035944444444444,0.9918060548851836,13.879138722077338
