algorithm,makespan,energy,cost,reliability,load_balance
HEFT,465.72,147316.94462337886,0.03489333333333334,0.9435038817307126,52.23068087819648
GA,406.31000000000006,143119.51581304916,0.03312416666666667,0.9457486905807118,49.068546867282166
