algorithm,makespan,energy,cost,reliability,load_balance
HEFT,1006.4499999999998,343521.5643996224,0.10414388888888887,0.8728984962048184,19.436900258700422
GA,874.6899999999998,340327.941590735,0.09010027777777775,0.8775111650669869,73.69549844913634
