algorithm,makespan,energy,cost,reliability,load_balance
HEFT,1094.81,430628.1133986719,0.11356388888888888,0.8475790243531305,50.817667121451585
GA,960.7400000000001,433137.0976434831,0.10023805555555557,0.8521366309884475,43.52848291636193
