algorithm,makespan,energy,cost,reliability,load_balance
HEFT,320.96999999999997,173610.68130977976,0.021578611111111114,0.9471304921386429,107.61416539125851
GA,324.96999999999997,171447.57780718218,0.023281944444444445,0.9468274588690675,100.46009154314534
