algorithm,makespan,energy,cost,reliability,load_balance
HEFT,72.02,978.46,0.023993055555555556,0.9951196478076176,5.793040005040532
GA,74.0,978.4599999999999,0.025538611111111116,0.9951196478076176,12.867906853319784
