algorithm,makespan,energy,cost,reliability,load_balance
HEFT,121.61000000000001,1549.5800000000002,0.06736388888888889,0.9922820376094418,11.957300743538596
GA,113.58,1549.5800000000002,0.05316555555555556,0.9922820376094418,8.929396776138592
