algorithm,makespan,energy,cost,reliability,load_balance
HEFT,361.65,192606.89254804366,0.0295225,0.9397426667250567,111.61041220468636
GA,378.36,180161.93500898615,0.034148333333333336,0.9384872580303051,57.11365959645731
