algorithm,makespan,energy,cost,reliability,load_balance
HEFT,223.44,206524.13144468312,0.01099,0.9520923905525254,60.607888069540905
GA,224.44,194233.25472286576,0.009265833333333334,0.9519400679561697,41.6303567474105
