algorithm,makespan,energy,cost,reliability,load_balance
HEFT,348.22999999999996,153011.8872871378,0.032070555555555554,0.9448041704499249,33.824612710273556
GA,354.53999999999996,152117.16937440063,0.03505083333333334,0.9445657319695054,18.675055332358916
