algorithm,makespan,energy,cost,reliability,load_balance
HEFT,650.1400000000001,414062.78646137763,0.10563583333333333,0.8498688801873284,79.76291537828129
GA,702.03,420563.84452231386,0.13213361111111113,0.8463482170361376,59.009698098218216
