algorithm,makespan,energy,cost,reliability,load_balance
HEFT,226.94,1625.94,0.03776694444444445,0.9919032566413706,16.96121924666187
GA,211.29,1625.94,0.036479722222222226,0.9919032566413706,8.099116721387993
