algorithm,makespan,energy,cost,reliability,load_balance
HEFT,399.62,141984.9737750863,0.03440527777777778,0.9479211076201918,97.10969021335274
GA,394.97,135540.4127908449,0.03916138888888889,0.9480974373443651,34.75715274107862
