algorithm,makespan,energy,cost,reliability,load_balance
HEFT,1181.3599999999997,403954.63135707984,0.10777499999999998,0.85282100094515,86.87761832984744
GA,1020.8,397919.56514498434,0.102055,0.8583157845035495,80.83990124519784
