algorithm,makespan,energy,cost,reliability,load_balance
HEFT,255.68,129647.97876251565,0.008990833333333333,0.9671504609767123,90.15828849267588
GA,262.68,114517.12726511345,0.008990833333333335,0.9666090083394537,40.90961585792339
