algorithm,makespan,energy,cost,reliability,load_balance
HEFT,54.099999999999994,648.66,0.014683055555555555,0.9967619538160097,9.336789655520176
GA,52.6,648.66,0.014683055555555553,0.9967619538160097,7.322043894003524
