algorithm,makespan,energy,cost,reliability,load_balance
HEFT,82.07,1118.14,0.06905805555555555,0.9944248988801537,10.303226869703076
GA,83.78,1118.14,0.05160944444444446,0.9944248988801537,14.66927687135843
