algorithm,makespan,energy,cost,reliability,load_balance
HEFT,319.84999999999997,163052.5828357042,0.017256111111111114,0.9538897311605398,104.05545732925302
GA,325.84999999999997,145596.44278042042,0.01674888888888889,0.9534319739600997,43.42199903274835
