algorithm,makespan,energy,cost,reliability,load_balance
HEFT,611.8599999999999,4816.819999999999,0.10304805555555555,0.9762036075821635,12.750200978808085
GA,622.3399999999999,4816.820000000001,0.09382416666666667,0.9762036075821635,15.815963191240247
