algorithm,makespan,energy,cost,reliability,load_balance
HEFT,858.0700000000002,336086.4077988975,0.08469083333333335,0.8787465165164738,31.788360553301136
GA,728.1500000000001,340515.0711803887,0.07403777777777779,0.8833250730304371,59.99654378934399
