algorithm,makespan,energy,cost,reliability,load_balance
HEFT,658.94,215743.2305976265,0.055421388888888895,0.9184215398706121,68.48237309702405
GA,527.07,211415.52774773748,0.044901944444444446,0.9232788291616646,80.74065905725566
