algorithm,makespan,energy,cost,reliability,load_balance
HEFT,399.07,3110.4000000000005,0.09231083333333334,0.9845683078685644,7.46804302790675
GA,399.22999999999996,3110.4,0.08066166666666669,0.9845683078685644,14.847736078832572
