algorithm,makespan,energy,cost,reliability,load_balance
HEFT,83.4,1895.6799999999998,0.08369055555555557,0.9905663784455973,11.15258893710335
GA,85.75999999999999,1895.6799999999998,0.061228333333333336,0.9905663784455973,19.09515645392831
