algorithm,makespan,energy,cost,reliability,load_balance
HEFT,440.87999999999994,409479.8701914352,0.03995888888888889,0.8977335227363428,114.26462421173927
GA,442.87999999999994,391601.8463466401,0.05658527777777778,0.8974462939681211,85.91364291882478
