algorithm,makespan,energy,cost,reliability,load_balance
HEFT,116.32,1257.7,0.03764277777777778,0.9937312312345037,16.514181730085376
GA,91.13,1257.7,0.03834888888888889,0.9937312312345037,12.535618894630955
