algorithm,makespan,energy,cost,reliability,load_balance
HEFT,279.21,144849.92976612583,0.01765222222222222,0.956951278005717,89.38640211983348
GA,287.21,133344.20678249365,0.02214361111111111,0.9563390251296119,48.32400998542472
