algorithm,makespan,energy,cost,reliability,load_balance
HEFT,377.85,356961.774619558,0.04846972222222223,0.888338513264787,70.92324403889039
GA,406.05000000000007,361073.4517916514,0.07317972222222222,0.8843393587700876,32.62151005599424
