algorithm,makespan,energy,cost,reliability,load_balance
HEFT,88.16,577.92,0.020159999999999997,0.9971145708757253,15.24034120352953
GA,77.82,577.92,0.018138055555555557,0.9971145708757253,7.087204432402572
