algorithm,makespan,energy,cost,reliability,load_balance
HEFT,283.13,87557.09698724968,0.011301111111111112,0.9733612415243368,128.04255890783605
GA,288.13,73629.51775240342,0.010885277777777778,0.973166588741959,50.7293848934389
