algorithm,makespan,energy,cost,reliability,load_balance
HEFT,357.1600000000001,195456.504395789,0.026195000000000006,0.937661752518936,111.96255597775283
GA,372.1600000000001,183353.45590606195,0.0424413888888889,0.9365372332624096,63.54511107135961
