algorithm,makespan,energy,cost,reliability,load_balance
HEFT,134.96,1857.8600000000001,0.06014527777777779,0.9907537122596152,13.483206419733508
GA,137.62,1857.8600000000001,0.05509250000000001,0.9907537122596152,26.182291145788927
