algorithm,makespan,energy,cost,reliability,load_balance
HEFT,479.8199999999999,1656176.438664499,0.10674194444444446,0.6552589355601183,84.40289438494129
GA,479.53999999999996,1580585.8860574719,0.19066833333333333,0.6553763684830456,37.85395833341523
