algorithm,makespan,energy,cost,reliability,load_balance
HEFT,125.84,6528.219999999998,0.2825388888888889,0.9678858714994627,12.8432092284713
GA,158.45999999999998,6528.219999999998,0.25050972222222223,0.9678858714994628,43.534655724982386
