algorithm,makespan,energy,cost,reliability,load_balance
HEFT,532.8499999999999,983849.076925964,0.10329416666666665,0.7408537808097468,109.59358151679054
GA,574.8499999999999,993095.8573888841,0.16418305555555557,0.7309633187792076,55.162714207240356
