algorithm,makespan,energy,cost,reliability,load_balance
HEFT,391.62999999999994,688341.1328039219,0.04197138888888888,0.8417535529845457,80.06434647841778
GA,406.44,670406.7712823543,0.04934166666666668,0.8377737525302605,35.3140392841787
