algorithm,makespan,energy,cost,reliability,load_balance
HEFT,729.89,252924.37123402156,0.06817555555555556,0.905122305694122,37.49850930370433
GA,612.7399999999999,252634.6213728499,0.056536111111111106,0.90937366196687,83.106978046371
