algorithm,makespan,energy,cost,reliability,load_balance
HEFT,260.69,454019.7603283594,0.018962777777777776,0.8977978027577681,52.245537234170506
GA,264.69,445480.7599833768,0.016989166666666666,0.8966493567324955,38.75151251470604
