algorithm,makespan,energy,cost,reliability,load_balance
HEFT,292.72,273597.641397923,0.01739888888888889,0.9343535305545424,80.85432637105245
GA,307.90000000000003,259611.19321208185,0.02155916666666667,0.9320869263778815,39.6567662101942
