algorithm,makespan,energy,cost,reliability,load_balance
HEFT,1040.2299999999998,391229.61452755635,0.10348749999999998,0.859062156909897,38.35751686436431
GA,862.0100000000001,395422.6895279637,0.08157111111111114,0.8652081198563795,84.34775179774117
