algorithm,makespan,energy,cost,reliability,load_balance
HEFT,503.64000000000004,3931.3600000000006,0.08242944444444444,0.9805351352249968,8.799693176469333
GA,497.84000000000003,3931.36,0.08835861111111111,0.9805351352249968,6.440108694734905
