algorithm,makespan,energy,cost,reliability,load_balance
HEFT,739.6199999999999,297677.07237500336,0.06954944444444444,0.8927445475527918,53.271422216794605
GA,636.1800000000001,300053.7382973372,0.06565194444444446,0.8964460197176776,10.673126299262094
