algorithm,makespan,energy,cost,reliability,load_balance
HEFT,524.74,903936.3066471014,0.05392583333333333,0.8071104137974586,97.66172021350273
GA,549.7400000000001,899274.9608724127,0.06123361111111113,0.8006792892844254,46.22488990439445
