algorithm,makespan,energy,cost,reliability,load_balance
HEFT,63.82,2167.32,0.07901833333333336,0.989221904429377,13.201299285395384
GA,65.62,2167.32,0.08918249999999998,0.989221904429377,23.70439675256947
