algorithm,makespan,energy,cost,reliability,load_balance
HEFT,189.22,2555.78,0.0641125,0.9873024034512264,12.894150320978893
GA,179.60999999999999,2555.7800000000007,0.07254916666666666,0.9873024034512264,17.560450643013528
