algorithm,makespan,energy,cost,reliability,load_balance
HEFT,390.95000000000005,221423.4380867119,0.042328888888888895,0.9220122215833518,92.26753116423382
GA,391.4,208150.54302503832,0.05115555555555556,0.9219790297408316,32.14064038387715
