algorithm,makespan,energy,cost,reliability,load_balance
HEFT,575.8200000000002,571239.7967073045,0.09627,0.8197125081626205,113.22192429030699
GA,589.4000000000001,558959.0875466577,0.15132000000000007,0.8179333703801229,68.7461154781369
