algorithm,makespan,energy,cost,reliability,load_balance
HEFT,627.27,233430.2894128525,0.061558333333333326,0.9139907755271292,82.2831860102658
GA,594.9000000000001,230656.57713901496,0.05965833333333335,0.9151749772700465,49.573699007975264
