algorithm,makespan,energy,cost,reliability,load_balance
HEFT,458.21999999999997,3586.7999999999997,0.08322083333333334,0.9822258571256302,7.168212236441279
GA,456.21,3586.800000000001,0.08651750000000001,0.9822258571256302,5.9251554128702955
