algorithm,makespan,energy,cost,reliability,load_balance
HEFT,278.18,92345.20950463729,0.01972972222222222,0.9676910556823998,97.3618772073204
GA,280.18,90712.2738239703,0.018860555555555554,0.967613643494474,88.46149896989085
