algorithm,makespan,energy,cost,reliability,load_balance
HEFT,173.87,1114.88,0.02663222222222222,0.9944411081381105,23.43768617703833
GA,143.26999999999998,1114.88,0.026064166666666666,0.9944411081381105,3.947969942472542
