algorithm,makespan,energy,cost,reliability,load_balance
HEFT,429.51000000000005,424269.8200507556,0.06818638888888888,0.8683020855857659,97.00938121087395
GA,445.51000000000005,415155.3186909384,0.0868211111111111,0.8660820750725449,61.33889296020375
