algorithm,makespan,energy,cost,reliability,load_balance
HEFT,128.06,3518.600000000001,0.13696444444444444,0.9825608532565042,8.979838064612675
GA,157.94000000000003,3518.6,0.1208338888888889,0.9825608532565042,41.700840259320124
