algorithm,makespan,energy,cost,reliability,load_balance
HEFT,678.45,399653.6539759747,0.10078416666666669,0.8544900677141614,77.32716137111387
GA,654.27,391506.184021887,0.11803277777777778,0.8561445930421221,54.52968051568667
