algorithm,makespan,energy,cost,reliability,load_balance
HEFT,316.40999999999997,4932.02,0.1672125,0.9756414762135722,5.2982866165797855
GA,345.7,4932.0199999999995,0.16113222222222223,0.9756414762135722,56.650505845049615
