algorithm,makespan,energy,cost,reliability,load_balance
HEFT,134.47,80845.08879303934,0.009208333333333334,0.9764321635981364,57.31141470385409
GA,136.28,74985.26511593777,0.009142222222222222,0.9762907864567995,45.52783479445765
