algorithm,makespan,energy,cost,reliability,load_balance
HEFT,575.0,323413.7749217391,0.06658138888888888,0.886883541594414,124.6913736276205
GA,607.59,317544.9245708455,0.09751000000000003,0.8845742704986735,59.05825163103194
