algorithm,makespan,energy,cost,reliability,load_balance
HEFT,736.6400000000001,252900.35215301914,0.06693722222222223,0.9052200641820003,56.62737522612191
GA,630.4,250733.8174968274,0.06253833333333333,0.9090750726873232,76.91872220077497
