algorithm,makespan,energy,cost,reliability,load_balance
HEFT,473.66999999999996,3691.1200000000013,0.06759555555555555,0.9817136617107303,10.549793046943295
GA,469.32,3691.120000000001,0.07689,0.9817136617107303,7.595573272198293
