algorithm,makespan,energy,cost,reliability,load_balance
HEFT,688.71,428041.27442610095,0.12107972222222226,0.8434336841032338,45.17831984401999
GA,677.73,425134.17040709435,0.12214000000000003,0.8441748817376931,32.95096115550241
