algorithm,makespan,energy,cost,reliability,load_balance
HEFT,422.99000000000007,1415811.6553110003,0.03934805555555556,0.7282788998220072,62.01610710434012
GA,463.99000000000007,1498842.3750080823,0.062403611111111125,0.7094174065078193,26.522557049433907
