algorithm,makespan,energy,cost,reliability,load_balance
HEFT,358.7200000000001,358031.55438782345,0.04401833333333333,0.8923339794988095,93.13312638145106
GA,383.72,357483.16608464514,0.06236722222222223,0.8887717727439318,67.83425950739544
