algorithm,makespan,energy,cost,reliability,load_balance
HEFT,597.31,364025.38701846614,0.09823944444444443,0.8657942372320901,56.55204177190625
GA,580.17,363365.96542392747,0.0976625,0.866982228590921,72.5999264068891
