algorithm,makespan,energy,cost,reliability,load_balance
HEFT,270.64,465024.44682973693,0.01966472222222222,0.894129016913501,48.89219746837209
GA,273.64,454965.98709983914,0.020881388888888887,0.893271064940102,33.31432917116897
