algorithm,makespan,energy,cost,reliability,load_balance
HEFT,103.49,2302.0600000000004,0.10723972222222225,0.9885556900718672,13.558770577870744
GA,110.34,2302.060000000001,0.09610805555555557,0.9885556900718672,23.839020804484957
