algorithm,makespan,energy,cost,reliability,load_balance
HEFT,250.69000000000003,253907.03657904186,0.03126444444444445,0.9221568044346954,67.48678147113947
GA,262.69000000000005,241211.6368342914,0.05145805555555556,0.9203879620023042,32.814431682823134
