algorithm,makespan,energy,cost,reliability,load_balance
HEFT,464.5999999999999,323969.9050796384,0.07092833333333333,0.881355337574153,54.9862525676061
GA,509.35,332114.1653872583,0.08380611111111111,0.8782057266331107,68.95825673136304
