algorithm,makespan,energy,cost,reliability,load_balance
HEFT,272.82,464714.49105637416,0.012975277777777778,0.9043210842134366,48.69376027188004
GA,276.56,452279.99446774664,0.009214166666666667,0.9032394401247785,27.603254817359797
