algorithm,makespan,energy,cost,reliability,load_balance
HEFT,186.64,168293.54452421772,0.00959,0.9611004009257342,45.94552266452811
GA,186.61,157186.03670757194,0.006815277777777778,0.9611050142187306,27.0508624554437
