algorithm,makespan,energy,cost,reliability,load_balance
HEFT,381.13,243345.4580326923,0.046783333333333336,0.9113203472597257,77.92924276913917
GA,419.29,241674.65372415274,0.06038111111111111,0.9085425107506159,29.73639124516817
