algorithm,makespan,energy,cost,reliability,load_balance
HEFT,452.21999999999997,299646.2775640175,0.07406222222222221,0.8891703873695505,54.52249437486459
GA,495.94999999999993,308638.5202540579,0.08691833333333332,0.8860651485371754,66.10312846497618
