algorithm,makespan,energy,cost,reliability,load_balance
HEFT,466.50000000000006,1611738.5072025724,0.08207833333333334,0.6706432181760581,85.01277493271769
GA,505.90000000000003,1659355.0969163866,0.13645833333333335,0.6539437110238101,40.86897550592344
