algorithm,makespan,energy,cost,reliability,load_balance
HEFT,442.80999999999995,3449.4399999999996,0.08461888888888891,0.9829006815524863,8.169190086334515
GA,441.59000000000015,3449.44,0.0819427777777778,0.9829006815524863,8.099189259837553
