algorithm,makespan,energy,cost,reliability,load_balance
HEFT,798.3199999999999,265616.0115116745,0.07025694444444444,0.9005698043920833,77.14573670441337
GA,737.8700000000001,260593.13688048034,0.06293250000000002,0.9027500169938806,44.544363934546574
