algorithm,makespan,energy,cost,reliability,load_balance
HEFT,590.5799999999999,331000.59128314536,0.08360888888888889,0.8785690276471169,67.21102715647615
GA,558.5799999999999,322605.30133552937,0.0895061111111111,0.8808210457111134,60.8266100133345
