algorithm,makespan,energy,cost,reliability,load_balance
HEFT,295.61,4416.139999999999,0.13666333333333336,0.9781612942495456,11.984908888741247
GA,305.06,4416.139999999999,0.138265,0.9781612942495456,19.824542824849356
