algorithm,makespan,energy,cost,reliability,load_balance
HEFT,488.9400000000001,526366.8011616969,0.10907666666666666,0.8225430971208527,91.38148907191218
GA,545.0500000000001,542469.4305109624,0.1572655555555556,0.8151916826168475,54.30347464327979
