algorithm,makespan,energy,cost,reliability,load_balance
HEFT,617.0,1105557.3961750404,0.11501861111111109,0.7243341934027654,117.05865494176066
GA,660.0,1116133.2932727274,0.20602166666666671,0.7144356133131834,54.29881208229502
