algorithm,makespan,energy,cost,reliability,load_balance
HEFT,119.75,6243.64,0.23903305555555557,0.9692640565832693,12.18971338875529
GA,156.0,6243.6399999999985,0.21811805555555555,0.9692640565832693,36.93593454736318
