algorithm,makespan,energy,cost,reliability,load_balance
HEFT,487.03999999999996,255011.45803219444,0.043470555555555554,0.9173953183537563,130.2362876522076
GA,501.91999999999996,249115.99458080967,0.0729525,0.916303900707454,98.72235956748314
