algorithm,makespan,energy,cost,reliability,load_balance
HEFT,155.32999999999998,2326.82,0.073115,0.9884333144526434,9.253390015865227
GA,174.9,2326.8199999999997,0.06635027777777777,0.9884333144526434,29.025035960356707
