algorithm,makespan,energy,cost,reliability,load_balance
HEFT,375.46999999999997,347414.22680906596,0.029852500000000004,0.9109405880862972,94.35816692263579
GA,394.82,334288.1086064536,0.05010333333333335,0.908124677304731,44.505562180473575
