algorithm,makespan,energy,cost,reliability,load_balance
HEFT,667.4899999999999,668248.8368664698,0.11749750000000002,0.7986209909601844,153.10029758298967
GA,715.7699999999998,663094.9640526982,0.1623883333333333,0.7924755701618793,82.89183208656124
