algorithm,makespan,energy,cost,reliability,load_balance
HEFT,213.78000000000003,6203.319999999999,0.2691111111111112,0.9694594799150865,15.050779769389589
GA,241.62,6203.319999999999,0.21994750000000002,0.9694594799150865,54.762425058915476
