algorithm,makespan,energy,cost,reliability,load_balance
HEFT,543.83,1828520.960502363,0.06738611111111112,0.6522905418360414,81.52645169493924
GA,589.83,1910609.7258701662,0.11826055555555555,0.6333670291436285,34.569854088230514
