algorithm,makespan,energy,cost,reliability,load_balance
HEFT,685.91,375954.4519689172,0.08761611111111112,0.8660633679017615,106.26235060150486
GA,614.5,350247.60174125305,0.08984111111111112,0.8710251741187025,58.61893122715807
