algorithm,makespan,energy,cost,reliability,load_balance
HEFT,468.09999999999997,283703.92516556295,0.06235472222222223,0.8948761054091547,63.3522982867574
GA,435.61999999999995,272857.80232771684,0.07589305555555557,0.8972043750594015,29.5465325195457
