algorithm,makespan,energy,cost,reliability,load_balance
HEFT,92.19,547.82,0.020545555555555556,0.9972646479116558,16.283949920090024
GA,74.98,547.82,0.013233888888888887,0.9972646479116558,8.199879572286413
