algorithm,makespan,energy,cost,reliability,load_balance
HEFT,178.74,57203.900022378875,0.011108611111111113,0.9806343704018968,69.04592692548924
GA,178.74,57345.93045764798,0.011015833333333336,0.9806343704018968,69.65602456595792
