algorithm,makespan,energy,cost,reliability,load_balance
HEFT,572.56,549752.3717514322,0.09235972222222223,0.8238875721064959,88.60643388744407
GA,639.56,591721.3170460942,0.15230055555555555,0.8151026685453626,83.59460010221952
