algorithm,makespan,energy,cost,reliability,load_balance
HEFT,687.0300000000001,413507.5167314383,0.11151138888888891,0.8486028396018772,55.084361794303426
GA,692.3199999999999,412535.79679916805,0.1286975,0.8482437868610764,32.0715686283929
