algorithm,makespan,energy,cost,reliability,load_balance
HEFT,414.7699999999999,6053.460000000001,0.1578636111111111,0.9701861681231241,17.957835884172006
GA,407.4,6053.46,0.17448750000000002,0.9701861681231241,30.099991190079376
