algorithm,makespan,energy,cost,reliability,load_balance
HEFT,302.01,528255.4127677891,0.031946666666666665,0.8748612295517565,59.356105712749255
GA,322.01,540167.5250768609,0.029278055555555557,0.8692799966784152,41.558525093700204
