algorithm,makespan,energy,cost,reliability,load_balance
HEFT,1206.1599999999999,436969.5714084367,0.11624583333333333,0.8431442673296088,83.9147545131367
GA,1049.54,434404.6669112182,0.108845,0.8484429778863426,73.93484671204325
