algorithm,makespan,energy,cost,reliability,load_balance
HEFT,771.0699999999999,474155.73025795317,0.10227833333333333,0.8293511756294095,83.52860449955364
GA,789.4399999999998,474927.56714886497,0.1258183333333333,0.8281332562880341,62.528298036626126
