algorithm,makespan,energy,cost,reliability,load_balance
HEFT,405.19000000000005,703195.3205163011,0.045152222222222226,0.8369283629741622,75.50777919493868
GA,418.39000000000004,691099.2556705468,0.07756472222222223,0.8334006333790602,38.107287799943755
