algorithm,makespan,energy,cost,reliability,load_balance
HEFT,359.94,5412.239999999998,0.1484794444444445,0.9733016736391513,15.185210850410629
GA,373.11,5412.239999999999,0.15177722222222223,0.9733016736391513,45.146308502784265
