algorithm,makespan,energy,cost,reliability,load_balance
HEFT,676.8900000000001,432128.92605888704,0.10831194444444445,0.8431749583395125,68.93711497755454
GA,684.6300000000001,429956.5757270351,0.12425222222222224,0.8426530260122334,37.20184010425905
