algorithm,makespan,energy,cost,reliability,load_balance
HEFT,412.29999999999995,1379289.4510308027,0.04320111111111111,0.7321537105315975,59.72018275402883
GA,428.29999999999995,1389335.759981321,0.049475,0.7246947117869379,30.34640424163669
