algorithm,makespan,energy,cost,reliability,load_balance
HEFT,404.56,6172.019999999998,0.15853833333333334,0.9696112121964345,17.40146909849032
GA,410.99000000000007,6172.0199999999995,0.14855194444444447,0.9696112121964345,33.783919859475
