algorithm,makespan,energy,cost,reliability,load_balance
HEFT,785.8299999999998,473382.95938052755,0.1176611111111111,0.8293485217098938,79.10443692405266
GA,818.4999999999999,492567.6230054979,0.1348786111111111,0.8271837665478682,144.33563256100592
