algorithm,makespan,energy,cost,reliability,load_balance
HEFT,480.88,457032.95160954917,0.057236666666666665,0.8716839181241957,117.00932127933227
GA,516.42,450890.8631540219,0.08673166666666668,0.8667412410301958,59.17540074149618
