algorithm,makespan,energy,cost,reliability,load_balance
HEFT,121.48,2891.84,0.14463583333333335,0.9856448322211763,16.74279427096923
GA,115.98,2891.8399999999997,0.14330222222222222,0.9856448322211763,22.53682201790365
