algorithm,makespan,energy,cost,reliability,load_balance
HEFT,327.76000000000005,5047.979999999998,0.13677777777777778,0.9750759632437158,9.003030343009124
GA,330.62,5047.979999999999,0.11713222222222223,0.9750759632437158,9.887921112578276
