algorithm,makespan,energy,cost,reliability,load_balance
HEFT,603.92,392515.44101867796,0.09901388888888887,0.8573824447589004,76.62640849323051
GA,626.0699999999999,399251.1549826697,0.10947944444444443,0.8558645083556322,93.53119109229209
