algorithm,makespan,energy,cost,reliability,load_balance
HEFT,700.3700000000001,247131.931279181,0.05793194444444445,0.9078936797709568,68.82921151904429
GA,626.7400000000001,243459.8563519163,0.058961944444444456,0.9105715497322244,39.43347256244791
