algorithm,makespan,energy,cost,reliability,load_balance
HEFT,141.39,4027.500000000001,0.14281055555555558,0.9800639052546916,8.282375238017972
GA,162.49,4027.5000000000005,0.10693222222222223,0.9800639052546916,35.06284557167791
