algorithm,makespan,energy,cost,reliability,load_balance
HEFT,442.83000000000004,450129.54181062715,0.07446527777777778,0.8595609013073908,106.92905709706164
GA,467.83000000000004,439868.2267062822,0.1188275,0.8561295250298834,59.945655263747014
