algorithm,makespan,energy,cost,reliability,load_balance
HEFT,47.96,565.0200000000001,0.0078475,0.9971788868397143,14.468990893626232
GA,47.96,565.0200000000001,0.009712222222222223,0.9971788868397143,15.022390409281442
