algorithm,makespan,energy,cost,reliability,load_balance
HEFT,239.94,408357.1048178711,0.0077438888888888896,0.9160301500023147,42.631780435785224
GA,246.94,405218.17166113225,0.007586944444444445,0.9139805388877685,27.027277497584755
