algorithm,makespan,energy,cost,reliability,load_balance
HEFT,69.12,493.52,0.0180375,0.9975354420222009,6.740390690951576
GA,66.54,493.52,0.014336111111111112,0.9975354420222009,5.567099783549782
