algorithm,makespan,energy,cost,reliability,load_balance
HEFT,146.23,48876.58237023867,0.008462222222222223,0.983658593459551,60.71610165351527
GA,146.23,48258.353552622575,0.0075316666666666665,0.983658593459551,58.18160935095098
