algorithm,makespan,energy,cost,reliability,load_balance
HEFT,519.15,309254.5855725705,0.07181055555555557,0.8855910533488673,63.051238800563745
GA,507.63,307959.265015858,0.08185027777777779,0.8864075902660515,68.59890607207753
