algorithm,makespan,energy,cost,reliability,load_balance
HEFT,806.0499999999998,322273.4170336828,0.07826,0.8841932779746248,54.649038112913296
GA,736.6300000000001,323472.40299743426,0.07389194444444447,0.8866519178647254,52.456736141954835
