algorithm,makespan,energy,cost,reliability,load_balance
HEFT,48.21,631.4,0.013356666666666666,0.9968479780845179,9.636030228856102
GA,47.78,631.4,0.012731388888888888,0.9968479780845179,7.30847404436404
