algorithm,makespan,energy,cost,reliability,load_balance
HEFT,158.06,82012.27495887637,0.008259722222222224,0.9765020786439788,53.469087130522695
GA,158.06,82012.27495887637,0.008259722222222224,0.9765020786439788,53.469087130522695
