algorithm,makespan,energy,cost,reliability,load_balance
HEFT,200.26,96142.03560371517,0.010485277777777777,0.9726633971188322,55.32994421455451
GA,199.26,93658.34432399878,0.0081225,0.9727412133032076,49.45051709609748
