algorithm,makespan,energy,cost,reliability,load_balance
HEFT,335.57000000000005,321275.70000298,0.02768388888888889,0.9157714996111083,93.55851270506247
GA,360.57000000000005,312406.78079152456,0.038860000000000006,0.9121157300261917,51.90388071152934
