algorithm,makespan,energy,cost,reliability,load_balance
HEFT,230.51,3398.12,0.07770861111111112,0.9831529262289807,11.262231128866063
GA,231.88,3398.119999999999,0.08756722222222223,0.9831529262289807,33.19719426612522
