algorithm,makespan,energy,cost,reliability,load_balance
HEFT,475.36999999999995,278252.1210004838,0.06378888888888888,0.8980470660239542,76.92531438256941
GA,455.36999999999995,269554.1887256517,0.07156888888888889,0.8994850914431491,54.2790798295518
