algorithm,makespan,energy,cost,reliability,load_balance
HEFT,396.5199999999999,225732.8810652678,0.03561416666666666,0.9257920848002383,122.61958209962107
GA,415.5199999999999,208390.18126684634,0.05826416666666667,0.9243859497646969,45.29388889716328
