algorithm,makespan,energy,cost,reliability,load_balance
HEFT,152.60999999999999,2113.1600000000008,0.06707138888888889,0.9894898219954976,13.237876124428501
GA,150.76999999999998,2113.1600000000003,0.06674194444444445,0.9894898219954976,17.454886135406323
