algorithm,makespan,energy,cost,reliability,load_balance
HEFT,706.88,5573.079999999998,0.1193588888888889,0.9725192590842714,13.920089798560912
GA,702.5300000000001,5573.079999999998,0.12077861111111113,0.9725192590842714,7.989052926765945
