algorithm,makespan,energy,cost,reliability,load_balance
HEFT,1214.63,419004.93769296,0.12000166666666669,0.8475505461763483,46.15965364904731
GA,1010.9599999999999,415608.13952085143,0.10210194444444444,0.8544835736143244,91.71758114814557
