algorithm,makespan,energy,cost,reliability,load_balance
HEFT,706.64,5545.919999999998,0.11684416666666664,0.972651336167486,10.75058137962783
GA,704.63,5545.919999999999,0.10392472222222222,0.972651336167486,14.107579523079048
