algorithm,makespan,energy,cost,reliability,load_balance
HEFT,949.84,374473.32846584683,0.0914313888888889,0.8661111759191589,41.65241439580673
GA,812.8099999999998,377893.05115586665,0.08194416666666668,0.8708715388290189,31.26060286793376
