algorithm,makespan,energy,cost,reliability,load_balance
HEFT,323.48999999999995,295862.52449843887,0.01942138888888889,0.9291171916074785,82.2273431991046
GA,328.48999999999995,278948.413802551,0.021681944444444445,0.928374195092425,48.00889052647783
