algorithm,makespan,energy,cost,reliability,load_balance
HEFT,65.53999999999999,1326.5200000000002,0.03662777777777777,0.9933893471423674,9.579120262320542
GA,73.07,1326.5200000000002,0.028246111111111114,0.9933893471423674,28.2761149794899
