algorithm,makespan,energy,cost,reliability,load_balance
HEFT,285.61999999999995,268965.94954835094,0.01858777777777778,0.9325142929698724,78.64153679566118
GA,288.61999999999995,246963.56479107472,0.02104027777777778,0.9320667935177074,39.62432354312183
