algorithm,makespan,energy,cost,reliability,load_balance
HEFT,946.65,315054.3956055565,0.09198777777777778,0.8826165772783467,50.19043932862117
GA,735.1800000000001,310707.69991022605,0.07059694444444446,0.8901141197836462,83.00372080013443
