algorithm,makespan,energy,cost,reliability,load_balance
HEFT,565.7,4417.879999999998,0.09694527777777781,0.978152784283304,12.948128564905913
GA,559.99,4417.88,0.08296638888888888,0.978152784283304,6.524060596489464
