algorithm,makespan,energy,cost,reliability,load_balance
HEFT,596.87,566710.1362273192,0.0998863888888889,0.8283061885654485,114.18158216739687
GA,559.4399999999999,516602.06662019156,0.13937972222222222,0.8332816322654955,57.36595005968261
