algorithm,makespan,energy,cost,reliability,load_balance
HEFT,181.42000000000002,5113.920000000001,0.18420138888888885,0.9747545336892081,12.901853613596256
GA,198.35,5113.92,0.159155,0.9747545336892081,37.5226273067332
