algorithm,makespan,energy,cost,reliability,load_balance
HEFT,298.02,513435.9800684518,0.01607361111111111,0.8891085032641812,56.65052589227184
GA,304.02,498611.3233339912,0.01729027777777778,0.8874030526943755,29.74523111682861
