algorithm,makespan,energy,cost,reliability,load_balance
HEFT,44.11,1026.0,0.01425,0.9948831359778784,14.897205139479752
GA,44.11,1026.0,0.019608888888888888,0.9948831359778784,15.323741173368436
