algorithm,makespan,energy,cost,reliability,load_balance
HEFT,598.4,1080377.4749164442,0.10918388888888891,0.7319472722943867,120.72127002392543
GA,627.4,1068971.237790883,0.1845952777777777,0.7251862214044614,63.43854331654377
