algorithm,makespan,energy,cost,reliability,load_balance
HEFT,407.71000000000004,732076.1881974934,0.06914999999999999,0.8140665170830093,83.18722664274902
GA,429.6600000000001,730959.1715542524,0.10404166666666667,0.8083685485589767,49.6213275465282
