algorithm,makespan,energy,cost,reliability,load_balance
HEFT,95.82,4377.22,0.233415,0.9783516629596813,12.69121206224492
GA,110.78,4377.219999999998,0.18424666666666664,0.9783516629596813,29.768706220803146
