algorithm,makespan,energy,cost,reliability,load_balance
HEFT,687.79,238654.52148184768,0.06729222222222223,0.9103941876699624,48.77528224760296
GA,556.7699999999999,235188.93961599944,0.05318111111111111,0.9151779058346594,20.664887087359904
