algorithm,makespan,energy,cost,reliability,load_balance
HEFT,607.17,1053079.4250374688,0.05529583333333333,0.7721355202485984,115.66665610919972
GA,611.62,1001965.6998463098,0.08075500000000001,0.7710367817552382,44.795037095498614
