algorithm,makespan,energy,cost,reliability,load_balance
HEFT,393.57,5942.399999999998,0.14868888888888887,0.9707250621123512,12.561898173217505
GA,421.86,5942.4,0.14293972222222223,0.9707250621123512,61.53007905546221
