algorithm,makespan,energy,cost,reliability,load_balance
HEFT,752.45,450990.76010366133,0.11252194444444445,0.8365508260755175,71.63666698795289
GA,752.6200000000001,447595.1082618054,0.12937194444444447,0.8365394490616467,38.00294387093117
