algorithm,makespan,energy,cost,reliability,load_balance
HEFT,668.0400000000001,417054.5784683552,0.11034444444444447,0.8484243123461508,75.21055662984703
GA,673.6700000000001,417620.98680362786,0.11807305555555557,0.8480422680786975,72.384865624166
