algorithm,makespan,energy,cost,reliability,load_balance
HEFT,398.07000000000005,6143.44,0.14071583333333337,0.9697497795390583,10.808301042651049
GA,421.00000000000006,6143.4400000000005,0.15406777777777775,0.9697497795390583,37.883124776833604
