algorithm,makespan,energy,cost,reliability,load_balance
HEFT,508.46000000000004,926407.6586162137,0.10817611111111111,0.7562603377337025,99.69059644397178
GA,532.3100000000001,916001.9701301876,0.19543166666666667,0.7505105280192624,49.67135209912087
