algorithm,makespan,energy,cost,reliability,load_balance
HEFT,1133.71,450898.42393557436,0.11091972222222224,0.8413553294303973,42.872624132422736
GA,992.8499999999997,454488.13278944447,0.10205666666666663,0.8461092420445036,41.285886611932305
