algorithm,makespan,energy,cost,reliability,load_balance
HEFT,414.67999999999995,154233.12966624863,0.035096666666666665,0.9419510214235852,35.847375891874286
GA,407.23999999999995,153643.12869560946,0.03755083333333333,0.9422313877640031,27.126910838992824
