algorithm,makespan,energy,cost,reliability,load_balance
HEFT,83.80000000000001,1884.1199999999997,0.08563833333333333,0.9906236348369651,12.72280780069138
GA,86.27000000000001,1884.1199999999997,0.0704113888888889,0.9906236348369651,21.175676888039888
