algorithm,makespan,energy,cost,reliability,load_balance
HEFT,321.77,306198.8931845728,0.030167777777777776,0.9133749532998272,80.48658239110418
GA,332.77,294066.3264116356,0.03431555555555556,0.9117688271875929,46.81891709910998
