algorithm,makespan,energy,cost,reliability,load_balance
HEFT,631.05,253799.1726646066,0.06335666666666667,0.9075923090995724,22.241466341048604
GA,561.1,257565.977704509,0.05354083333333334,0.9101353083773693,62.89900708013333
