algorithm,makespan,energy,cost,reliability,load_balance
HEFT,437.4500000000001,3364.560000000001,0.0698688888888889,0.9833179131320159,11.713738372811154
GA,428.22,3364.5599999999995,0.06334972222222224,0.9833179131320159,7.9487147808099765
