algorithm,makespan,energy,cost,reliability,load_balance
HEFT,518.69,296190.9006921283,0.06150944444444444,0.8925299575583109,86.93363100664784
GA,559.44,300535.373015873,0.08696888888888889,0.8896250474727949,56.276754145409434
