algorithm,makespan,energy,cost,reliability,load_balance
HEFT,743.62,412284.63890158955,0.1023325,0.852241279792038,97.46681702727638
GA,704.2900000000001,397105.7160544662,0.12329138888888891,0.8549269947058009,60.03389512838319
