algorithm,makespan,energy,cost,reliability,load_balance
HEFT,303.7699999999999,4632.619999999999,0.09618472222222224,0.9771031052598448,10.10842567578437
GA,306.33,4632.62,0.10876638888888891,0.9771031052598448,12.920297915074782
