algorithm,makespan,energy,cost,reliability,load_balance
HEFT,272.55,490635.56584113004,0.025698611111111113,0.8863512165360141,63.97302313800187
GA,281.90999999999997,472990.9537441028,0.03720777777777777,0.8837003892329779,35.92762068555333
