algorithm,makespan,energy,cost,reliability,load_balance
HEFT,515.8100000000001,907712.296330044,0.08405805555555555,0.7728329189546872,91.14249826629603
GA,489.35,827957.8720956373,0.1326105555555555,0.7794044317414249,41.192386431222864
