algorithm,makespan,energy,cost,reliability,load_balance
HEFT,102.49000000000001,4821.959999999998,0.23801666666666665,0.9761785194718323,13.845297661614564
GA,139.95,4821.959999999998,0.2142361111111112,0.9761785194718323,40.03997256271014
