algorithm,makespan,energy,cost,reliability,load_balance
HEFT,564.91,1927421.0936078313,0.10340083333333333,0.619841920740547,92.8509068771636
GA,594.91,1945252.1402397002,0.18661388888888886,0.6080544774261808,42.54206784446585
