algorithm,makespan,energy,cost,reliability,load_balance
HEFT,384.55,195691.63154336237,0.020140277777777778,0.946649850697951,128.61046324213726
GA,393.55,179919.96287638167,0.030035555555555555,0.9459685081182112,78.66366340993426
