algorithm,makespan,energy,cost,reliability,load_balance
HEFT,118.56,1485.34,0.042510277777777786,0.9926008097919938,15.192710599400714
GA,123.99000000000001,1485.3400000000001,0.040628333333333336,0.9926008097919938,29.41493689437392
