algorithm,makespan,energy,cost,reliability,load_balance
HEFT,335.88,367770.4772835537,0.058615833333333346,0.8802810918126678,89.4976394823722
GA,365.02,358122.8215166291,0.07882611111111111,0.8761864221615734,43.74627457948085
