algorithm,makespan,energy,cost,reliability,load_balance
HEFT,122.59,3273.22,0.1490991666666667,0.9837670969862691,9.137495075238073
GA,134.37,3273.2199999999993,0.1519980555555556,0.9837670969862691,26.06913813145089
