algorithm,makespan,energy,cost,reliability,load_balance
HEFT,530.77,208381.96589860012,0.052407777777777775,0.9230834840296579,27.581219455757687
GA,461.69999999999993,210333.14442278532,0.04460694444444444,0.9256373053035862,38.56226220888323
