algorithm,makespan,energy,cost,reliability,load_balance
HEFT,348.9,607545.7009458297,0.03328972222222222,0.8609448758560365,68.08683980651993
GA,363.44,606004.5105106757,0.04109805555555557,0.8569483762043086,44.260014430853424
