algorithm,makespan,energy,cost,reliability,load_balance
HEFT,44.33,1624.9399999999998,0.022568611111111112,0.9919082161700526,12.37062558315255
GA,58.09,1624.9399999999998,0.03705722222222223,0.9919082161700526,18.168714600151937
