algorithm,makespan,energy,cost,reliability,load_balance
HEFT,1139.19,463848.23446483904,0.11245361111111113,0.838107252845928,42.79980373786778
GA,1020.88,467829.04637175775,0.10488416666666667,0.8420829113927776,53.14037824479608
