algorithm,makespan,energy,cost,reliability,load_balance
HEFT,328.58000000000004,192051.9970783371,0.02992583333333334,0.938198623743964,112.93469263251218
GA,343.58000000000004,178116.41061761454,0.03923861111111112,0.9370734606283602,65.3321461019437
