algorithm,makespan,energy,cost,reliability,load_balance
HEFT,442.5300000000001,253581.01615709672,0.045205,0.9151120153975235,129.1969884379221
GA,454.5300000000001,239927.69779772515,0.05648222222222222,0.9142339294114522,77.60287803020859
