algorithm,makespan,energy,cost,reliability,load_balance
HEFT,186.95999999999998,95982.63083012408,0.00852,0.9743537970220604,65.61635270919241
GA,186.95999999999998,95235.40275994864,0.00852,0.9743537970220604,64.07754520891073
