algorithm,makespan,energy,cost,reliability,load_balance
HEFT,319.96000000000004,1092681.0541005128,0.04273944444444445,0.7750519652044168,55.73431196786011
GA,327.96000000000004,1084418.1552933285,0.045811111111111115,0.7710938405882389,37.82703195340298
