algorithm,makespan,energy,cost,reliability,load_balance
HEFT,665.7199999999998,378853.36067716155,0.08750916666666667,0.8638815625123349,101.95640264873715
GA,663.8599999999998,372659.20303979743,0.12018305555555554,0.864010117653102,70.19424486736787
