algorithm,makespan,energy,cost,reliability,load_balance
HEFT,329.15999999999997,4961.900000000001,0.14197055555555554,0.9754957262648182,8.9712945992044
GA,335.09000000000003,4961.900000000001,0.1456847222222222,0.9754957262648182,23.873572620009295
