algorithm,makespan,energy,cost,reliability,load_balance
HEFT,94.17,2534.66,0.09851861111111113,0.9874066680901069,9.639662662666158
GA,110.10000000000001,2534.6599999999994,0.09858388888888889,0.9874066680901069,28.16666261587742
