algorithm,makespan,energy,cost,reliability,load_balance
HEFT,376.33000000000004,371042.7371455904,0.050924722222222225,0.8869101484997634,90.79923832050208
GA,401.33000000000004,369972.39730396424,0.07334111111111112,0.8833695937360302,61.42779750446862
