algorithm,makespan,energy,cost,reliability,load_balance
HEFT,981.0699999999999,345497.1108381665,0.09380583333333332,0.8736460172109157,99.08190933936089
GA,863.3199999999999,340271.0233169624,0.08589083333333332,0.8777705957093406,62.88829375699951
