algorithm,makespan,energy,cost,reliability,load_balance
HEFT,275.90999999999997,248143.40085535136,0.011282222222222221,0.9440512727101553,67.62502886937152
GA,274.90999999999997,236427.06693099556,0.009488333333333333,0.9442023329982897,50.53904124123579
