algorithm,makespan,energy,cost,reliability,load_balance
HEFT,52.15,597.0,0.008291666666666666,0.997019450682969,17.802661551951534
GA,52.15,597.0,0.009285833333333333,0.997019450682969,21.35279930906796
