algorithm,makespan,energy,cost,reliability,load_balance
HEFT,161.76999999999998,151261.29282314394,0.008738333333333332,0.9622640362682634,44.08635024963319
GA,163.76999999999998,147860.28662148133,0.008738333333333334,0.9619561610393215,37.7719933063286
