algorithm,makespan,energy,cost,reliability,load_balance
HEFT,395.57000000000005,146425.61377253078,0.035091111111111115,0.9448264680914586,38.6827308584421
GA,366.2200000000001,146233.6124187647,0.03249861111111112,0.9459363457356987,42.92267854332178
