algorithm,makespan,energy,cost,reliability,load_balance
HEFT,53.44,1238.6600000000003,0.017203611111111114,0.9938258389509731,18.483022001787166
GA,53.44,1238.6600000000003,0.034350833333333344,0.9938258389509731,21.8330466981821
