algorithm,makespan,energy,cost,reliability,load_balance
HEFT,205.45999999999998,362118.46870437067,0.014954722222222223,0.9167049630404419,43.91742082150204
GA,222.45999999999998,373327.2354580598,0.01768861111111111,0.9117316277783168,31.052430999323423
