algorithm,makespan,energy,cost,reliability,load_balance
HEFT,380.81,359910.8737165515,0.03612833333333333,0.9000141442031862,94.30007613111101
GA,402.81,349968.3346987413,0.0512513888888889,0.8968516636467362,48.0286693375252
