algorithm,makespan,energy,cost,reliability,load_balance
HEFT,355.51000000000005,347366.881241034,0.04370861111111112,0.8938407961821264,83.33453107555914
GA,392.79,352074.64423737884,0.07383138888888889,0.8885250839418081,43.95957585763691
