algorithm,makespan,energy,cost,reliability,load_balance
HEFT,116.07,2887.7199999999984,0.11220944444444447,0.9856651367138556,12.00553032286926
GA,117.62,2887.7199999999993,0.09859083333333335,0.9856651367138556,22.2972906799608
