algorithm,makespan,energy,cost,reliability,load_balance
HEFT,283.34999999999997,2206.5599999999995,0.043566388888888904,0.9890278381302543,9.149065526052352
GA,283.51000000000005,2206.56,0.04780222222222223,0.9890278381302543,7.314761331262526
