algorithm,makespan,energy,cost,reliability,load_balance
HEFT,478.1000000000001,176957.5631248693,0.042531388888888896,0.9338685401158912,55.31308246397653
GA,425.14000000000004,177554.99103824623,0.03726972222222223,0.9358489441346012,67.51042308414311
