algorithm,makespan,energy,cost,reliability,load_balance
HEFT,626.08,1124740.5799418604,0.11092527777777779,0.7279267892932417,127.23320157792999
GA,664.7900000000001,1118980.3376555005,0.22458805555555558,0.7189654322177182,56.63044766841422
