algorithm,makespan,energy,cost,reliability,load_balance
HEFT,516.43,925308.5368200915,0.08385611111111109,0.7693395957492773,102.82055505115805
GA,551.67,928058.6649808761,0.16487833333333332,0.7607126406408595,46.40179333710276
