algorithm,makespan,energy,cost,reliability,load_balance
HEFT,749.3000000000001,485713.5991058322,0.12844583333333334,0.8251949644675792,63.74661905600511
GA,713.4799999999999,478093.5141419521,0.13751555555555556,0.8275630345080289,37.19090727487796
