algorithm,makespan,energy,cost,reliability,load_balance
HEFT,507.89000000000004,314350.8188781035,0.08771277777777778,0.8832731350431346,53.686940950024606
GA,452.6700000000001,306549.33589590655,0.0801913888888889,0.8871837137711572,57.87302727276576
