algorithm,makespan,energy,cost,reliability,load_balance
HEFT,351.27,195243.0022774504,0.03426833333333334,0.933657136210234,95.5001783749269
GA,363.27,197077.77771354635,0.038940555555555555,0.9327612554510403,92.30262145132018
