algorithm,makespan,energy,cost,reliability,load_balance
HEFT,429.04999999999995,417323.16900128184,0.05300305555555555,0.8813426461486704,111.9464432068597
GA,460.04999999999995,407991.91787849145,0.07802861111111112,0.8769820099414488,59.95834876534431
