algorithm,makespan,energy,cost,reliability,load_balance
HEFT,389.27000000000004,675715.5039175894,0.03535055555555556,0.8510554448039634,76.101913432745
GA,401.27000000000004,659192.5931417749,0.027557777777777785,0.8477936585336371,37.042797598608175
