algorithm,makespan,energy,cost,reliability,load_balance
HEFT,57.14,1796.3200000000006,0.024948888888888892,0.9910586140836174,13.619144731803333
GA,63.61,1796.3200000000002,0.03870027777777777,0.9910586140836174,22.30246478494857
