algorithm,makespan,energy,cost,reliability,load_balance
HEFT,449.47999999999996,435509.30579781067,0.05932305555555556,0.8734339217073731,110.82276596552714
GA,486.47999999999996,430854.76013402396,0.0859525,0.8682784680902375,55.182201988050466
