algorithm,makespan,energy,cost,reliability,load_balance
HEFT,140.29,3485.399999999999,0.1332191666666667,0.9827239718966173,13.884138131935543
GA,161.79000000000002,3485.3999999999987,0.11136,0.9827239718966173,40.385844364083816
