algorithm,makespan,energy,cost,reliability,load_balance
HEFT,251.96000000000004,243022.9543578346,0.022547777777777778,0.9365975482023519,72.87764740760139
GA,256.96000000000004,235749.91726338735,0.026690555555555558,0.9358485697950985,59.31431753801102
