algorithm,makespan,energy,cost,reliability,load_balance
HEFT,184.41000000000003,1351.94,0.04848,0.993263095379815,16.92163580548091
GA,177.36,1351.9399999999998,0.050861944444444446,0.993263095379815,6.311362108662976
