algorithm,makespan,energy,cost,reliability,load_balance
HEFT,221.86000000000004,75846.14914811144,0.019083888888888893,0.9711588789775738,40.25826654241339
GA,196.56000000000003,73397.49791412293,0.01648944444444445,0.9721421892341681,26.026214188775143
