algorithm,makespan,energy,cost,reliability,load_balance
HEFT,571.3,560544.834920357,0.07514972222222223,0.8332716329459043,133.64996811166847
GA,621.2999999999998,565771.0824883308,0.11963055555555553,0.8266320536107298,83.12151877171557
