algorithm,makespan,energy,cost,reliability,load_balance
HEFT,172.25,4304.320000000001,0.18160722222222223,0.9787083371407507,13.243047987529154
GA,174.57999999999998,4304.32,0.17168138888888887,0.9787083371407507,36.01723753982252
