algorithm,makespan,energy,cost,reliability,load_balance
HEFT,474.42999999999995,858156.976603503,0.08760416666666668,0.7802017023277121,96.48091030836852
GA,504.42,850673.9324570796,0.16960861111111114,0.7727500757062526,35.23628521661918
