algorithm,makespan,energy,cost,reliability,load_balance
HEFT,396.74,681659.0796491405,0.02037166666666667,0.8575786363057183,74.50126062745949
GA,409.74000000000007,668394.5716796018,0.02439222222222222,0.8540185193561035,35.278348604235084
