algorithm,makespan,energy,cost,reliability,load_balance
HEFT,925.06,377123.42858841585,0.09277222222222223,0.8663758999422903,48.7007894357644
GA,833.0999999999999,382321.17910214857,0.08686055555555555,0.8695686455503738,94.82587986233865
