algorithm,makespan,energy,cost,reliability,load_balance
HEFT,699.0600000000001,5516.84,0.11664277777777779,0.9727927699537519,6.808095671086569
GA,695.19,5516.840000000002,0.09864805555555557,0.9727927699537519,5.344483136843102
