algorithm,makespan,energy,cost,reliability,load_balance
HEFT,178.10999999999999,51709.87125933412,0.00948111111111111,0.981706200715253,53.433127286980564
GA,178.10999999999999,50986.08180337993,0.008889999999999999,0.981706200715253,49.24820089776546
