algorithm,makespan,energy,cost,reliability,load_balance
HEFT,117.1,700.3,0.02125166666666667,0.9965046231023592,21.206587616430266
GA,96.64999999999999,700.3,0.023223611111111108,0.9965046231023592,6.6992306772245565
