algorithm,makespan,energy,cost,reliability,load_balance
HEFT,542.23,1853274.3353742878,0.1003011111111111,0.6315738501543208,90.58507348273235
GA,588.04,1918474.7658152506,0.2009336111111111,0.613325922500398,38.309616821976
