algorithm,makespan,energy,cost,reliability,load_balance
HEFT,472.18,858381.6099792453,0.07577333333333332,0.7890739786375067,105.04516079310079
GA,505.57,851437.0780307373,0.13239222222222222,0.7806877632915948,47.93141921520653
