algorithm,makespan,energy,cost,reliability,load_balance
HEFT,100.92,4289.46,0.2098302777777778,0.9787810578717419,13.589509529561113
GA,121.64999999999999,4289.459999999999,0.15491166666666667,0.9787810578717419,38.30208494572477
