algorithm,makespan,energy,cost,reliability,load_balance
HEFT,1065.1200000000001,412115.79548783234,0.11349333333333335,0.8529571220390753,26.093529689688882
GA,854.7799999999999,419142.1711902478,0.09011999999999999,0.8601638367758585,31.20811259378995
