algorithm,makespan,energy,cost,reliability,load_balance
HEFT,471.32000000000005,1594408.5664304509,0.06948972222222223,0.685608029587558,74.54505600625167
GA,511.32000000000005,1663545.2310686063,0.08974611111111115,0.6682792191771318,36.42401066265186
