algorithm,makespan,energy,cost,reliability,load_balance
HEFT,395.31,5823.719999999999,0.16465083333333336,0.9713012613056016,17.261934794719348
GA,408.56,5823.719999999998,0.13994472222222223,0.9713012613056016,46.75667675774843
