algorithm,makespan,energy,cost,reliability,load_balance
HEFT,560.2500000000001,383910.5769924141,0.09033972222222222,0.8595072663805764,33.72226394704673
GA,563.6000000000001,385058.405961675,0.10627388888888892,0.8592769492970541,41.80040327898422
