algorithm,makespan,energy,cost,reliability,load_balance
HEFT,527.2499999999999,319348.0840398293,0.06704944444444444,0.8842152062398279,93.19544439165007
GA,606.56,330252.9860360063,0.09395083333333333,0.8786227977169562,54.15268175327447
