algorithm,makespan,energy,cost,reliability,load_balance
HEFT,143.66,3432.5599999999995,0.12194861111111112,0.9829836418708855,14.794063899641191
GA,132.39000000000001,3432.5600000000004,0.13263666666666668,0.9829836418708855,27.072139060911557
