algorithm,makespan,energy,cost,reliability,load_balance
HEFT,411.41999999999996,395049.2645957902,0.05701916666666667,0.8793643166378152,88.49603764199465
GA,442.15999999999997,408639.3733490139,0.07248111111111112,0.875049869967554,77.06664015642565
