algorithm,makespan,energy,cost,reliability,load_balance
HEFT,797.65,308444.1876512255,0.07429944444444445,0.888182534717175,68.45547896260756
GA,710.55,309825.4430511576,0.06745777777777778,0.8912823594272363,77.34451197941156
