algorithm,makespan,energy,cost,reliability,load_balance
HEFT,554.16,4262.38,0.09651722222222224,0.9789135937994575,14.753129329060995
GA,543.24,4262.380000000001,0.09985555555555557,0.9789135937994575,9.04709299535858
