algorithm,makespan,energy,cost,reliability,load_balance
HEFT,783.14,457319.13565901376,0.12547583333333334,0.8345828999094659,72.92851622356942
GA,697.54,445489.75049459527,0.11587416666666668,0.8403177372799036,100.16767225150895
