algorithm,makespan,energy,cost,reliability,load_balance
HEFT,211.37999999999997,6239.619999999997,0.2537872222222222,0.9692835389866041,12.373062255696176
GA,242.17,6239.619999999995,0.20481944444444447,0.9692835389866041,41.90479244171642
