algorithm,makespan,energy,cost,reliability,load_balance
HEFT,545.36,583808.569990465,0.11054583333333332,0.8079573552579165,110.89818536049181
GA,587.36,580772.5311052846,0.17285305555555552,0.8025460840654703,45.6430455774298
