algorithm,makespan,energy,cost,reliability,load_balance
HEFT,523.27,1743873.447378982,0.056245,0.6759395702880407,72.56505072608962
GA,536.27,1732220.0879221284,0.06786861111111112,0.6703390833952759,29.5950694020424
