algorithm,makespan,energy,cost,reliability,load_balance
HEFT,685.46,234781.0991013334,0.07141833333333333,0.9113403965279064,17.286398072858667
GA,545.2,236179.19961482025,0.057335555555555556,0.9164677504926347,90.25828913918838
