algorithm,makespan,energy,cost,reliability,load_balance
HEFT,407.0199999999999,3145.5,0.058448055555555566,0.9843955312921215,14.692819958514896
GA,403.00000000000006,3145.5,0.058851111111111125,0.9843955312921215,12.1689040180289
