algorithm,makespan,energy,cost,reliability,load_balance
HEFT,71.35,1777.3199999999995,0.08678027777777779,0.991152769124249,10.845503446129184
GA,79.72,1777.3199999999997,0.06571583333333335,0.991152769124249,21.483562049467803
