algorithm,makespan,energy,cost,reliability,load_balance
HEFT,339.74,321823.70012362394,0.02996416666666667,0.9138076301274954,89.43470690024836
GA,350.29999999999995,298922.8776477305,0.04854833333333334,0.9122649643666603,32.09041848174207
