algorithm,makespan,energy,cost,reliability,load_balance
HEFT,465.85,803330.7626274552,0.06122666666666667,0.8080181159356046,78.24890126959735
GA,414.98999999999995,691528.3126581365,0.07621388888888887,0.8212763700901576,33.146280113808615
