algorithm,makespan,energy,cost,reliability,load_balance
HEFT,509.2900000000001,916278.3892085059,0.08270583333333335,0.773136238099409,105.14378623327079
GA,544.29,917258.9120505615,0.15612416666666667,0.7645254228098517,50.39880096099958
