algorithm,makespan,energy,cost,reliability,load_balance
HEFT,513.5200000000001,474950.2243340084,0.040135000000000004,0.8798245204270934,128.36245026616368
GA,549.6800000000001,465107.7926793772,0.06527250000000001,0.8747489045812995,61.769143523823196
