algorithm,makespan,energy,cost,reliability,load_balance
HEFT,533.07,296913.03412309824,0.06579972222222223,0.9004332883579144,143.18821190507072
GA,554.98,281404.4147897222,0.0936588888888889,0.8988563912864002,62.27503099729688
