algorithm,makespan,energy,cost,reliability,load_balance
HEFT,218.58,3248.0000000000005,0.12266888888888892,0.9838911578390713,12.791150959047542
GA,224.88000000000002,3248.0000000000005,0.118665,0.9838911578390713,15.543349519512008
