algorithm,makespan,energy,cost,reliability,load_balance
HEFT,266.71000000000004,145573.01668478874,0.02028305555555556,0.9556679107226884,91.56644067092954
GA,267.71000000000004,135016.18759105002,0.018161111111111114,0.9555914603478863,65.1890157267969
