algorithm,makespan,energy,cost,reliability,load_balance
HEFT,101.36,1270.5600000000002,0.05102166666666666,0.9936673363705772,16.420885655599875
GA,95.06,1270.5600000000002,0.04394527777777778,0.9936673363705772,15.77427018914029
