algorithm,makespan,energy,cost,reliability,load_balance
HEFT,475.0800000000001,1584990.3389955377,0.046590000000000006,0.7040595065829595,67.3904942720349
GA,512.0800000000002,1652344.9186259957,0.05402833333333334,0.6875832265281306,27.795019551710347
