algorithm,makespan,energy,cost,reliability,load_balance
HEFT,57.56,1305.2199999999998,0.029230277777777782,0.9934951487416732,12.151398393463472
GA,71.36,1305.2199999999998,0.03412027777777778,0.9934951487416732,28.612297640175637
