algorithm,makespan,energy,cost,reliability,load_balance
HEFT,242.61999999999995,230230.3725991262,0.01936611111111111,0.9382826901067683,65.05363628063638
GA,249.61999999999995,222197.03397163685,0.024820555555555558,0.9372324017651102,46.171780775707575
