algorithm,makespan,energy,cost,reliability,load_balance
HEFT,554.46,960992.2459870866,0.059834722222222234,0.7887170823056083,104.63103842317584
GA,578.46,948462.5008297896,0.08891972222222225,0.7826829358947264,44.89937690740694
