algorithm,makespan,energy,cost,reliability,load_balance
HEFT,386.9,721810.5499870767,0.08764083333333332,0.795631770535372,76.84558104739723
GA,420.90000000000003,737282.1498930864,0.14767055555555558,0.7870222177680541,41.79631644592118
