algorithm,makespan,energy,cost,reliability,load_balance
HEFT,721.8299999999999,5620.44,0.11963750000000001,0.9722889937882073,21.064504899633018
GA,715.0499999999998,5620.440000000002,0.11643027777777779,0.9722889937882072,8.92534406432967
