algorithm,makespan,energy,cost,reliability,load_balance
HEFT,1110.9799999999998,384496.57900232216,0.09773277777777778,0.8600437662853598,110.2431660769349
GA,1022.05,378375.375646984,0.10146055555555554,0.8631085617843222,61.50017940353247
