algorithm,makespan,energy,cost,reliability,load_balance
HEFT,509.41,183418.50281698437,0.043333611111111114,0.9312275657950215,60.37498212560121
GA,446.78000000000003,181104.62209588612,0.04031055555555556,0.9335634017393077,42.797235892052676
