algorithm,makespan,energy,cost,reliability,load_balance
HEFT,716.4800000000001,270135.06328159897,0.06275972222222223,0.9008165943271639,60.972441042381355
GA,662.0100000000001,270877.5969547288,0.06431694444444445,0.9027814332411116,79.78866774172883
