algorithm,makespan,energy,cost,reliability,load_balance
HEFT,460.81,3532.8000000000006,0.07277277777777777,0.982491093912409,15.844801460836704
GA,450.05,3532.7999999999997,0.08425055555555555,0.982491093912409,11.413532903239606
