algorithm,makespan,energy,cost,reliability,load_balance
HEFT,437.53999999999985,410553.1454495588,0.05020916666666666,0.8874839875433542,106.34476627146877
GA,446.53999999999985,396161.77766829386,0.06735555555555554,0.8862069303031802,72.42050773089068
