algorithm,makespan,energy,cost,reliability,load_balance
HEFT,113.21000000000001,2640.96,0.08401250000000002,0.9868820008886771,14.797616925257483
GA,120.8,2640.96,0.06948972222222223,0.9868820008886771,31.627774081230143
