algorithm,makespan,energy,cost,reliability,load_balance
HEFT,404.80999999999995,391961.2610854475,0.0475875,0.8883513054314814,104.3798285030845
GA,434.80999999999995,377333.9276005612,0.08923972222222222,0.8840974366179877,32.56347501419343
