algorithm,makespan,energy,cost,reliability,load_balance
HEFT,312.17,1046344.7073069161,0.028577777777777782,0.7898394358008576,46.328394348570576
GA,334.17,1082317.530717898,0.027266666666666675,0.7787964217992311,22.039296557692957
