algorithm,makespan,energy,cost,reliability,load_balance
HEFT,353.62,129714.49923646853,0.02907527777777778,0.9515376727677749,61.486756839718474
GA,363.96000000000004,130676.9908231674,0.030395000000000005,0.9511441981624758,66.87768187768874
