algorithm,makespan,energy,cost,reliability,load_balance
HEFT,388.46999999999997,1285794.6620331043,0.022772500000000005,0.7603752633492871,50.32883332828715
GA,411.06999999999994,1328042.464689712,0.02155388888888889,0.7494563514699198,26.906295434856464
