algorithm,makespan,energy,cost,reliability,load_balance
HEFT,703.3500000000003,415946.2290467052,0.10649944444444447,0.8487311580518553,75.40777143542402
GA,636.01,402608.3963774154,0.11180138888888888,0.8533157805979272,71.36044657731823
