algorithm,makespan,energy,cost,reliability,load_balance
HEFT,287.83000000000004,4425.5,0.11896555555555555,0.978115517372162,9.016389739167865
GA,299.84,4425.5,0.12547416666666666,0.978115517372162,20.068882763052425
