algorithm,makespan,energy,cost,reliability,load_balance
HEFT,660.9599999999998,352636.55784011126,0.07717111111111112,0.8731845045977921,83.31194888361276
GA,713.8499999999998,362613.4128878615,0.10628166666666666,0.8694976916438557,46.99637886886301
