algorithm,makespan,energy,cost,reliability,load_balance
HEFT,197.64000000000001,657564.6456182959,0.01648388888888889,0.8641659991384139,26.99995731919025
GA,206.56,671976.2720759101,0.01594638888888889,0.8592467032807718,17.355036229857966
