algorithm,makespan,energy,cost,reliability,load_balance
HEFT,506.77000000000004,493253.4721668607,0.07673222222222223,0.8528172485410012,117.38949190444319
GA,531.86,481491.8169631107,0.14577583333333338,0.8494005615410452,62.94565663795504
