algorithm,makespan,energy,cost,reliability,load_balance
HEFT,412.03000000000003,262967.4450161396,0.05322583333333334,0.9045410418468813,84.42507074111847
GA,474.73,271450.87373875675,0.07466305555555555,0.9000152242208072,68.29318015261218
