algorithm,makespan,energy,cost,reliability,load_balance
HEFT,249.06,3568.6399999999994,0.10783194444444444,0.982315047282629,17.1827313644501
GA,245.85000000000002,3568.64,0.09634777777777778,0.982315047282629,24.381841018031672
