algorithm,makespan,energy,cost,reliability,load_balance
HEFT,490.80000000000007,499870.39472290134,0.07837722222222224,0.8466238328834295,122.19860719166702
GA,535.8000000000001,497232.876987682,0.13693777777777782,0.8405500332043057,65.94004933460391
