algorithm,makespan,energy,cost,reliability,load_balance
HEFT,443.84000000000003,1519049.5029965756,0.08465611111111111,0.6844976961504889,74.55532514392563
GA,474.84000000000003,1558893.057977424,0.13049333333333332,0.6710510932341616,39.63187797418781
