algorithm,makespan,energy,cost,reliability,load_balance
HEFT,284.08,90981.0073570825,0.018397777777777777,0.9689456087381225,105.5196441032032
GA,287.08,81755.80454925456,0.022918888888888888,0.9688293422412032,45.54098474634323
