algorithm,makespan,energy,cost,reliability,load_balance
HEFT,147.43,1101.4,0.025103611111111115,0.9945081357276034,9.520537449815176
GA,139.78,1101.3999999999999,0.030843611111111113,0.9945081357276034,2.368297560133287
