algorithm,makespan,energy,cost,reliability,load_balance
HEFT,380.03999999999996,205470.0181822966,0.03183944444444445,0.9364375910018528,123.03639217001725
GA,385.03999999999996,189453.36061188448,0.04614444444444445,0.9360630908704716,74.89710960234524
