algorithm,makespan,energy,cost,reliability,load_balance
HEFT,637.18,246029.963636649,0.06035305555555556,0.909442413214479,27.75569295958333
GA,597.04,245681.1396388852,0.06096666666666667,0.9109037868299289,13.604789291520321
