algorithm,makespan,energy,cost,reliability,load_balance
HEFT,1186.5399999999997,425885.2845837477,0.12126138888888888,0.8462588473832193,49.78539436086314
GA,979.8199999999998,423924.4152497397,0.10150305555555555,0.8532854030968606,34.12030028687708
