algorithm,makespan,energy,cost,reliability,load_balance
HEFT,379.33,354250.5792581657,0.029882222222222223,0.9082732586555612,97.7658770716211
GA,406.33,350265.1526837792,0.047905277777777776,0.9043579812663672,59.51112691127601
