algorithm,makespan,energy,cost,reliability,load_balance
HEFT,321.03000000000003,292998.30081300816,0.024693055555555562,0.9294197614207584,80.62884781257472
GA,336.03000000000003,282657.7312442342,0.029601944444444445,0.9271918285821625,43.104752788024044
