algorithm,makespan,energy,cost,reliability,load_balance
HEFT,537.73,563310.2817213101,0.09760916666666666,0.8128573874597724,97.43575255649233
GA,608.6,593230.0777029247,0.13408805555555556,0.8036922955786245,70.13915042910533
