algorithm,makespan,energy,cost,reliability,load_balance
HEFT,226.39000000000001,6545.7999999999965,0.2320186111111111,0.96780079807039,12.732988062509131
GA,252.71,6545.799999999996,0.20333833333333332,0.96780079807039,46.9861342490172
