algorithm,makespan,energy,cost,reliability,load_balance
HEFT,587.38,346912.9355783309,0.08470194444444444,0.8728077194816846,73.793220943003
GA,606.8199999999999,347557.48014238157,0.10828750000000001,0.8714513838762882,48.70931885026871
