algorithm,makespan,energy,cost,reliability,load_balance
HEFT,316.07,4876.239999999998,0.1527988888888889,0.9759136205700546,9.370596870759387
GA,325.17,4876.239999999999,0.16192472222222223,0.9759136205700546,16.797692868792605
