algorithm,makespan,energy,cost,reliability,load_balance
HEFT,369.75,653463.7753887762,0.0477875,0.8421088479458695,74.65698767003467
GA,322.75999999999993,549513.6693828232,0.06958861111111111,0.8548671519106938,40.50821033738597
