algorithm,makespan,energy,cost,reliability,load_balance
HEFT,499.25000000000006,889921.6397396096,0.09193750000000003,0.7744659375615314,94.28733790875293
GA,462.01000000000005,789944.5056600508,0.12852361111111113,0.7837503033387451,42.13616460166622
