algorithm,makespan,energy,cost,reliability,load_balance
HEFT,78.32,3605.4200000000005,0.16052861111111114,0.982134416154975,10.853689125874624
GA,102.53,3605.42,0.12939,0.982134416154975,33.07309470623487
