algorithm,makespan,energy,cost,reliability,load_balance
HEFT,618.51,1077921.8411828429,0.06806444444444444,0.7604479586992455,118.26600473725361
GA,638.5099999999999,1051642.873831263,0.12299138888888889,0.7555966325663774,50.525119262720175
