algorithm,makespan,energy,cost,reliability,load_balance
HEFT,405.61,150863.30768472177,0.03464138888888889,0.9437110979346471,60.65036376642764
GA,400.34000000000003,150801.02610281258,0.03643944444444445,0.9439100532032403,61.4553455092937
