algorithm,makespan,energy,cost,reliability,load_balance
HEFT,242.42000000000002,1864.4000000000003,0.04087472222222222,0.9907213151429201,9.504591872703786
GA,240.95,1864.4000000000003,0.046766388888888885,0.9907213151429201,10.23797180435004
