algorithm,makespan,energy,cost,reliability,load_balance
HEFT,128.67000000000002,1747.1199999999997,0.07439333333333333,0.9913024444925926,13.728338782033527
GA,122.5,1747.1199999999997,0.06161444444444446,0.9913024444925926,13.467896219210653
