algorithm,makespan,energy,cost,reliability,load_balance
HEFT,316.04999999999995,174172.40237304222,0.03298722222222222,0.9415923947614773,89.25963740483631
GA,333.04999999999995,174378.94955712353,0.03456583333333333,0.9403126994946268,77.39453089527707
