algorithm,makespan,energy,cost,reliability,load_balance
HEFT,881.74,306433.96762084065,0.08592111111111111,0.8864859521605758,63.905648876553414
GA,707.24,302348.99727108196,0.07148027777777778,0.892695269413856,32.59855863378012
