algorithm,makespan,energy,cost,reliability,load_balance
HEFT,64.03,701.4799999999999,0.021404166666666665,0.996498743742427,9.907533569389075
GA,58.53,701.4799999999999,0.01654611111111111,0.996498743742427,12.635045084435367
