algorithm,makespan,energy,cost,reliability,load_balance
HEFT,216.9,116072.25136007377,0.011801666666666669,0.9674696732959704,79.52907208777717
GA,221.9,104299.73393420459,0.013009166666666669,0.9670827628139073,46.56563654824078
