algorithm,makespan,energy,cost,reliability,load_balance
HEFT,596.56,366564.5044086093,0.08194416666666665,0.8659185742117382,75.25517361189955
GA,671.0500000000001,384659.149586469,0.10710555555555558,0.8607737370264796,89.7809463460133
