algorithm,makespan,energy,cost,reliability,load_balance
HEFT,328.33,5090.180000000002,0.13195527777777777,0.9748702439196233,8.859928954084706
GA,338.18000000000006,5090.180000000002,0.11786694444444444,0.9748702439196233,28.014762403061724
