algorithm,makespan,energy,cost,reliability,load_balance
HEFT,743.7499999999999,5667.84,0.10405444444444444,0.9720585886007727,23.667895273273952
GA,718.52,5667.839999999997,0.10893611111111111,0.9720585886007727,8.027498572614833
