algorithm,makespan,energy,cost,reliability,load_balance
HEFT,988.5699999999999,420972.2066520327,0.100685,0.8536223466822905,39.471894959156316
GA,891.1699999999998,426686.5831098444,0.0926236111111111,0.8569545462548295,62.570820875229195
