algorithm,makespan,energy,cost,reliability,load_balance
HEFT,468.62000000000006,437971.80596218683,0.03819472222222223,0.8850602121153852,117.99833880010064
GA,491.62000000000006,417039.97219397104,0.07221333333333334,0.8818091761099522,44.72016218944202
