algorithm,makespan,energy,cost,reliability,load_balance
HEFT,340.78000000000003,331155.8053289513,0.03716083333333333,0.9069339989838828,91.9046339691313
GA,369.78000000000003,334022.82827627246,0.05487027777777779,0.9027355731091601,67.56915823806007
