algorithm,makespan,energy,cost,reliability,load_balance
HEFT,142.95999999999998,47603.35289591493,0.006882500000000001,0.9844923021290563,62.798983205675114
GA,142.95999999999998,47603.35289591493,0.006882500000000001,0.9844923021290563,62.798983205675114
