algorithm,makespan,energy,cost,reliability,load_balance
HEFT,165.45,51099.60108794198,0.006436666666666666,0.9844773379597919,75.42386028306956
GA,165.45,48712.4037473557,0.006297777777777778,0.9844773379597919,66.12275982342742
