algorithm,makespan,energy,cost,reliability,load_balance
HEFT,218.6,72319.92044830741,0.011479999999999999,0.9761158508225674,91.86704246718006
GA,218.6,71707.33664226899,0.012005833333333334,0.9761158508225674,89.40460889499302
