algorithm,makespan,energy,cost,reliability,load_balance
HEFT,84.34,627.9000000000001,0.02614666666666667,0.9968654230767775,4.2179408483287215
GA,89.27,627.9000000000001,0.019544444444444448,0.9968654230767775,10.556642063964594
