algorithm,makespan,energy,cost,reliability,load_balance
HEFT,352.55000000000007,324642.8224932634,0.02471694444444445,0.9223571186459545,91.98252719719837
GA,357.55000000000007,299532.9520626486,0.02559944444444445,0.9216195280266236,40.79181212265521
