algorithm,makespan,energy,cost,reliability,load_balance
HEFT,962.0,372727.90821205825,0.0947552777777778,0.8661371596441904,38.632098053302684
GA,844.54,374788.49792786606,0.08581944444444446,0.8702161934375429,53.12249115644584
