algorithm,makespan,energy,cost,reliability,load_balance
HEFT,724.6099999999999,5680.779999999999,0.11258194444444447,0.9719956984446086,14.551463557548619
GA,716.96,5680.78,0.12866805555555558,0.9719956984446086,5.301084008640761
