algorithm,makespan,energy,cost,reliability,load_balance
HEFT,109.16,5192.239999999999,0.26409888888888894,0.9743728945436372,12.906330717157573
GA,132.89,5192.24,0.20321250000000005,0.9743728945436372,37.785690989425966
