algorithm,makespan,energy,cost,reliability,load_balance
HEFT,606.0099999999999,1074331.362337255,0.09678861111111109,0.7451480168509917,118.90609155790385
GA,557.2399999999999,941267.3690510369,0.1801477777777778,0.7568683127927662,50.98021605418569
