algorithm,makespan,energy,cost,reliability,load_balance
HEFT,362.96999999999997,5481.739999999999,0.1393427777777778,0.9729635100668854,11.652773351683878
GA,369.97,5481.740000000002,0.1473305555555556,0.9729635100668854,25.455839317475743
