algorithm,makespan,energy,cost,reliability,load_balance
HEFT,740.89,438943.06664957013,0.10662361111111113,0.8427908953246912,107.2500489427128
GA,757.59,435896.7333386133,0.13250666666666666,0.8416656785007421,66.16464591942481
