algorithm,makespan,energy,cost,reliability,load_balance
HEFT,390.33000000000004,134623.57133707378,0.0319438888888889,0.9490308243738174,58.59587755692946
GA,369.77,139588.59929145145,0.02922027777777778,0.9498116283463683,103.6602144830246
