algorithm,makespan,energy,cost,reliability,load_balance
HEFT,200.03,5337.48,0.17204444444444447,0.97366556181122,14.162296365114424
GA,199.48,5337.480000000001,0.17863833333333337,0.97366556181122,31.309014649671322
