algorithm,makespan,energy,cost,reliability,load_balance
HEFT,525.75,525390.3715263909,0.09272972222222223,0.8256373875273216,81.52327869745753
GA,523.09,511962.4247643809,0.13564861111111112,0.8259888535861254,50.1958558340892
