algorithm,makespan,energy,cost,reliability,load_balance
HEFT,248.5,431778.35549295775,0.016040833333333334,0.9026135315098738,49.073447652637284
GA,256.28,424616.24691743404,0.019020555555555554,0.9003691797900754,29.543074621043026
