algorithm,makespan,energy,cost,reliability,load_balance
HEFT,47.9,1093.6,0.015188888888888889,0.9945469223012301,16.964872245984665
GA,47.9,1093.6,0.02231111111111111,0.9945469223012301,19.00436180833062
