algorithm,makespan,energy,cost,reliability,load_balance
HEFT,439.84999999999997,814349.9956803455,0.08348166666666668,0.7878181420181226,98.35112127704295
GA,501.02,849562.5322741607,0.15625250000000002,0.7725470236685635,41.57103968296416
