algorithm,makespan,energy,cost,reliability,load_balance
HEFT,110.21000000000001,5311.619999999998,0.2220208333333333,0.973791464907822,12.484531812471497
GA,128.91,5311.619999999999,0.20793694444444447,0.973791464907822,35.95660869395446
