algorithm,makespan,energy,cost,reliability,load_balance
HEFT,733.5400000000001,471740.2978978651,0.11793527777777776,0.830298171444074,77.73247230083447
GA,790.7899999999998,477568.2837921571,0.14477111111111107,0.8265041008726283,36.612333889785596
