algorithm,makespan,energy,cost,reliability,load_balance
HEFT,523.7,545160.76988734,0.0932025,0.8244170075192645,113.83214985048527
GA,594.71,566072.7003581579,0.1526052777777778,0.8151033206277581,68.55850382155376
