algorithm,makespan,energy,cost,reliability,load_balance
HEFT,393.86,705673.6024221806,0.06149027777777778,0.8223822234250161,80.91689337192642
GA,370.90000000000003,637070.7104610407,0.08626194444444443,0.8284466812084685,46.64391562917692
