algorithm,makespan,energy,cost,reliability,load_balance
HEFT,306.8,163554.67073011736,0.02210111111111111,0.9530438154947302,108.20019646140072
GA,311.8,150521.29724182168,0.02512916666666667,0.9526626742018727,72.81939753350653
