algorithm,makespan,energy,cost,reliability,load_balance
HEFT,152.28,50281.18951930654,0.009785555555555556,0.9805108182551749,21.060106045950167
GA,155.83,51391.308348841696,0.010917222222222226,0.9803715956040249,29.765100369392336
