algorithm,makespan,energy,cost,reliability,load_balance
HEFT,503.6400000000001,918792.1929354302,0.0960202777777778,0.7595311074377505,100.90206819899521
GA,547.1000000000001,938412.2012246393,0.17203222222222225,0.7490412676400428,54.36544038973806
