algorithm,makespan,energy,cost,reliability,load_balance
HEFT,553.6199999999999,533578.0842093854,0.09072888888888889,0.8325823026267091,100.70826810644695
GA,544.6899999999999,509286.8500615029,0.13686666666666664,0.8337727464712634,58.10057324731543
