algorithm,makespan,energy,cost,reliability,load_balance
HEFT,411.85999999999996,390113.21754965273,0.05224,0.8897631279949341,99.49136022791122
GA,451.6499999999999,391517.60008856404,0.09369277777777776,0.8841165333288623,48.424787867372224
