algorithm,makespan,energy,cost,reliability,load_balance
HEFT,253.71000000000004,870305.269756809,0.03260222222222222,0.8134923143511023,45.304371560754284
GA,282.71000000000004,925476.997877684,0.04682861111111111,0.7985331474826586,25.15771963271027
