algorithm,makespan,energy,cost,reliability,load_balance
HEFT,335.17,4980.179999999999,0.1280216666666667,0.9754065700299396,11.83807590241878
GA,329.84,4980.1799999999985,0.13335611111111112,0.9754065700299396,16.30204057122035
