algorithm,makespan,energy,cost,reliability,load_balance
HEFT,683.2299999999999,387015.05917480204,0.09540833333333333,0.8616814708369891,109.26512474579563
GA,673.5999999999999,380632.5226840855,0.11478861111111112,0.8623455660187399,89.1025476627913
