algorithm,makespan,energy,cost,reliability,load_balance
HEFT,316.28,292073.602946756,0.019383888888888888,0.92750082037462,81.55069309944581
GA,324.28,281259.73855926975,0.023137499999999995,0.9263143788091313,56.0122498357874
