algorithm,makespan,energy,cost,reliability,load_balance
HEFT,513.14,386994.93851580465,0.0950575,0.8606346472293345,23.27755291354431
GA,524.3000000000001,397571.64960900246,0.09840166666666668,0.8598666155166607,89.54162726073275
