algorithm,makespan,energy,cost,reliability,load_balance
HEFT,584.7800000000001,1062200.47212627,0.11718333333333333,0.7334900841732644,119.87490457083555
GA,641.7800000000001,1083289.7154320797,0.2420030555555556,0.7202325017514145,46.71390962356446
