algorithm,makespan,energy,cost,reliability,load_balance
HEFT,127.43,5965.74,0.3170516666666666,0.9706117851074445,11.552769528133128
GA,144.79999999999998,5965.74,0.23811055555555555,0.9706117851074445,43.57988186221941
