algorithm,makespan,energy,cost,reliability,load_balance
HEFT,51.71,630.6600000000001,0.011804166666666668,0.9968516664288601,7.692430300533859
GA,49.67,630.6600000000001,0.012364444444444444,0.9968516664288601,16.255549327185822
