algorithm,makespan,energy,cost,reliability,load_balance
HEFT,192.62,96636.74073304953,0.010235555555555557,0.9748956883650381,65.35131909260025
GA,192.14000000000001,93482.74206307901,0.00713388888888889,0.9749331250782517,58.68846826373012
