algorithm,makespan,energy,cost,reliability,load_balance
HEFT,94.81,3904.5599999999995,0.16898249999999998,0.9806665357367547,13.627159964925829
GA,105.7,3904.5599999999995,0.12191944444444446,0.9806665357367547,34.45335282621623
