algorithm,makespan,energy,cost,reliability,load_balance
HEFT,490.74999999999994,871100.7530514518,0.07514916666666667,0.7865838111397431,96.2113406818887
GA,528.41,886895.0474820689,0.13494416666666664,0.7771614218988517,52.16766071229904
