algorithm,makespan,energy,cost,reliability,load_balance
HEFT,585.7300000000001,1001521.4113670122,0.0689775,0.7739159523373692,95.7702593386398
GA,542.05,895657.6023983029,0.13326333333333334,0.7848093946859066,44.43689878682267
