algorithm,makespan,energy,cost,reliability,load_balance
HEFT,446.92,815469.6930546855,0.07503944444444444,0.7939458651271311,98.10941048341503
GA,483.65000000000003,816575.6948206348,0.12700250000000002,0.7846687694427769,42.64745478450941
