algorithm,makespan,energy,cost,reliability,load_balance
HEFT,95.86,4388.999999999999,0.18793277777777778,0.9782940397437533,12.913293335089406
GA,122.06,4388.999999999999,0.17046750000000002,0.9782940397437533,37.61783923391975
