algorithm,makespan,energy,cost,reliability,load_balance
HEFT,367.86,5634.539999999999,0.16423361111111112,0.9722204498303482,10.119461359888957
GA,388.64,5634.539999999997,0.151085,0.972220449830348,50.01267823191007
