algorithm,makespan,energy,cost,reliability,load_balance
HEFT,886.7499999999999,481402.883586129,0.12206833333333335,0.8327375104328368,142.3492125273015
GA,836.4199999999998,458832.95389875886,0.15231583333333334,0.8360972039408983,90.77617320326172
