algorithm,makespan,energy,cost,reliability,load_balance
HEFT,109.1,5073.34,0.18579083333333332,0.9749523314499978,14.438953889230431
GA,123.28999999999999,5073.340000000001,0.1782247222222223,0.9749523314499978,28.05794469277934
