algorithm,makespan,energy,cost,reliability,load_balance
HEFT,589.64,1061382.0564242587,0.10109805555555555,0.7474824890587872,125.83776703998237
GA,627.6399999999999,1048147.7935918679,0.20049333333333336,0.7384481421432321,47.87243338420349
