algorithm,makespan,energy,cost,reliability,load_balance
HEFT,327.2,1108264.8487163815,0.04396166666666667,0.7707870063037577,52.7033959093433
GA,346.57,1133795.4646968865,0.04807527777777778,0.7612906974808837,30.992723273899948
