algorithm,makespan,energy,cost,reliability,load_balance
HEFT,414.6600000000001,761114.495948488,0.07641555555555553,0.7983645150901177,87.5915737214258
GA,441.6600000000001,762120.7357469548,0.13067916666666668,0.7914963588401124,50.114588049619485
