algorithm,makespan,energy,cost,reliability,load_balance
HEFT,99.50999999999999,4708.299999999999,0.2287975000000001,0.9767334393900079,10.477924023139192
GA,117.83,4708.299999999998,0.2610930555555556,0.9767334393900079,26.24337596722758
