algorithm,makespan,energy,cost,reliability,load_balance
HEFT,124.45,216015.74849337083,0.007127777777777778,0.9511457199944102,24.73677408102121
GA,124.45,214422.7458417035,0.007127777777777778,0.9511457199944102,23.40847375521067
