algorithm,makespan,energy,cost,reliability,load_balance
HEFT,51.27,647.6800000000001,0.008995555555555557,0.9967668379615495,16.813670896989088
GA,51.27,647.6800000000001,0.008995555555555557,0.9967668379615495,16.81367089698909
