algorithm,makespan,energy,cost,reliability,load_balance
HEFT,426.3300000000001,430090.3975793401,0.06802527777777777,0.8607692610146848,88.95924728960638
GA,475.1600000000001,441746.41796447523,0.11201444444444444,0.8540704452606119,46.14906945612953
