algorithm,makespan,energy,cost,reliability,load_balance
HEFT,161.43,4083.359999999999,0.1137972222222222,0.9797902116290479,12.703943744627754
GA,184.32,4083.36,0.12648555555555555,0.9797902116290479,40.4996288048833
