algorithm,makespan,energy,cost,reliability,load_balance
HEFT,298.8,4270.839999999998,0.12196722222222223,0.9788721866302076,14.315224413190327
GA,286.34000000000003,4270.839999999999,0.11810166666666667,0.9788721866302076,16.160062544079825
