algorithm,makespan,energy,cost,reliability,load_balance
HEFT,500.90000000000003,317357.090137752,0.07443444444444446,0.8835088237550404,73.33481115258779
GA,518.8000000000001,319425.90549344645,0.09381861111111113,0.882244544559374,67.79736076563539
