algorithm,makespan,energy,cost,reliability,load_balance
HEFT,467.0400000000001,1580249.5908059268,0.07112444444444443,0.6821399751790176,72.60224180324016
GA,498.0400000000001,1620578.4221950052,0.09585055555555554,0.6687396884707201,32.231827028362964
