algorithm,makespan,energy,cost,reliability,load_balance
HEFT,603.02,4818.420000000003,0.10555833333333337,0.9761957979845414,0.777276227176236
GA,607.2,4818.420000000002,0.10491861111111113,0.9761957979845414,3.755488206167913
