algorithm,makespan,energy,cost,reliability,load_balance
HEFT,916.96,342652.31023163494,0.08718777777777777,0.8753071724509361,41.848795582031485
GA,790.5600000000003,342810.36709421175,0.07791166666666668,0.8797439321920199,41.036712323641865
