algorithm,makespan,energy,cost,reliability,load_balance
HEFT,373.29,5663.979999999999,0.1218697222222222,0.9720773495125749,9.835989945820698
GA,382.79999999999995,5663.979999999998,0.11418166666666668,0.9720773495125749,24.924293047718947
