algorithm,makespan,energy,cost,reliability,load_balance
HEFT,603.3,380733.2212995193,0.10107777777777775,0.8595860008521606,40.71069372939464
GA,563.13,380487.8873972262,0.09812916666666667,0.8623528097519182,79.91192713365312
