algorithm,makespan,energy,cost,reliability,load_balance
HEFT,231.91000000000003,765948.4728558493,0.009224722222222223,0.8527862065581219,29.31358468734628
GA,237.91000000000003,768616.1734269263,0.007516666666666668,0.8495177869069022,16.052111751002318
