algorithm,makespan,energy,cost,reliability,load_balance
HEFT,472.0,860311.0622669492,0.07557916666666667,0.7893464139945696,106.75756272929422
GA,499.5300000000001,839004.5479750967,0.1481458333333333,0.7824231282904581,42.42038592274565
