algorithm,makespan,energy,cost,reliability,load_balance
HEFT,99.35,4060.9,0.16463444444444442,0.9799002482482544,12.55366341837211
GA,112.22,4060.9,0.14052805555555553,0.9799002482482544,30.006518873391382
