algorithm,makespan,energy,cost,reliability,load_balance
HEFT,489.86,318636.5068182746,0.08272861111111111,0.8813098608120447,32.851442211220224
GA,456.89,316170.86254897236,0.08620944444444444,0.8836374720051444,47.94665545836182
