algorithm,makespan,energy,cost,reliability,load_balance
HEFT,433.0899999999999,733274.1512849522,0.04673722222222222,0.8291856536543966,64.33309477607727
GA,364.89,609901.4553427061,0.05001833333333334,0.8474807108885967,39.67177195335941
