algorithm,makespan,energy,cost,reliability,load_balance
HEFT,371.74,378350.5408887933,0.053200000000000004,0.884926401127679,99.00653602793099
GA,395.55000000000007,371353.8866135761,0.0783188888888889,0.8815615988547739,64.956914563296
