algorithm,makespan,energy,cost,reliability,load_balance
HEFT,127.6,3036.2000000000016,0.10167833333333336,0.9849336504776471,15.816303771741358
GA,128.71,3036.2000000000016,0.09548222222222225,0.9849336504776471,36.212226457372104
