algorithm,makespan,energy,cost,reliability,load_balance
HEFT,56.34,1220.3399999999997,0.04844138888888888,0.9939168775673259,11.765361005227733
GA,68.3,1220.3399999999997,0.05206972222222223,0.9939168775673259,23.807585057077926
