algorithm,makespan,energy,cost,reliability,load_balance
HEFT,245.50000000000006,242150.89743380857,0.01840888888888889,0.9367032023645718,75.58251155745845
GA,252.50000000000006,227100.27588118816,0.02084916666666667,0.9356546820589,49.497800759225655
