algorithm,makespan,energy,cost,reliability,load_balance
HEFT,559.4999999999999,551621.8163717604,0.09139277777777778,0.8225016419934358,97.99635850377297
GA,577.3100000000001,543100.4075799831,0.1493125,0.8201611775918476,45.5525380193025
