algorithm,makespan,energy,cost,reliability,load_balance
HEFT,451.52,298264.93628189224,0.07087194444444445,0.8893891501915672,49.878815410810574
GA,446.76000000000005,299739.0164517862,0.07853055555555556,0.8897278940727017,61.99851886191659
