algorithm,makespan,energy,cost,reliability,load_balance
HEFT,280.23,3932.18,0.1044425,0.9805311150391838,17.241302103213844
GA,269.28999999999996,3932.1800000000007,0.11425805555555557,0.9805311150391838,24.18142110765441
