algorithm,makespan,energy,cost,reliability,load_balance
HEFT,284.99,980688.1682515176,0.03985083333333334,0.7941977447015384,52.45076666158367
GA,301.53999999999996,991743.382735292,0.04846694444444445,0.7858299960183399,30.428610642126255
