algorithm,makespan,energy,cost,reliability,load_balance
HEFT,587.1600000000001,327864.2039137544,0.06893055555555555,0.884331222885412,116.73783704615354
GA,576.6100000000001,313210.2775706283,0.08638333333333334,0.8850779134966407,60.26071213307818
