algorithm,makespan,energy,cost,reliability,load_balance
HEFT,243.48,3554.919999999999,0.11442472222222222,0.9823824364062931,14.334344122720493
GA,252.85000000000002,3554.9199999999996,0.10544527777777779,0.9823824364062931,25.861045581558162
