algorithm,makespan,energy,cost,reliability,load_balance
HEFT,641.5199999999999,389500.6784355904,0.0774236111111111,0.8610051441067106,117.7829796626587
GA,716.6799999999998,394867.17306189646,0.10618472222222222,0.8558436255164,53.43870679506166
