algorithm,makespan,energy,cost,reliability,load_balance
HEFT,286.97,4332.520000000002,0.11935638888888887,0.9785703489936067,12.24448301422787
GA,291.67999999999995,4332.52,0.1259755555555556,0.9785703489936067,23.23872491584435
