algorithm,makespan,energy,cost,reliability,load_balance
HEFT,504.24,318888.21707916865,0.07494833333333333,0.8849664007049935,98.07277978987995
GA,561.21,325635.75656171486,0.09060277777777778,0.8809422550260129,79.34700331905601
