algorithm,makespan,energy,cost,reliability,load_balance
HEFT,407.53999999999996,727558.1510526573,0.057467777777777784,0.822151659776102,85.02098666913686
GA,430.36999999999995,721592.0696145177,0.08340249999999999,0.8161672351333751,43.418128293561075
