algorithm,makespan,energy,cost,reliability,load_balance
HEFT,245.45999999999998,811612.9831337081,0.009938611111111112,0.8425148422473457,31.415587614095152
GA,250.45999999999998,811205.9303681225,0.009938611111111113,0.839823103830571,18.852439084230006
