algorithm,makespan,energy,cost,reliability,load_balance
HEFT,615.1899999999999,1065723.1019359871,0.08139027777777776,0.7441612007078543,100.13835235764179
GA,655.1899999999999,1087012.9243120316,0.17642666666666665,0.7346966397513679,45.29231438042755
