algorithm,makespan,energy,cost,reliability,load_balance
HEFT,661.5800000000002,412611.46455455123,0.09972527777777777,0.8500038500818281,76.30580426340924
GA,713.2000000000002,424177.3847728548,0.12483027777777779,0.8465009120271649,86.49660352539038
