algorithm,makespan,energy,cost,reliability,load_balance
HEFT,482.24999999999994,468226.4446656299,0.0700925,0.8538272406317847,97.31639367718746
GA,510.83,464564.03981755185,0.10871611111111112,0.8499317728114606,44.80316296498124
