algorithm,makespan,energy,cost,reliability,load_balance
HEFT,488.45,269321.1409151397,0.05004972222222223,0.9118082164517294,141.2396699636068
GA,498.86999999999995,249966.71573756688,0.0661411111111111,0.9110484498372163,65.46411776145551
