algorithm,makespan,energy,cost,reliability,load_balance
HEFT,562.25,596397.1982036461,0.11210138888888889,0.8049251397396743,113.65069159307096
GA,595.81,591391.8566153639,0.1824488888888889,0.8006145970114543,59.5314038659429
