algorithm,makespan,energy,cost,reliability,load_balance
HEFT,210.51,6259.660000000001,0.21903250000000005,0.9691864216416579,11.658225118630485
GA,253.14,6259.660000000001,0.2478327777777778,0.9691864216416579,49.344096299185914
