algorithm,makespan,energy,cost,reliability,load_balance
HEFT,608.7,597727.9746180385,0.08655083333333334,0.8215549942868845,139.07324496915288
GA,663.6999999999999,600339.0855959017,0.14861111111111114,0.8143570278403416,71.34182578438819
