algorithm,makespan,energy,cost,reliability,load_balance
HEFT,161.69,4654.16,0.16931833333333335,0.976997876922056,8.845220555004083
GA,198.56,4654.160000000002,0.15309083333333334,0.976997876922056,37.32642575977508
