algorithm,makespan,energy,cost,reliability,load_balance
HEFT,643.9000000000001,221281.8055132785,0.0527263888888889,0.9175835871888043,97.15351713482468
GA,628.7,217075.33247972006,0.058780000000000006,0.918141647643002,48.0365391308186
