algorithm,makespan,energy,cost,reliability,load_balance
HEFT,317.44000000000005,1062846.196919103,0.03190666666666667,0.7884003971199963,46.7406581551521
GA,330.74000000000007,1072172.823516962,0.03953027777777778,0.7817180135114986,23.22267496894563
