algorithm,makespan,energy,cost,reliability,load_balance
HEFT,476.33000000000004,264251.31079293764,0.061049166666666675,0.9053373883047572,90.38244969295752
GA,472.03,254787.1512192022,0.07194444444444445,0.9056488779394796,49.940283893437595
