algorithm,makespan,energy,cost,reliability,load_balance
HEFT,190.70999999999998,2665.5800000000004,0.09667555555555557,0.9867605231914733,12.557933676138184
GA,185.39,2665.58,0.10521666666666667,0.9867605231914733,17.448476345678838
