algorithm,makespan,energy,cost,reliability,load_balance
HEFT,222.14000000000001,114863.16957774377,0.011647500000000002,0.9687022401695794,77.82869961607076
GA,226.14000000000001,105739.813787919,0.009740833333333334,0.9683923050449899,52.36088423827739
