algorithm,makespan,energy,cost,reliability,load_balance
HEFT,161.68,86404.07545769421,0.010664722222222223,0.9752669993362896,58.16231125049966
GA,161.68,84669.21783770411,0.008578333333333334,0.9752669993362896,54.6090826433008
