algorithm,makespan,energy,cost,reliability,load_balance
HEFT,68.1,650.7800000000001,0.011177777777777778,0.9967513881952972,15.21206470207118
GA,53.42,650.7800000000001,0.009038611111111112,0.9967513881952972,11.267986177662804
