algorithm,makespan,energy,cost,reliability,load_balance
HEFT,438.46999999999997,416959.72844208265,0.044298888888888895,0.8860343140065303,112.31303118034285
GA,434.47999999999996,385385.4708387037,0.06699055555555555,0.8866001389046825,64.93960835204248
