algorithm,makespan,energy,cost,reliability,load_balance
HEFT,416.11999999999995,250633.3792175334,0.043908333333333334,0.9125503654819215,110.50554982831017
GA,456.59,249540.40106003196,0.06734555555555556,0.9096006699623161,76.2017440745289
