algorithm,makespan,energy,cost,reliability,load_balance
HEFT,464.2800000000001,444730.2050486776,0.05525555555555558,0.8670120532925665,102.46812079861716
GA,485.90000000000003,434642.4175756329,0.09888861111111114,0.8640180665827494,51.8245211587462
