algorithm,makespan,energy,cost,reliability,load_balance
HEFT,141.69,3700.100000000001,0.12863944444444445,0.9816695837568769,13.532995341633232
GA,154.25,3700.1000000000004,0.12291777777777779,0.9816695837568769,25.58598841000024
