algorithm,makespan,energy,cost,reliability,load_balance
HEFT,658.84,403726.9716319592,0.11120777777777778,0.8517754016429414,49.303068417261265
GA,565.1000000000001,388081.6044770838,0.10228694444444447,0.8581870467914438,36.01280979933189
