algorithm,makespan,energy,cost,reliability,load_balance
HEFT,352.88,5416.62,0.12468833333333333,0.9732803585658996,12.101628506114377
GA,368.67,5416.619999999999,0.13504,0.9732803585658996,29.924088451327233
