algorithm,makespan,energy,cost,reliability,load_balance
HEFT,473.61999999999995,286723.3424686457,0.07264500000000002,0.894029237682998,67.0084887479617
GA,486.18,291484.61820724834,0.07739944444444447,0.8931313682701096,77.8014259417617
