algorithm,makespan,energy,cost,reliability,load_balance
HEFT,601.7199999999999,1081581.4547630127,0.11969444444444444,0.7256856114696152,112.82021723849822
GA,573.3999999999999,988255.953296128,0.2018083333333334,0.7322919542019373,52.55366687123652
