algorithm,makespan,energy,cost,reliability,load_balance
HEFT,135.16,6064.1,0.23764249999999998,0.9701345555918854,14.757938510941896
GA,145.25,6064.1,0.24037027777777775,0.9701345555918854,36.69420988950876
