algorithm,makespan,energy,cost,reliability,load_balance
HEFT,493.74,891167.703143355,0.10945555555555556,0.7591629759991356,86.08665695885051
GA,462.78000000000003,817669.1061627556,0.15777444444444444,0.7667215356919853,53.133340148940995
