algorithm,makespan,energy,cost,reliability,load_balance
HEFT,297.43,2311.84,0.04961694444444445,0.9885073508805255,5.826617085982803
GA,295.49,2311.84,0.05546916666666667,0.9885073508805255,7.473343740700439
