algorithm,makespan,energy,cost,reliability,load_balance
HEFT,507.93,172285.0248656311,0.042250555555555555,0.9351200146651337,76.18955615218313
GA,482.32,168425.16959694808,0.04307472222222223,0.9360784424310443,42.411089744703965
