algorithm,makespan,energy,cost,reliability,load_balance
HEFT,73.8,1719.98,0.06263388888888889,0.9914369733618876,8.444146271234294
GA,77.77,1719.98,0.062014166666666676,0.9914369733618876,16.906688013426322
