algorithm,makespan,energy,cost,reliability,load_balance
HEFT,435.39000000000004,404050.7503387768,0.03384444444444445,0.8980804739961947,111.58518294521302
GA,439.33000000000004,368985.02007602487,0.05014055555555556,0.8975145024783532,37.47261061428735
