algorithm,makespan,energy,cost,reliability,load_balance
HEFT,334.89000000000004,1117543.483472185,0.032885555555555564,0.7780902180678223,47.246357144153
GA,359.84,1164763.9600377947,0.038149999999999996,0.7657643451352952,23.469866054138578
