algorithm,makespan,energy,cost,reliability,load_balance
HEFT,985.8,416355.19334550615,0.10394277777777777,0.8547067938750494,20.162856940423783
GA,907.76,420187.00998061156,0.09314194444444444,0.8573790152359804,46.998485791211074
