algorithm,makespan,energy,cost,reliability,load_balance
HEFT,588.1500000000001,200628.66678568395,0.05251027777777779,0.9242365810645309,60.55403502933012
GA,476.15999999999997,197296.62296286962,0.04234472222222222,0.9283860783581749,54.26669781428258
