algorithm,makespan,energy,cost,reliability,load_balance
HEFT,236.25,3521.46,0.1416666666666667,0.9825468027367641,8.152355378311578
GA,245.1,3521.46,0.13146472222222222,0.9825468027367641,34.720797981901285
