algorithm,makespan,energy,cost,reliability,load_balance
HEFT,449.8399999999999,283279.26476080384,0.06542277777777777,0.8944348613337002,51.61713060049512
GA,449.46,283015.5089218173,0.07325694444444446,0.8944620525667893,50.36338664432441
