algorithm,makespan,energy,cost,reliability,load_balance
HEFT,393.56000000000006,372178.56448826106,0.03923944444444445,0.8981160386871412,99.43973987630231
GA,413.56000000000006,354496.61862849415,0.061980000000000014,0.8952466608164708,36.963933412629856
