algorithm,makespan,energy,cost,reliability,load_balance
HEFT,106.06,2652.7799999999997,0.15371444444444446,0.9868236778858862,12.604947424853995
GA,113.9,2652.7799999999993,0.11351611111111112,0.9868236778858862,18.390801493772187
