algorithm,makespan,energy,cost,reliability,load_balance
HEFT,390.65999999999997,368294.20421850204,0.03433722222222223,0.9021637810129031,101.30176575460074
GA,401.02,349509.6596179742,0.05105888888888888,0.9006695930545998,58.39051097281703
