algorithm,makespan,energy,cost,reliability,load_balance
HEFT,75.65,1796.0600000000002,0.04766111111111111,0.9910599024606532,11.515247699608262
GA,89.82,1796.0599999999997,0.040800833333333335,0.9910599024606532,28.234480508472853
