algorithm,makespan,energy,cost,reliability,load_balance
HEFT,696.0699999999999,5298.160000000001,0.1020361111111111,0.9738570032787517,22.53983584678462
GA,674.4200000000001,5298.160000000002,0.11272333333333334,0.9738570032787517,9.304862528090716
