algorithm,makespan,energy,cost,reliability,load_balance
HEFT,1175.3699999999997,420319.6171418361,0.10960694444444442,0.848529184072096,99.62882397512614
GA,1022.73,422836.8911051792,0.09496500000000001,0.8537258119805788,168.30797970783598
