algorithm,makespan,energy,cost,reliability,load_balance
HEFT,80.21000000000001,3721.9199999999996,0.14685138888888885,0.9815624894473898,12.707558076124007
GA,105.98,3721.9199999999987,0.10698333333333332,0.9815624894473898,36.01032262399035
