algorithm,makespan,energy,cost,reliability,load_balance
HEFT,643.34,1120412.4756427396,0.07458250000000002,0.7525167676620383,122.55825516575455
GA,682.34,1122744.5570829795,0.16117166666666663,0.7431837177681605,54.26505237511704
