algorithm,makespan,energy,cost,reliability,load_balance
HEFT,351.03,627358.3313392018,0.05026138888888888,0.846734239829614,74.83917767062464
GA,372.03,625799.5931779693,0.0657461111111111,0.8410632615659343,42.739304999434395
