algorithm,makespan,energy,cost,reliability,load_balance
HEFT,73.09,2956.12,0.11683194444444445,0.9853280968741971,11.235215356765673
GA,88.14000000000001,2956.1200000000003,0.11062055555555558,0.9853280968741971,27.801705092464868
