algorithm,makespan,energy,cost,reliability,load_balance
HEFT,642.18,217232.13926002054,0.051045,0.9183421916774587,75.50755254719006
GA,599.54,213273.21865096575,0.058183888888888896,0.9199098526408168,47.02820527796769
