algorithm,makespan,energy,cost,reliability,load_balance
HEFT,389.20000000000005,2952.0200000000004,0.05709666666666667,0.9853482963072265,14.297184746189297
GA,378.48,2952.0200000000004,0.05529277777777778,0.9853482963072265,10.179490409642304
