algorithm,makespan,energy,cost,reliability,load_balance
HEFT,167.66000000000003,4432.339999999999,0.21256250000000004,0.9780820663934828,13.169514022291537
GA,161.46999999999997,4432.34,0.2001730555555556,0.9780820663934828,23.418830163994098
