algorithm,makespan,energy,cost,reliability,load_balance
HEFT,434.89000000000004,460886.9033088827,0.0974577777777778,0.8464386118527143,90.46259557592482
GA,489.89000000000004,471342.9016718039,0.12445666666666667,0.839022630245223,37.02225022424579
