algorithm,makespan,energy,cost,reliability,load_balance
HEFT,549.54,1849780.5215998837,0.07919861111111114,0.6460101908592812,82.66616641493702
GA,572.54,1864661.4274985155,0.11218055555555556,0.6365705669282335,42.78417004278569
