algorithm,makespan,energy,cost,reliability,load_balance
HEFT,109.31,2550.500000000001,0.10284999999999998,0.9873284685787357,13.275903343401282
GA,105.78,2550.5000000000005,0.10297083333333332,0.9873284685787357,18.711262105569823
