algorithm,makespan,energy,cost,reliability,load_balance
HEFT,517.2199999999999,485401.0557789721,0.044955555555555554,0.8732243227190479,132.04235715450048
GA,528.2199999999999,459646.7167278785,0.06325166666666668,0.8716887995678052,76.1067616986165
