algorithm,makespan,energy,cost,reliability,load_balance
HEFT,532.8,287053.75309684686,0.05855944444444444,0.9013972676133873,120.3851227089247
GA,536.18,277526.8050841135,0.08307027777777777,0.9011535627426082,80.72551533923901
