algorithm,makespan,energy,cost,reliability,load_balance
HEFT,391.67,130727.39972425767,0.03381083333333333,0.9497360263497514,35.51197298095393
GA,305.96000000000004,130676.75941299516,0.026372500000000004,0.9529976892903234,61.0181445009051
