algorithm,makespan,energy,cost,reliability,load_balance
HEFT,225.79,1727.7800000000007,0.036993611111111116,0.9913983080739046,9.37483999863464
GA,219.99,1727.7800000000004,0.039465,0.9913983080739046,3.0009595687601895
