algorithm,makespan,energy,cost,reliability,load_balance
HEFT,650.41,395135.7299242017,0.10163472222222224,0.8554667949679,67.23858033684445
GA,620.2399999999999,394612.33857861476,0.1053172222222222,0.8575340433760567,94.5141687035033
