algorithm,makespan,energy,cost,reliability,load_balance
HEFT,356.98,5309.899999999997,0.12191111111111112,0.973799839550431,11.872428368162216
GA,360.02,5309.899999999998,0.12787722222222223,0.973799839550431,24.59577573341754
