algorithm,makespan,energy,cost,reliability,load_balance
HEFT,608.6100000000001,1071347.9878247152,0.10557444444444443,0.7373053188914553,107.3903557530664
GA,536.36,914458.8878178836,0.17537611111111115,0.7545504028676157,45.9871531050319
