algorithm,makespan,energy,cost,reliability,load_balance
HEFT,1041.06,372922.7282001038,0.0944572222222222,0.8644038503482021,86.35330316013784
GA,950.47,369542.5945479605,0.09137305555555558,0.8675417860186229,66.42847908339718
