algorithm,makespan,energy,cost,reliability,load_balance
HEFT,372.56,120567.49895318874,0.02690638888888889,0.9583057475483844,131.42356622133389
GA,371.56,114067.72179459575,0.025599722222222225,0.9583440805449411,96.52021252048712
