algorithm,makespan,energy,cost,reliability,load_balance
HEFT,173.53,1227.8599999999997,0.03142972222222223,0.9938795069953006,15.497731823291648
GA,159.41,1227.8599999999997,0.030801944444444444,0.9938795069953006,6.127290728100523
