algorithm,makespan,energy,cost,reliability,load_balance
HEFT,388.46999999999997,235342.17563775837,0.048461944444444446,0.9150984718399182,85.34285541064848
GA,425.51000000000005,233085.04225517614,0.06992138888888888,0.9123908656187294,33.70238988452555
