algorithm,makespan,energy,cost,reliability,load_balance
HEFT,491.54999999999995,274473.4256535449,0.05603000000000001,0.9072663604860195,130.88681697230953
GA,522.79,261749.23785841351,0.07947333333333333,0.9050017514320956,42.075276758278314
