algorithm,makespan,energy,cost,reliability,load_balance
HEFT,62.07,686.1999999999999,0.025643055555555558,0.9965748791547846,11.85938898691063
GA,62.07,686.2,0.019606388888888892,0.9965748791547846,13.674583044048234
