algorithm,makespan,energy,cost,reliability,load_balance
HEFT,212.17,101452.87184804637,0.011197499999999999,0.9716620695920019,58.989851609044955
GA,210.17,99432.14159965742,0.010736388888888889,0.9718175479610743,55.37058521582426
