algorithm,makespan,energy,cost,reliability,load_balance
HEFT,67.50999999999999,2838.9400000000005,0.1071027777777778,0.9859055697603182,12.391964386278975
GA,96.66000000000001,2838.94,0.10070972222222221,0.9859055697603182,28.961546375281493
