algorithm,makespan,energy,cost,reliability,load_balance
HEFT,410.1,745821.8930504755,0.0541075,0.8207427139066479,95.3456999723942
GA,431.34000000000003,730314.5648908054,0.08487611111111111,0.8151832046674338,53.09248437184111
