algorithm,makespan,energy,cost,reliability,load_balance
HEFT,493.35,476579.58613560355,0.06268861111111113,0.8584668613759969,113.14946167937933
GA,491.92999999999995,443120.6873742199,0.11845555555555558,0.8586619272055408,46.09627618727279
