algorithm,makespan,energy,cost,reliability,load_balance
HEFT,478.57,290943.6422257977,0.07483611111111112,0.8917227616831944,55.11129849158491
GA,475.91999999999996,289415.9758782989,0.08504972222222221,0.8919118269488814,48.39997690377253
