algorithm,makespan,energy,cost,reliability,load_balance
HEFT,424.63999999999993,444410.46759608126,0.07207916666666668,0.8551561458452632,96.07120615286698
GA,486.31999999999994,468500.73762131925,0.10538027777777778,0.8467582874234993,73.12510967513143
