algorithm,makespan,energy,cost,reliability,load_balance
HEFT,635.36,4948.119999999999,0.11071722222222224,0.9755629402358525,17.96018095677204
GA,629.49,4948.12,0.1013061111111111,0.9755629402358525,15.090695809007638
