algorithm,makespan,energy,cost,reliability,load_balance
HEFT,1045.1200000000001,390434.246574556,0.10875666666666667,0.8591264171625372,37.18012058434821
GA,845.2800000000001,394256.9087402991,0.08753416666666668,0.8660214514491414,62.637998318379765
