algorithm,makespan,energy,cost,reliability,load_balance
HEFT,448.88999999999993,282764.4524939295,0.06523583333333333,0.8976254421267886,90.44791129231703
GA,504.24999999999994,286598.63619236485,0.08607055555555555,0.8936588287209399,56.15631652551906
