algorithm,makespan,energy,cost,reliability,load_balance
HEFT,243.54,3507.82,0.10167916666666668,0.9826138147137932,18.01545006574714
GA,255.12,3507.8199999999997,0.11048944444444447,0.9826138147137932,45.87844916967318
