algorithm,makespan,energy,cost,reliability,load_balance
HEFT,320.5,541151.1145085803,0.020383888888888892,0.8803511649764509,50.41141668168867
GA,322.86,542361.8478597535,0.019674166666666666,0.8796865747575137,47.91373474293284
