algorithm,makespan,energy,cost,reliability,load_balance
HEFT,219.70000000000002,1617.16,0.04993388888888889,0.9919468021501541,12.42010332753584
GA,208.91000000000003,1617.16,0.040750277777777774,0.9919468021501541,5.590614158271593
