algorithm,makespan,energy,cost,reliability,load_balance
HEFT,288.4,121990.196740638,0.026026111111111114,0.9560839079118575,61.75164910078649
GA,305.40000000000003,119727.60432220041,0.02887166666666667,0.9554339918509815,41.14597874235908
