algorithm,makespan,energy,cost,reliability,load_balance
HEFT,335.34,1141835.6179101807,0.051049444444444446,0.7583404892015356,55.34780393987879
GA,360.34,1182092.124354776,0.053912777777777775,0.7463035933273213,32.60346219343903
