algorithm,makespan,energy,cost,reliability,load_balance
HEFT,70.44,521.3199999999999,0.017608055555555557,0.9973967942320044,3.8911909059652494
GA,72.88,521.3199999999999,0.020459722222222223,0.9973967942320044,8.85197718026882
