algorithm,makespan,energy,cost,reliability,load_balance
HEFT,211.53,65523.52281000331,0.010346666666666667,0.9802539580709455,97.48703349676819
GA,211.53,65523.52281000331,0.010346666666666667,0.9802539580709455,97.48703349676819
