algorithm,makespan,energy,cost,reliability,load_balance
HEFT,859.1500000000001,331259.09959844034,0.08025638888888889,0.880240247717598,64.99539547793626
GA,803.96,335427.1399820887,0.07437583333333334,0.882185612592147,125.07966328171284
