algorithm,makespan,energy,cost,reliability,load_balance
HEFT,594.2299999999999,4628.460000000002,0.08202194444444445,0.9771234292158025,15.350646837619943
GA,585.2900000000001,4628.460000000002,0.08208722222222223,0.9771234292158025,9.498910025190654
