algorithm,makespan,energy,cost,reliability,load_balance
HEFT,493.02,871176.7769664517,0.06353888888888888,0.7951618501135009,99.3991893586728
GA,510.02,850737.3681424258,0.11358388888888889,0.7908479141933223,49.94004902654976
