algorithm,makespan,energy,cost,reliability,load_balance
HEFT,440.48,1478973.9442199417,0.046098611111111104,0.7115986644635829,65.78334393945136
GA,471.45000000000005,1527962.0131721287,0.07447805555555556,0.6976330714797206,30.306010669721836
