algorithm,makespan,energy,cost,reliability,load_balance
HEFT,438.59000000000003,778768.5007866116,0.05374194444444444,0.8177534448311755,92.5470093951386
GA,480.59000000000003,794227.6320356228,0.09301861111111112,0.8068363656369446,39.83930082116596
