algorithm,makespan,energy,cost,reliability,load_balance
HEFT,379.61,197242.24872895866,0.01860944444444445,0.9450475833544689,130.33350405237877
GA,383.61,185830.410677511,0.02309166666666667,0.944745216509071,100.57617862666515
