algorithm,makespan,energy,cost,reliability,load_balance
HEFT,309.72,4638.959999999999,0.12079805555555556,0.9770721315823434,10.19701917228756
GA,317.44,4638.959999999999,0.11195555555555559,0.9770721315823434,32.81382853092797
