algorithm,makespan,energy,cost,reliability,load_balance
HEFT,561.2500000000001,369121.5909309577,0.09148444444444445,0.8647617876301511,58.74564298433425
GA,525.61,360190.62184889935,0.09790472222222224,0.8672309147539721,9.282194841276949
