algorithm,makespan,energy,cost,reliability,load_balance
HEFT,720.0000000000001,5637.300000000002,0.10702833333333334,0.9722070332807149,14.10344727362784
GA,715.19,5637.300000000001,0.11537527777777778,0.9722070332807149,9.300248652589904
