algorithm,makespan,energy,cost,reliability,load_balance
HEFT,1056.1200000000001,384216.5151971368,0.10148750000000002,0.8608956312175476,81.8425017436948
GA,906.0000000000002,381944.5907395144,0.09032916666666668,0.8660806893423334,62.801342541382084
