algorithm,makespan,energy,cost,reliability,load_balance
HEFT,495.7300000000001,1679523.954995663,0.07333527777777779,0.6661494727930551,78.13829035002242
GA,508.64000000000004,1659001.625688109,0.10064111111111111,0.6606681549919902,36.11462237076743
