algorithm,makespan,energy,cost,reliability,load_balance
HEFT,412.25,254687.09909035778,0.047529444444444444,0.9095460955593669,101.05394425751031
GA,472.25,257688.74956061412,0.06408166666666668,0.9051907355270475,61.16821227449061
