algorithm,makespan,energy,cost,reliability,load_balance
HEFT,198.84,2875.939999999999,0.07452111111111111,0.9857231941001813,14.15912016788372
GA,207.80999999999997,2875.94,0.07031444444444446,0.9857231941001813,34.056887257100534
