algorithm,makespan,energy,cost,reliability,load_balance
HEFT,373.49000000000007,354901.8242255482,0.03686166666666667,0.8990487671376174,91.11198237837144
GA,392.49,349587.02715992765,0.049023888888888895,0.8963198090035441,60.36734194013074
