algorithm,makespan,energy,cost,reliability,load_balance
HEFT,104.52,2374.3799999999997,0.08327611111111112,0.9881982929556301,12.242612177009722
GA,102.89000000000001,2374.38,0.08851694444444444,0.9881982929556301,20.859138514889185
