algorithm,makespan,energy,cost,reliability,load_balance
HEFT,597.14,391266.64899353584,0.10486277777777778,0.8563192643549709,37.69236489567312
GA,598.3399999999999,392452.78503860685,0.11449777777777775,0.8562370616513857,47.80768437933681
