algorithm,makespan,energy,cost,reliability,load_balance
HEFT,356.89,5422.139999999999,0.1733477777777778,0.9732534963987027,9.455146652182906
GA,369.47999999999996,5422.139999999999,0.16224861111111114,0.9732534963987027,20.602684247793675
