algorithm,makespan,energy,cost,reliability,load_balance
HEFT,835.0,475506.4191976048,0.12691138888888892,0.8295024630808405,87.95680448582219
GA,745.79,456482.54593116016,0.1250858333333333,0.8354436315075442,86.32701843860937
