algorithm,makespan,energy,cost,reliability,load_balance
HEFT,181.07000000000002,5139.2199999999975,0.18832611111111108,0.9746312350395004,11.311284317736282
GA,190.9,5139.219999999998,0.1814013888888889,0.9746312350395004,31.860872653617008
