algorithm,makespan,energy,cost,reliability,load_balance
HEFT,579.9700000000001,586681.3822783938,0.0978563888888889,0.8143762468929825,120.26058262512011
GA,639.3600000000001,597128.1698886387,0.17905027777777782,0.8066743691597154,59.34851899303525
