algorithm,makespan,energy,cost,reliability,load_balance
HEFT,498.46,1682850.6732937447,0.0686938888888889,0.671119812384469,77.1891392003504
GA,507.78,1650922.5548662806,0.13197333333333336,0.6671286320572227,33.32865387652537
