algorithm,makespan,energy,cost,reliability,load_balance
HEFT,563.2499999999999,1014284.3282911674,0.11015333333333334,0.7422844154701657,108.65669359410131
GA,543.3599999999999,937592.9624742343,0.1899313888888889,0.7470239744901567,56.713995868026686
