algorithm,makespan,energy,cost,reliability,load_balance
HEFT,696.4099999999999,412390.27525451954,0.11526416666666665,0.8493740606569411,63.72763796871359
GA,622.4899999999999,398770.4832688075,0.10457972222222223,0.8544118000086744,64.12053413856036
