algorithm,makespan,energy,cost,reliability,load_balance
HEFT,351.47,1164842.19808234,0.019051388888888892,0.7797583616894544,46.3814316808128
GA,365.47,1182586.8879524996,0.028355277777777778,0.7728029336191509,25.902212230091436
