algorithm,makespan,energy,cost,reliability,load_balance
HEFT,345.01000000000005,338865.7471087795,0.04437194444444446,0.8928338264714185,75.17276057799572
GA,377.41,347434.522747145,0.07185750000000002,0.8882173521549532,51.409994614374355
