algorithm,makespan,energy,cost,reliability,load_balance
HEFT,413.8199999999999,412070.98286694696,0.06427166666666667,0.8721742910396874,96.88614143889033
GA,434.8199999999999,405625.69433328725,0.0938586111111111,0.8692487031618215,61.50438946056342
