algorithm,makespan,energy,cost,reliability,load_balance
HEFT,331.80999999999995,2464.3,0.054039444444444446,0.9877540988654312,25.99961201633592
GA,315.12,2464.3,0.05445027777777778,0.9877540988654312,7.7756773552748
