algorithm,makespan,energy,cost,reliability,load_balance
HEFT,441.62999999999994,156980.61483594863,0.04024277777777777,0.9401769281437472,11.500722803371966
GA,369.74,160657.8463514902,0.03146583333333333,0.9428843918439407,77.0246936053627
