algorithm,makespan,energy,cost,reliability,load_balance
HEFT,130.87,42608.77519676014,0.007066388888888889,0.9850142213455597,45.840547098974874
GA,132.87,39219.4398284037,0.008625277777777779,0.9849354233598135,23.078654459622783
