algorithm,makespan,energy,cost,reliability,load_balance
HEFT,386.83000000000004,433318.642090841,0.0776602777777778,0.8600389500537541,106.61248554148493
GA,449.37000000000006,440300.4334512763,0.12140833333333337,0.8514759700548816,60.27564555163774
