algorithm,makespan,energy,cost,reliability,load_balance
HEFT,513.86,1738458.301580197,0.0841227777777778,0.6528935368374871,78.75980823635606
GA,554.24,1808322.1902244515,0.1332361111111111,0.6362368368346146,39.80961604858198
