algorithm,makespan,energy,cost,reliability,load_balance
HEFT,746.25,415279.35525628144,0.11729944444444444,0.8508672121588708,93.99888946912391
GA,629.06,384411.80704543286,0.11884111111111112,0.8588817727979405,60.59181810631343
