algorithm,makespan,energy,cost,reliability,load_balance
HEFT,513.4,345830.6432800935,0.07926194444444444,0.8736858563776266,66.99245389274397
GA,582.9799999999999,355431.0317335072,0.09539555555555555,0.8688360818416132,57.15736016847324
