algorithm,makespan,energy,cost,reliability,load_balance
HEFT,467.75,166072.5818706574,0.04187472222222222,0.9370494718548258,37.14695355386946
GA,407.86,166180.325234149,0.03699777777777778,0.9392969585343043,57.7316408768479
