algorithm,makespan,energy,cost,reliability,load_balance
HEFT,219.23,1715.3399999999997,0.05416805555555556,0.9914599749664872,3.4433256695622974
GA,222.32,1715.3399999999997,0.053920277777777775,0.9914599749664872,8.411973113762697
