algorithm,makespan,energy,cost,reliability,load_balance
HEFT,420.85,132299.13612926222,0.029816111111111116,0.9515898184610215,107.36641902072238
GA,388.21999999999997,122084.70624903406,0.02896361111111111,0.9528326443838397,38.98240714305194
