algorithm,makespan,energy,cost,reliability,load_balance
HEFT,876.4899999999999,400646.2686054604,0.08888944444444444,0.8629445867357061,31.908307565062987
GA,846.7699999999998,403884.341474072,0.08393999999999999,0.8639710652783744,67.90177532043391
