algorithm,makespan,energy,cost,reliability,load_balance
HEFT,232.27,125498.32397640677,0.018648333333333336,0.9617110858333957,78.37163571043143
GA,242.27,118775.30238989557,0.022462777777777776,0.9609420246302269,53.81869163815539
