algorithm,makespan,energy,cost,reliability,load_balance
HEFT,404.16,455397.18002771185,0.0803688888888889,0.8450380694806334,87.04020809373104
GA,491.57000000000005,484374.82344325335,0.12994277777777777,0.833301964585376,43.036395275781786
