algorithm,makespan,energy,cost,reliability,load_balance
HEFT,878.05,364925.62440635497,0.0878525,0.8711223859524536,56.06093968471569
GA,825.73,366046.7780146053,0.08540694444444447,0.8729473798893362,44.872564279300946
