algorithm,makespan,energy,cost,reliability,load_balance
HEFT,691.8599999999999,5487.799999999997,0.11815861111111112,0.9729340297191599,8.436754905372759
GA,696.62,5487.799999999999,0.11755416666666667,0.9729340297191599,13.1151375644075
