algorithm,makespan,energy,cost,reliability,load_balance
HEFT,479.49,480919.42595257465,0.08088666666666666,0.8522273031496581,114.42082100554661
GA,515.4,470925.4529103609,0.12446277777777781,0.8473447858840469,46.0138340022143
