algorithm,makespan,energy,cost,reliability,load_balance
HEFT,145.26,4008.1200000000003,0.16044583333333337,0.9801588780484682,10.5462529680767
GA,152.76999999999998,4008.12,0.15210055555555554,0.9801588780484682,23.259325835744537
