algorithm,makespan,energy,cost,reliability,load_balance
HEFT,489.9200000000001,508075.5278616918,0.08417638888888891,0.8355405485898811,105.90214873292233
GA,563.92,528008.5912718115,0.14222777777777776,0.8257060834156732,46.717675736812936
