algorithm,makespan,energy,cost,reliability,load_balance
HEFT,194.69,5333.259999999999,0.25269777777777774,0.9736861063713186,11.916217503190074
GA,211.09,5333.260000000001,0.252405,0.9736861063713186,48.52672005795708
