algorithm,makespan,energy,cost,reliability,load_balance
HEFT,362.11,617376.9276462954,0.023919166666666665,0.8665429533192273,62.98378701310438
GA,364.65999999999997,617853.1450392146,0.019820833333333333,0.865836142687276,59.78540932742354
