algorithm,makespan,energy,cost,reliability,load_balance
HEFT,394.87,390334.5752019652,0.060514166666666674,0.8760069975560215,84.40716369430184
GA,423.11,390751.5914301246,0.10303111111111114,0.8720577763377598,47.65530333813855
