algorithm,makespan,energy,cost,reliability,load_balance
HEFT,276.79,93028.80960294808,0.018322777777777778,0.9671152573406427,93.28603553051231
GA,276.79,94986.29838505726,0.016497777777777778,0.9671152573406427,102.51014010818638
