algorithm,makespan,energy,cost,reliability,load_balance
HEFT,351.21,195787.50545257822,0.03133527777777778,0.9336392101653094,96.84575437814209
GA,365.77,191439.7726166717,0.04526583333333333,0.9325523403291864,72.21074730804074
