algorithm,makespan,energy,cost,reliability,load_balance
HEFT,136.54,1774.2399999999998,0.051593055555555566,0.991168032994425,14.120290365286403
GA,124.99000000000001,1774.2399999999998,0.05543222222222222,0.991168032994425,16.17064536215458
