algorithm,makespan,energy,cost,reliability,load_balance
HEFT,561.9199999999998,319063.84252206713,0.06188388888888888,0.8874183161581473,117.36766480198631
GA,599.4599999999999,313683.9492710106,0.08900472222222224,0.8847572193740744,36.954834958171766
