algorithm,makespan,energy,cost,reliability,load_balance
HEFT,565.52,991485.0366565285,0.07776999999999998,0.7629219091897851,103.66260895745835
GA,605.76,1008303.4783907819,0.15495305555555555,0.753160896527484,50.75560912014807
