algorithm,makespan,energy,cost,reliability,load_balance
HEFT,93.03,4608.1,0.25647833333333336,0.9772229054441508,10.724366620706444
GA,114.45,4608.0999999999985,0.2298938888888889,0.9772229054441508,35.59602525014374
