algorithm,makespan,energy,cost,reliability,load_balance
HEFT,310.4700000000001,177677.39684993724,0.029998611111111115,0.9412756963515386,97.54237921466311
GA,316.47,161031.42231491138,0.042534722222222224,0.9408239924349026,36.90950013207982
