algorithm,makespan,energy,cost,reliability,load_balance
HEFT,114.47999999999999,5644.84,0.24361249999999995,0.9721703817664455,12.24977707170427
GA,141.41,5644.840000000001,0.21806166666666668,0.9721703817664455,37.53647129148036
