algorithm,makespan,energy,cost,reliability,load_balance
HEFT,466.61,860831.8810998478,0.0917727777777778,0.7729408139610695,99.07855944417166
GA,496.61,866025.7329091238,0.15549388888888888,0.765556085558005,63.756224487394924
