algorithm,makespan,energy,cost,reliability,load_balance
HEFT,571.3599999999999,1007618.9127870344,0.09914916666666665,0.7481423586988019,99.82470724481037
GA,559.63,952439.2676053821,0.1698005555555556,0.7509558629377613,55.1194579166761
