algorithm,makespan,energy,cost,reliability,load_balance
HEFT,108.97,5422.299999999999,0.18217833333333336,0.9732527177962171,11.30889048189307
GA,144.47,5422.300000000001,0.15612416666666667,0.9732527177962171,42.77263774208136
