algorithm,makespan,energy,cost,reliability,load_balance
HEFT,297.01,273643.2586444901,0.01672472222222222,0.9324740092225513,76.35077796754922
GA,302.01,254773.50541372804,0.019995833333333338,0.931728328327301,36.67373323760936
