algorithm,makespan,energy,cost,reliability,load_balance
HEFT,433.0999999999999,152268.65633802814,0.033091944444444445,0.9449387201435079,119.52712174788336
GA,434.4999999999999,145623.28699654774,0.04064888888888888,0.9448858050568161,67.54887095034722
