algorithm,makespan,energy,cost,reliability,load_balance
HEFT,319.62000000000006,2481.9799999999996,0.06475361111111111,0.9876667852624096,12.291800451249328
GA,317.22,2481.979999999999,0.06702333333333332,0.9876667852624096,5.831239862442074
