algorithm,makespan,energy,cost,reliability,load_balance
HEFT,424.34999999999997,801198.42809002,0.08545972222222226,0.7845432324828906,97.6636068163109
GA,460.34999999999997,796702.8918431627,0.14926555555555554,0.7755571536374608,41.67176501657656
