algorithm,makespan,energy,cost,reliability,load_balance
HEFT,329.24,188125.093518406,0.028140000000000002,0.9393630873678928,109.10664487260685
GA,338.24,177060.17262890257,0.03584416666666667,0.9386869893694747,74.45594065092648
