algorithm,makespan,energy,cost,reliability,load_balance
HEFT,682.03,249109.9569813645,0.06790166666666668,0.9073668911680582,39.33391115394788
GA,596.4300000000001,247878.61348356053,0.05861083333333335,0.9104790403623273,31.260179675320746
