algorithm,makespan,energy,cost,reliability,load_balance
HEFT,494.7899999999999,1687317.0088320293,0.1074561111111111,0.6482622225859256,77.79857911683995
GA,549.18,1802926.4886922317,0.18644138888888886,0.6260847084648885,43.08388799380458
