algorithm,makespan,energy,cost,reliability,load_balance
HEFT,505.03999999999996,939603.472160621,0.1115252777777778,0.7490763235916712,105.92289094149207
GA,522.66,913430.9133662416,0.1744836111111111,0.7448646164515552,52.92870298426718
