algorithm,makespan,energy,cost,reliability,load_balance
HEFT,182.77,5131.46,0.22916499999999995,0.9746690514650539,10.710040907951756
GA,208.3,5131.459999999997,0.22286638888888888,0.9746690514650539,45.277710221660584
