algorithm,makespan,energy,cost,reliability,load_balance
HEFT,569.4200000000001,574510.9889185487,0.0987061111111111,0.8155833947829055,109.8278155853516
GA,612.8699999999999,576438.1294075416,0.15334,0.8099331221267256,45.7559633590712
