algorithm,makespan,energy,cost,reliability,load_balance
HEFT,302.29,288927.41397333686,0.031128055555555558,0.9213430836369474,80.98522607807344
GA,310.29,273683.16816526477,0.03416222222222223,0.9201645189322165,48.295483186836435
