algorithm,makespan,energy,cost,reliability,load_balance
HEFT,525.1,932440.0878880214,0.0862063888888889,0.7683487095425029,99.43533352042698
GA,452.78000000000003,777599.3078537039,0.1534213888888889,0.7863374916657373,44.93891995266572
