algorithm,makespan,energy,cost,reliability,load_balance
HEFT,486.97,859315.9902458058,0.06578611111111111,0.7937702637239962,95.05987328400013
GA,518.6,865109.1681257234,0.1203836111111111,0.7857765613954084,48.55125903549209
