algorithm,makespan,energy,cost,reliability,load_balance
HEFT,90.77,3329.44,0.17892500000000003,0.9834905989189302,14.27911423113515
GA,93.97,3329.44,0.14854555555555557,0.9834905989189302,23.02026022105661
