algorithm,makespan,energy,cost,reliability,load_balance
HEFT,399.09,372090.09150818107,0.038332222222222226,0.9026091989753207,100.84852634851273
GA,405.01,354789.58781264664,0.05186138888888889,0.9017546523192382,66.54981412445868
