algorithm,makespan,energy,cost,reliability,load_balance
HEFT,470.53,284029.96869487595,0.06571138888888889,0.8954762314900068,72.98629517881128
GA,482.39,290991.4197019009,0.08111055555555555,0.8946270065775751,92.07897851262562
