algorithm,makespan,energy,cost,reliability,load_balance
HEFT,353.28000000000003,133122.62596240942,0.02815277777777778,0.9513823944906313,84.56511041794957
GA,369.21000000000004,131025.21459332088,0.03124527777777778,0.9507763667298116,62.97572045373255
