algorithm,makespan,energy,cost,reliability,load_balance
HEFT,1028.9399999999998,341159.3436935098,0.10181277777777777,0.8734929678362171,55.96551140360156
GA,759.5899999999999,337183.99747232057,0.07680555555555554,0.8829548607617357,89.0103023999657
