algorithm,makespan,energy,cost,reliability,load_balance
HEFT,617.28,4702.239999999999,0.10283361111111113,0.9767630348615906,19.967488575181342
GA,597.13,4702.24,0.09647305555555556,0.9767630348615906,11.63959334913949
