algorithm,makespan,energy,cost,reliability,load_balance
HEFT,754.2000000000002,469015.99555820756,0.1184338888888889,0.8311910556687698,84.45739711112178
GA,792.4699999999999,473334.6063447196,0.14050249999999997,0.8286501727011057,61.971463810254726
