algorithm,makespan,energy,cost,reliability,load_balance
HEFT,308.36,184964.8261771955,0.036429166666666665,0.9330765820425747,70.3221460240554
GA,336.3299999999999,183116.44159010492,0.047564999999999996,0.9309910640303053,33.81990612050837
