algorithm,makespan,energy,cost,reliability,load_balance
HEFT,175.57,2309.68,0.09543,0.988518026817565,19.338744234603976
GA,161.66,2309.68,0.0905113888888889,0.988518026817565,13.54912121557283
