algorithm,makespan,energy,cost,reliability,load_balance
HEFT,348.41,617860.2612439368,0.036315,0.8533908756907554,73.4462115670263
GA,380.89,631678.5559610386,0.05690194444444444,0.8445670075973493,36.604079360181316
