algorithm,makespan,energy,cost,reliability,load_balance
HEFT,98.63999999999999,1213.1,0.033157777777777786,0.9939528580095359,12.72133240719248
GA,97.97,1213.1,0.03236166666666667,0.9939528580095359,24.53970103293262
