algorithm,makespan,energy,cost,reliability,load_balance
HEFT,404.3299999999999,206913.32676279274,0.02246472222222222,0.9403631016060843,128.91297058065402
GA,407.3299999999999,191472.02383816557,0.028102499999999996,0.9401374415419896,84.43112026760544
