algorithm,makespan,energy,cost,reliability,load_balance
HEFT,545.44,559893.4559438253,0.09476166666666669,0.8181771508459816,106.91579151954122
GA,637.3499999999999,597144.3377892836,0.15530888888888889,0.8062334001865632,59.88852797420108
