algorithm,makespan,energy,cost,reliability,load_balance
HEFT,351.59,324526.9203333428,0.02289944444444444,0.92059709790421,91.17493599303118
GA,355.59,303028.8746590174,0.0273275,0.9200081042596219,50.72767193554223
