algorithm,makespan,energy,cost,reliability,load_balance
HEFT,393.68,381368.76933042065,0.05173805555555556,0.8867100841383703,94.33218004963453
GA,411.71999999999997,367441.0828475663,0.08553527777777778,0.8841543743262804,43.74085054328505
