algorithm,makespan,energy,cost,reliability,load_balance
HEFT,117.86,3025.9599999999996,0.10293055555555555,0.9849840803715458,12.435483035786481
GA,135.16000000000003,3025.96,0.11060055555555555,0.9849840803715458,40.5358762702868
