algorithm,makespan,energy,cost,reliability,load_balance
HEFT,590.13,4573.140000000001,0.08371333333333332,0.9773937389384348,12.809624961983316
GA,579.01,4573.1399999999985,0.08861555555555556,0.9773937389384348,10.697449462371866
