algorithm,makespan,energy,cost,reliability,load_balance
HEFT,973.6300000000001,338427.5661596295,0.08922555555555556,0.8757519414563036,93.98303126983447
GA,864.8600000000001,334841.4598663368,0.08475444444444447,0.8795704637931379,95.43074714157903
