algorithm,makespan,energy,cost,reliability,load_balance
HEFT,623.54,408635.8031080604,0.10490666666666668,0.8504558322547491,39.74092041406617
GA,643.04,412855.9919289624,0.1255111111111111,0.8491301554531842,52.2133385906869
