algorithm,makespan,energy,cost,reliability,load_balance
HEFT,586.67,588632.2321407263,0.09604805555555554,0.8165110771808649,125.71674950558497
GA,648.67,605508.381411195,0.18100388888888894,0.8084513297366732,81.14364957438134
