algorithm,makespan,energy,cost,reliability,load_balance
HEFT,187.92999999999998,5186.080000000001,0.24706944444444437,0.9744029056909583,10.036777703360107
GA,193.24,5186.080000000002,0.20936194444444442,0.9744029056909583,31.496930855772813
