algorithm,makespan,energy,cost,reliability,load_balance
HEFT,237.42000000000002,809216.5750989807,0.026957500000000006,0.8309035133112049,41.141155812486616
GA,249.89999999999998,815404.9699879952,0.03148083333333333,0.8242933542423642,21.258939632204477
