algorithm,makespan,energy,cost,reliability,load_balance
HEFT,426.41999999999996,755618.921532761,0.05546277777777779,0.8132831110325516,83.56104996087898
GA,452.41999999999996,760696.5433004729,0.09712083333333335,0.8065446663495399,47.61796123160712
