algorithm,makespan,energy,cost,reliability,load_balance
HEFT,84.21000000000001,3600.6199999999985,0.16465333333333335,0.9821579876638197,12.874508567977866
GA,111.17999999999999,3600.619999999999,0.09963166666666667,0.9821579876638197,26.34926986616211
