algorithm,makespan,energy,cost,reliability,load_balance
HEFT,101.72,732.9,0.029510833333333333,0.9963422060861399,7.7446901164604345
GA,106.50999999999999,732.9,0.021912777777777778,0.9963422060861399,19.90686209158373
