algorithm,makespan,energy,cost,reliability,load_balance
HEFT,139.79000000000002,47213.09836182846,0.00800888888888889,0.9830213891674768,45.22018870666803
GA,141.79000000000002,48380.8353198392,0.00807638888888889,0.982942750601928,50.35961543406251
