algorithm,makespan,energy,cost,reliability,load_balance
HEFT,358.68000000000006,342086.2462919595,0.03984194444444445,0.905039400288046,92.23121430224515
GA,329.98,297627.8524152979,0.058158888888888885,0.9092048978770009,52.17453310763787
