algorithm,makespan,energy,cost,reliability,load_balance
HEFT,168.12,4779.039999999997,0.19180416666666664,0.9763880298617718,11.7698547144814
GA,189.29999999999998,4779.039999999999,0.18851194444444447,0.9763880298617718,41.31357791332046
