algorithm,makespan,energy,cost,reliability,load_balance
HEFT,458.47,466695.3592819595,0.07932750000000002,0.8493815351815627,97.45281422095175
GA,502.93,474399.65146243025,0.13937111111111114,0.843360814580936,55.82410852773796
