algorithm,makespan,energy,cost,reliability,load_balance
HEFT,402.03,726445.355247121,0.06809666666666667,0.8078171060350284,79.13395843836575
GA,440.03,745259.070358839,0.11301555555555556,0.7980535328583109,36.36305743288008
