algorithm,makespan,energy,cost,reliability,load_balance
HEFT,296.26,292814.5928238709,0.03069222222222223,0.9191462765798423,86.45634848243746
GA,310.4,277077.61079252575,0.041734166666666676,0.9170691505746179,49.02483377075336
