algorithm,makespan,energy,cost,reliability,load_balance
HEFT,73.57,1712.7199999999998,0.08463750000000003,0.9914729631772319,9.955318511562885
GA,88.65,1712.72,0.06947750000000003,0.9914729631772319,27.92830786137964
