algorithm,makespan,energy,cost,reliability,load_balance
HEFT,382.99,666972.3355962296,0.02954388888888889,0.8491865395674382,75.09832578819265
GA,395.99,653922.4070557336,0.03941277777777778,0.8456612612257083,39.28172283763459
