algorithm,makespan,energy,cost,reliability,load_balance
HEFT,59.15,1798.32,0.02497666666666667,0.9910487035470293,14.418545349652995
GA,66.77,1798.3199999999995,0.041837777777777786,0.9910487035470293,22.544013260086764
