algorithm,makespan,energy,cost,reliability,load_balance
HEFT,500.82000000000005,868900.5108022843,0.05359722222222222,0.8054775078261277,94.54828344938794
GA,558.9499999999999,910700.5055550585,0.10203583333333333,0.7906328328130555,31.203169297261265
