algorithm,makespan,energy,cost,reliability,load_balance
HEFT,66.32,2697.0400000000004,0.09819583333333334,0.9866053179683861,9.94502590859273
GA,74.08,2697.0399999999995,0.07423722222222222,0.9866053179683861,21.69201127663838
