algorithm,makespan,energy,cost,reliability,load_balance
HEFT,366.67999999999995,375162.60772335547,0.055191666666666674,0.8847618201235771,97.01215329362948
GA,396.84999999999997,365147.84271135187,0.06997416666666666,0.8805011895966977,44.96497251565192
