algorithm,makespan,energy,cost,reliability,load_balance
HEFT,502.81000000000006,877560.7503032956,0.04845638888888889,0.8095305234727233,101.24407126409443
GA,528.84,870494.0461765374,0.06722333333333333,0.8028154637306621,50.53173201387996
