algorithm,makespan,energy,cost,reliability,load_balance
HEFT,75.82,1639.2599999999995,0.0681575,0.9918371980842526,11.278016207797068
GA,81.28999999999999,1639.2599999999998,0.05592638888888889,0.9918371980842526,26.566417577774136
