algorithm,makespan,energy,cost,reliability,load_balance
HEFT,403.58,375800.2173794539,0.030408611111111112,0.9031852473841695,103.09360028432091
GA,411.58,361720.18059672485,0.03811222222222222,0.9020299098412874,72.74041439426917
