algorithm,makespan,energy,cost,reliability,load_balance
HEFT,464.43999999999994,880778.2652656964,0.10332138888888891,0.7590563969993263,102.24970084150574
GA,511.43999999999994,892756.4892851554,0.1928333333333334,0.7477256098935344,45.95597282515573
