algorithm,makespan,energy,cost,reliability,load_balance
HEFT,178.12,93442.09078149563,0.010917222222222224,0.9730836784806255,61.24491580939597
GA,179.12,90021.60311523001,0.009523055555555555,0.9730058349001317,52.96260323163344
