algorithm,makespan,energy,cost,reliability,load_balance
HEFT,122.39999999999999,45831.09387254902,0.008484722222222223,0.9842458161179396,49.27413748610929
GA,122.39999999999999,42828.20939542484,0.008880555555555555,0.9842458161179396,34.68088462443445
