algorithm,makespan,energy,cost,reliability,load_balance
HEFT,69.16,501.85999999999996,0.012273055555555558,0.9974938456615587,6.587009311263088
GA,69.16,501.85999999999996,0.012500000000000002,0.9974938456615587,10.369150961706879
