algorithm,makespan,energy,cost,reliability,load_balance
HEFT,366.83000000000004,390360.2657361721,0.07093750000000001,0.8704194996855751,83.62586305483889
GA,394.78999999999996,387980.2447377087,0.10019111111111112,0.866534287933021,47.81126671612037
