algorithm,makespan,energy,cost,reliability,load_balance
HEFT,427.83000000000004,145411.56531800015,0.03127027777777778,0.9465760148892305,104.70545015263853
GA,420.34000000000003,138249.09975258124,0.03573055555555556,0.9468596515499415,39.14607887984013
