algorithm,makespan,energy,cost,reliability,load_balance
HEFT,92.63,2442.02,0.0930463888888889,0.9878641408012667,9.94681102581794
GA,99.55000000000001,2442.02,0.08249722222222224,0.9878641408012667,22.843642651366558
