algorithm,makespan,energy,cost,reliability,load_balance
HEFT,462.96,437395.74414636253,0.04986611111111112,0.8821887884660689,117.64608537013318
GA,474.96,414489.08428078156,0.07079527777777778,0.880496611002416,63.90551287838945
