algorithm,makespan,energy,cost,reliability,load_balance
HEFT,764.2099999999999,5963.460000000002,0.12176388888888891,0.9706228501448654,13.09007352920524
GA,750.95,5963.46,0.12530805555555555,0.9706228501448654,7.712212717502019
