algorithm,makespan,energy,cost,reliability,load_balance
HEFT,1093.0199999999998,424833.9364238532,0.10634222222222221,0.8492266221180464,70.84293678036417
GA,905.57,429271.35568757803,0.0912288888888889,0.8556180548682314,52.15451362697829
