algorithm,makespan,energy,cost,reliability,load_balance
HEFT,435.41999999999996,769621.8637637224,0.04318805555555556,0.8278010758654597,93.23837846806882
GA,457.41999999999996,754191.5844956492,0.06115027777777779,0.8219938218103547,41.71763702212384
