algorithm,makespan,energy,cost,reliability,load_balance
HEFT,790.0199999999999,338502.5607199818,0.07977166666666664,0.8807202855470753,34.103504218774944
GA,704.8299999999999,343230.7097598002,0.0733536111111111,0.8837265471516345,32.33559133009113
