algorithm,makespan,energy,cost,reliability,load_balance
HEFT,843.5400000000001,460706.8934608911,0.1388541666666667,0.8341193344406883,61.59113594329716
GA,722.6999999999999,436510.62760481524,0.12444888888888887,0.8422220349810318,86.21188117282412
