algorithm,makespan,energy,cost,reliability,load_balance
HEFT,184.85,2585.459999999999,0.08114805555555557,0.9871558986454797,11.006982767446178
GA,177.65999999999997,2585.459999999999,0.06752583333333334,0.9871558986454797,19.450237190988545
