algorithm,makespan,energy,cost,reliability,load_balance
HEFT,478.69,262356.3077565857,0.04964166666666667,0.9084720105872234,106.39026888905636
GA,484.32,248755.64663858604,0.06982444444444445,0.9080629269262109,30.343693625811987
