algorithm,makespan,energy,cost,reliability,load_balance
HEFT,323.83,577836.0970262175,0.037760833333333334,0.8623372875410429,70.64339578291761
GA,335.83,560259.7489801387,0.046116111111111115,0.8590322620670098,35.178866639852345
