algorithm,makespan,energy,cost,reliability,load_balance
HEFT,75.18,2278.1400000000003,0.06656166666666669,0.988673928402911,13.076652146126946
GA,80.0,2278.140000000001,0.06230000000000002,0.988673928402911,25.811963450254186
