algorithm,makespan,energy,cost,reliability,load_balance
HEFT,209.76999999999998,695483.665204748,0.009450555555555556,0.862925602163629,27.92015990182456
GA,210.76999999999998,691171.3322104665,0.009225277777777777,0.8623735064677118,23.06621872790965
