algorithm,makespan,energy,cost,reliability,load_balance
HEFT,506.99999999999994,1721041.2270808679,0.08559888888888886,0.6591218896831403,81.33746707498096
GA,565.88,1842501.9814271578,0.15126722222222225,0.6347462285789214,39.03355781744597
