algorithm,makespan,energy,cost,reliability,load_balance
HEFT,111.02000000000001,3024.8799999999997,0.12435694444444448,0.9849893992999409,10.192645387729332
GA,135.27,3024.8799999999997,0.11942472222222222,0.9849893992999409,26.34183731886091
