algorithm,makespan,energy,cost,reliability,load_balance
HEFT,390.83000000000004,377967.79221144743,0.048084444444444444,0.8890924994551572,95.55858143699079
GA,412.83000000000004,370070.94496524,0.07367583333333333,0.8859683955057668,55.42552786923489
