algorithm,makespan,energy,cost,reliability,load_balance
HEFT,53.37,1749.58,0.024299722222222226,0.9912902515475122,13.41804039208817
GA,65.13,1749.5799999999997,0.04054888888888889,0.9912902515475122,19.122642251357078
