algorithm,makespan,energy,cost,reliability,load_balance
HEFT,345.81,600228.3851247795,0.030057222222222228,0.8656141707583084,67.24348343232157
GA,353.81000000000006,592276.4553291316,0.028602222222222223,0.8634010325067975,47.690012475563016
