algorithm,makespan,energy,cost,reliability,load_balance
HEFT,433.5399999999999,771346.8099367992,0.05916194444444444,0.8125027338869233,88.72910861563867
GA,468.1099999999999,777294.8469376855,0.10656138888888886,0.803564036523595,35.84725498443855
