algorithm,makespan,energy,cost,reliability,load_balance
HEFT,567.41,1916973.0350011454,0.07600833333333334,0.6384359000586014,89.3559878667005
GA,602.41,1955518.7886821267,0.11645361111111113,0.6242939174213158,39.029632365096184
