algorithm,makespan,energy,cost,reliability,load_balance
HEFT,235.58,3598.2799999999993,0.12749083333333333,0.9821694789794995,8.421746934488798
GA,249.24,3598.2799999999997,0.11765694444444443,0.9821694789794995,26.07956219505447
