algorithm,makespan,energy,cost,reliability,load_balance
HEFT,548.72,307264.77924989065,0.07182611111111113,0.8898346678262875,98.08775610755038
GA,540.02,297533.46500129625,0.08509277777777778,0.8904542083301804,60.89044997546238
