algorithm,makespan,energy,cost,reliability,load_balance
HEFT,626.1700000000001,616023.6748646535,0.0936911111111111,0.8103673626462484,128.39965049115204
GA,711.1100000000001,640982.84314663,0.16735250000000002,0.7994286451775222,51.20299411411407
