algorithm,makespan,energy,cost,reliability,load_balance
HEFT,357.57,1238847.4034175125,0.06872222222222223,0.7354428825087755,66.45947742484388
GA,378.97,1247862.779956197,0.08944166666666668,0.7254389203015904,34.077092709323686
