algorithm,makespan,energy,cost,reliability,load_balance
HEFT,553.25,542609.424148215,0.08128805555555553,0.8365210453962084,125.70101858344931
GA,583.96,527267.6459175287,0.14204611111111112,0.8324207973265202,48.074209505548126
