algorithm,makespan,energy,cost,reliability,load_balance
HEFT,492.84,1686996.2269499227,0.09635388888888889,0.6535598279957844,82.00993569533497
GA,523.84,1717669.3645578807,0.14819388888888885,0.6407209834846255,39.604211781680675
