algorithm,makespan,energy,cost,reliability,load_balance
HEFT,311.74,552973.1514723809,0.03603638888888889,0.8648167882288449,64.39014357740906
GA,332.74,553873.421710645,0.03920583333333333,0.8590247026163652,31.67549642531783
