algorithm,makespan,energy,cost,reliability,load_balance
HEFT,53.440000000000005,2281.66,0.07226166666666668,0.988656527894896,12.078219629370984
GA,78.65,2281.66,0.07958861111111112,0.988656527894896,25.205474361781395
