algorithm,makespan,energy,cost,reliability,load_balance
HEFT,507.83000000000004,293996.6593348168,0.06269083333333333,0.8939895436660587,94.69616253161628
GA,551.79,296940.1817539281,0.08716444444444445,0.8908510831425536,55.97315094566064
