algorithm,makespan,energy,cost,reliability,load_balance
HEFT,233.00000000000003,3561.54,0.08399527777777778,0.9823499200857961,8.995174797793387
GA,231.73000000000002,3561.54,0.10368055555555554,0.9823499200857961,10.601843421243842
