algorithm,makespan,energy,cost,reliability,load_balance
HEFT,381.46000000000004,132412.00875583285,0.032128333333333335,0.9503622987350208,71.77194554048721
GA,356.07,128896.14440980706,0.03360916666666667,0.9513279769740223,47.49407928012362
