algorithm,makespan,energy,cost,reliability,load_balance
HEFT,238.5,1850.9400000000003,0.03893750000000001,0.9907879929311115,7.567330550905422
GA,235.73,1850.9400000000003,0.03962388888888889,0.9907879929311115,5.035992950749639
