algorithm,makespan,energy,cost,reliability,load_balance
HEFT,355.73999999999995,192828.99600832065,0.02692722222222222,0.9369452777468553,103.30632946312076
GA,368.73999999999995,186358.43260834191,0.033420277777777785,0.9359713611823944,73.91176008303027
