algorithm,makespan,energy,cost,reliability,load_balance
HEFT,346.25,334753.1371263538,0.039607222222222224,0.9025135274709085,86.81395079661257
GA,359.25,320547.14201809326,0.05501444444444445,0.9006382502981286,46.303924379221534
