algorithm,makespan,energy,cost,reliability,load_balance
HEFT,90.72999999999999,2202.020000000001,0.1167736111111111,0.9890502893169999,9.817547364286051
GA,106.03,2202.02,0.10559111111111114,0.9890502893169999,29.706996194779883
