algorithm,makespan,energy,cost,reliability,load_balance
HEFT,137.29,3441.4,0.09582527777777777,0.9829401949540988,12.823085887050226
GA,146.27,3441.4000000000005,0.09288749999999998,0.9829401949540988,31.49375956704227
