algorithm,makespan,energy,cost,reliability,load_balance
HEFT,439.98999999999995,426018.1105706948,0.0576125,0.8690776518490404,94.76794399786952
GA,470.84999999999997,428178.744929383,0.08472333333333334,0.8647970706308548,58.58828366590599
