algorithm,makespan,energy,cost,reliability,load_balance
HEFT,62.39,1214.34,0.047462500000000005,0.9939466955209201,9.820436662898446
GA,69.84,1214.34,0.05460666666666667,0.9939466955209201,26.505588396600444
