algorithm,makespan,energy,cost,reliability,load_balance
HEFT,318.7,294775.2078757452,0.02073527777777778,0.9279086393673037,83.54986079930555
GA,327.11999999999995,282821.44317070185,0.02369055555555555,0.926659402523228,55.93041557372874
