algorithm,makespan,energy,cost,reliability,load_balance
HEFT,456.11,511945.905834119,0.10190194444444446,0.8285746032513748,101.16256298445258
GA,528.5999999999999,536944.8378168748,0.15609527777777776,0.819019979854411,75.59051115219422
