algorithm,makespan,energy,cost,reliability,load_balance
HEFT,42.16,570.92,0.007929444444444444,0.9971494704964458,14.428650248164972
GA,42.16,570.92,0.007929444444444444,0.9971494704964458,14.42865024816497
