algorithm,makespan,energy,cost,reliability,load_balance
HEFT,167.28,286544.7447393591,0.008464722222222222,0.9382091316273939,30.87819535508994
GA,170.29,288304.03746550006,0.008418333333333333,0.9373058836658614,28.3531170272563
