algorithm,makespan,energy,cost,reliability,load_balance
HEFT,546.66,1833070.9327186916,0.0765911111111111,0.6574816658222444,80.74442768564123
GA,575.0699999999999,1861957.745213626,0.09631388888888891,0.645635097078208,35.15191767980035
