algorithm,makespan,energy,cost,reliability,load_balance
HEFT,654.08,414220.56916585134,0.10284388888888892,0.8490781902778209,66.17351946641062
GA,635.8399999999999,407879.5934826371,0.10999138888888889,0.8503180695690027,35.642699813566274
