algorithm,makespan,energy,cost,reliability,load_balance
HEFT,399.7999999999999,730928.7086293147,0.06940555555555555,0.8097873472848722,86.15574484653058
GA,418.7899999999999,714719.3765610448,0.1160247222222222,0.8048813530030826,41.07707070620323
