algorithm,makespan,energy,cost,reliability,load_balance
HEFT,661.4,217816.25796794673,0.06177138888888889,0.9174041253910862,51.29047377437646
GA,571.29,212169.51383710548,0.05536250000000001,0.9207167833063201,22.46490077135144
