algorithm,makespan,energy,cost,reliability,load_balance
HEFT,411.66999999999996,3044.1800000000007,0.057403888888888886,0.9848943524089947,21.450559239019086
GA,384.20000000000005,3044.1800000000003,0.060946666666666656,0.9848943524089947,3.6149538955105074
