algorithm,makespan,energy,cost,reliability,load_balance
HEFT,296.65000000000003,2356.179999999999,0.0602588888888889,0.9882882230920481,1.8135853072482595
GA,298.98,2356.179999999999,0.06743527777777779,0.9882882230920481,6.043863968246375
