algorithm,makespan,energy,cost,reliability,load_balance
HEFT,552.2900000000001,182875.61876912494,0.04766722222222223,0.930845096075652,73.04732136316386
GA,470.08,181108.7918013955,0.03751888888888889,0.9339111254922596,92.11996250361084
