algorithm,makespan,energy,cost,reliability,load_balance
HEFT,556.49,329545.48160793545,0.07955944444444446,0.8784811751370508,65.63689075947633
GA,536.52,326790.9427421158,0.0902,0.87988575834477,72.5831190527699
