algorithm,makespan,energy,cost,reliability,load_balance
HEFT,271.92,3949.3400000000006,0.11561444444444446,0.9804469890785688,13.879933035552755
GA,266.44000000000005,3949.3400000000015,0.12441250000000004,0.9804469890785688,25.35604460901357
