algorithm,makespan,energy,cost,reliability,load_balance
HEFT,172.48,56671.63358070501,0.008994444444444444,0.9803445377213866,63.342778593932856
GA,175.48,52406.81456576248,0.010298333333333333,0.9802269034350585,37.26216758769319
