algorithm,makespan,energy,cost,reliability,load_balance
HEFT,242.45000000000002,218861.31924108064,0.010141666666666667,0.951080663852108,60.73348485733934
GA,250.09,209592.53896597223,0.007891944444444444,0.9499187731408987,35.369487927449555
