algorithm,makespan,energy,cost,reliability,load_balance
HEFT,537.1899999999999,971756.641895791,0.08986194444444444,0.7598887788723815,113.17682559256413
GA,570.19,963154.5438538031,0.16851305555555557,0.7519065735882884,52.058762823309095
