algorithm,makespan,energy,cost,reliability,load_balance
HEFT,71.13,3337.14,0.13948277777777776,0.983452735259752,7.863405744281134
GA,103.21000000000001,3337.140000000001,0.12869000000000003,0.983452735259752,30.210596328843874
