algorithm,makespan,energy,cost,reliability,load_balance
HEFT,497.02,885149.8297654018,0.06156111111111111,0.7929388282359066,105.17782443616618
GA,543.34,905012.8894062652,0.11026333333333334,0.7812722487008015,53.82988843206784
