algorithm,makespan,energy,cost,reliability,load_balance
HEFT,455.06000000000006,824291.7560321717,0.07547138888888891,0.793582638611814,97.50237768606202
GA,517.0600000000001,862195.1740997178,0.14428444444444452,0.7779931184677482,34.738370292293745
