algorithm,makespan,energy,cost,reliability,load_balance
HEFT,915.2700000000001,298326.02199351013,0.08322944444444445,0.888596524230418,75.64855247568632
GA,796.9300000000001,290386.03025359823,0.07827777777777778,0.8928127558417482,45.07924827456641
