algorithm,makespan,energy,cost,reliability,load_balance
HEFT,545.3199999999999,4211.080000000001,0.08252000000000001,0.9791647173414846,12.89703454287068
GA,542.78,4211.080000000001,0.0963013888888889,0.9791647173414846,21.85738700454993
