algorithm,makespan,energy,cost,reliability,load_balance
HEFT,319.32000000000005,177030.2838218715,0.03407027777777778,0.9393465547230427,84.79655534403675
GA,324.32000000000005,168432.13613098176,0.03805722222222222,0.9389708912388592,51.306351858921225
