algorithm,makespan,energy,cost,reliability,load_balance
HEFT,688.6,5455.3600000000015,0.12551861111111112,0.9730918524178552,6.515453424999122
GA,688.61,5455.360000000003,0.11534666666666667,0.9730918524178552,9.323522224281275
