algorithm,makespan,energy,cost,reliability,load_balance
HEFT,986.57,375889.74191390374,0.10038833333333334,0.8645203798411404,27.398516383191286
GA,812.41,379528.8462229662,0.08518944444444444,0.8705640013158265,35.532250608895154
