algorithm,makespan,energy,cost,reliability,load_balance
HEFT,706.5500000000001,251315.78104875807,0.0699,0.9061489341229113,41.92350812292954
GA,633.85,252254.6446004575,0.057251111111111114,0.9087878503478738,88.33895969502927
