algorithm,makespan,energy,cost,reliability,load_balance
HEFT,390.96999999999997,3070.9399999999996,0.06182861111111111,0.9847625823602553,6.894840462258725
GA,391.28,3070.939999999999,0.06604555555555558,0.9847625823602553,7.321454204368598
