algorithm,makespan,energy,cost,reliability,load_balance
HEFT,167.81,1145.3,0.029847777777777782,0.9942898651478838,17.923692653394095
GA,144.56,1145.3,0.031031944444444452,0.9942898651478838,2.1477488214407194
