algorithm,makespan,energy,cost,reliability,load_balance
HEFT,283.41,97637.07699093188,0.017463055555555558,0.9650694609254277,90.22620364949421
GA,286.41,92725.17666980902,0.019230555555555556,0.9649536595383388,57.342020877654235
