algorithm,makespan,energy,cost,reliability,load_balance
HEFT,159.42000000000002,4088.259999999999,0.18044333333333334,0.9797662070629202,15.905259599159855
GA,169.07999999999998,4088.2599999999975,0.17365388888888889,0.9797662070629202,43.826074768148395
