algorithm,makespan,energy,cost,reliability,load_balance
HEFT,472.0899999999999,464736.5903111694,0.06460388888888888,0.8621013843322022,116.54044631228535
GA,493.21999999999997,443262.76010705164,0.1080475,0.8591917132514616,46.78657086529567
