algorithm,makespan,energy,cost,reliability,load_balance
HEFT,393.5999999999999,132951.1989583333,0.039508888888888885,0.950257764631641,79.57187207173148
GA,414.80999999999995,132128.22894819314,0.042116388888888884,0.9494519078369166,56.23606101367103
