algorithm,makespan,energy,cost,reliability,load_balance
HEFT,280.21000000000004,2114.6600000000003,0.062439166666666684,0.989482400849662,15.492114929860309
GA,271.78999999999996,2114.6600000000003,0.05983111111111111,0.989482400849662,7.042548662712
