algorithm,makespan,energy,cost,reliability,load_balance
HEFT,362.83,649440.7155692748,0.04321166666666666,0.8423049137068402,78.2589571080597
GA,383.99999999999994,648053.3612760416,0.06777861111111111,0.8366180874658057,47.19598697978429
