algorithm,makespan,energy,cost,reliability,load_balance
HEFT,437.39000000000004,453335.01483801653,0.085,0.8489525360043054,85.2039126644624
GA,490.39000000000004,470643.18089683715,0.11145777777777778,0.8417838566579161,52.06531436570799
