algorithm,makespan,energy,cost,reliability,load_balance
HEFT,177.54,4835.480000000001,0.17684472222222225,0.9761125320343165,12.360173609891836
GA,210.22,4835.48,0.1794691666666667,0.9761125320343165,54.90827610661257
