algorithm,makespan,energy,cost,reliability,load_balance
HEFT,501.1,176230.18118140093,0.04211083333333333,0.933529420649944,56.920215140727166
GA,458.51,174368.79703823256,0.03995138888888889,0.9351211368098247,51.21277794652421
