algorithm,makespan,energy,cost,reliability,load_balance
HEFT,393.28,1330302.0100437347,0.04907222222222222,0.7320825486494564,62.621486527989724
GA,410.0,1333811.1844146342,0.06420027777777777,0.724290444938701,29.29829238846456
