algorithm,makespan,energy,cost,reliability,load_balance
HEFT,87.81,3791.4800000000005,0.18735166666666667,0.9812211613739528,11.53311569617206
GA,104.27,3791.480000000001,0.19473138888888883,0.9812211613739528,30.036614262778816
