algorithm,makespan,energy,cost,reliability,load_balance
HEFT,451.59999999999997,807238.9022364924,0.06444833333333334,0.8039090002319873,94.38382342378775
GA,470.59999999999997,795148.8125584357,0.09874805555555556,0.7990360622532706,54.56222232220662
