algorithm,makespan,energy,cost,reliability,load_balance
HEFT,573.7700000000001,193851.4958258536,0.0456213888888889,0.9268380796799588,69.5397953213362
GA,518.32,188744.46253279826,0.04751944444444445,0.9288960880282455,23.513832808228734
