algorithm,makespan,energy,cost,reliability,load_balance
HEFT,377.05,132387.33547274896,0.027545,0.9524900673639591,113.28465179949725
GA,383.05,132620.1472392638,0.03021666666666667,0.9522614971773113,112.8628409471721
