algorithm,makespan,energy,cost,reliability,load_balance
HEFT,393.29999999999995,423189.17790490715,0.07788055555555558,0.8571715546180406,82.50287354339038
GA,459.68999999999994,446134.84193695744,0.12115277777777778,0.8481145243580117,48.644993948504094
