algorithm,makespan,energy,cost,reliability,load_balance
HEFT,153.58999999999997,3928.82,0.14933,0.9805475881002897,13.873190437554966
GA,160.35999999999999,3928.82,0.13006694444444442,0.9805475881002897,31.93505012130089
