algorithm,makespan,energy,cost,reliability,load_balance
HEFT,475.11,1622190.834669866,0.08029250000000002,0.6765782291454648,80.7255137379377
GA,496.11,1621344.7091572434,0.1089961111111111,0.6675458512871262,38.69884986601515
