algorithm,makespan,energy,cost,reliability,load_balance
HEFT,268.83000000000004,476136.46393631666,0.02852805555555556,0.8861530505597784,56.78965783570785
GA,280.62,467481.8595966076,0.024364166666666666,0.882816071166772,30.14947319392111
