algorithm,makespan,energy,cost,reliability,load_balance
HEFT,59.11,2032.1199999999997,0.028223888888888892,0.9898908445130453,15.86372255005619
GA,64.13,2032.1199999999992,0.04317111111111111,0.9898908445130453,19.56901112399315
