algorithm,makespan,energy,cost,reliability,load_balance
HEFT,292.91,154529.4500699874,0.020252500000000007,0.9527449878128206,93.13265634873424
GA,294.91,144458.8110949103,0.021774722222222223,0.9525925608092559,64.81242093258713
