algorithm,makespan,energy,cost,reliability,load_balance
HEFT,80.94999999999999,576.34,0.018167777777777776,0.9971224481119503,8.726871814497253
GA,76.53,576.34,0.017877499999999998,0.9971224481119503,4.673873304515935
