algorithm,makespan,energy,cost,reliability,load_balance
HEFT,220.0,74168.47709090909,0.01056,0.9762794615493612,100.39960690494095
GA,224.0,67323.63633928572,0.011526111111111112,0.976123269331224,69.0954388267899
