algorithm,makespan,energy,cost,reliability,load_balance
HEFT,504.2900000000001,499951.2623292154,0.07891694444444446,0.8483218288793454,118.9860804113938
GA,546.2900000000001,499316.65639129415,0.12175138888888891,0.8426402177835808,66.2737612106028
