algorithm,makespan,energy,cost,reliability,load_balance
HEFT,928.72,363203.0594689465,0.09428111111111111,0.8698782670975551,69.26280838227683
GA,886.73,364206.115153429,0.09329722222222223,0.8713405423099322,88.01312757197086
