algorithm,makespan,energy,cost,reliability,load_balance
HEFT,374.97,232873.71760407498,0.054229444444444455,0.9138964565460378,64.55086343065332
GA,384.07000000000005,231212.4084411696,0.060333611111111116,0.9132313820421649,48.32857774428826
