algorithm,makespan,energy,cost,reliability,load_balance
HEFT,430.72,427590.1269037891,0.06892444444444444,0.8717051874712829,107.96976197065548
GA,461.3700000000001,424884.28814183845,0.09928888888888891,0.8674408100316467,70.56629039421018
