algorithm,makespan,energy,cost,reliability,load_balance
HEFT,132.53,3651.2000000000007,0.1278702777777778,0.9819096313147235,14.566563538917933
GA,148.47000000000003,3651.2000000000003,0.12169861111111112,0.9819096313147235,29.09432086622176
