algorithm,makespan,energy,cost,reliability,load_balance
HEFT,370.55,672062.1618135204,0.050900277777777767,0.8353804743563725,84.249298415285
GA,374.98999999999995,642270.4021440571,0.06362472222222221,0.8341944085590727,52.42400077885405
