algorithm,makespan,energy,cost,reliability,load_balance
HEFT,596.42,4505.239999999999,0.11110944444444446,0.9777256204465028,22.32488671117203
GA,567.7600000000001,4505.24,0.08899916666666666,0.9777256204465028,7.600151314283165
