algorithm,makespan,energy,cost,reliability,load_balance
HEFT,858.6599999999999,349927.520811497,0.07465027777777777,0.8757186635148132,78.10347090025292
GA,842.0499999999997,350784.2946855887,0.07844805555555553,0.8763006843207543,89.2366626822555
