algorithm,makespan,energy,cost,reliability,load_balance
HEFT,492.18000000000006,883628.5758462352,0.07784361111111113,0.7866964580068215,104.807543542761
GA,513.1800000000001,868365.7180326591,0.13153333333333334,0.7814275810633684,59.55706504161339
