algorithm,makespan,energy,cost,reliability,load_balance
HEFT,475.9800000000001,275729.46884322877,0.04917833333333333,0.9038101063525853,116.82948502594958
GA,539.59,279337.84117570746,0.07560694444444446,0.899222480139564,67.61677792636127
