algorithm,makespan,energy,cost,reliability,load_balance
HEFT,224.79000000000002,3019.7400000000007,0.1059225,0.9850147138527935,15.27562478263983
GA,206.97,3019.7400000000007,0.11444583333333334,0.9850147138527935,22.3216185649057
