algorithm,makespan,energy,cost,reliability,load_balance
HEFT,166.22,4789.219999999998,0.13304583333333336,0.9763383329758483,9.202904410202974
GA,186.35999999999999,4789.219999999998,0.14587166666666668,0.9763383329758483,40.42334287986749
