algorithm,makespan,energy,cost,reliability,load_balance
HEFT,489.90000000000003,508917.9153296591,0.09601666666666667,0.833928176196806,102.29182590347418
GA,537.3100000000001,521315.40291451855,0.13716694444444447,0.827626262739153,70.82606869413738
