algorithm,makespan,energy,cost,reliability,load_balance
HEFT,420.43,1419603.0884808411,0.045410277777777786,0.7243588211840113,67.16867824128704
GA,447.78000000000003,1455624.078945018,0.04784222222222223,0.7117899678946197,34.25664528533635
