algorithm,makespan,energy,cost,reliability,load_balance
HEFT,209.26999999999998,692850.1711664357,0.00864888888888889,0.8638231660925302,27.315596451913866
GA,210.27,685127.2234745802,0.008648888888888892,0.8632704961394805,19.627933447731362
