algorithm,makespan,energy,cost,reliability,load_balance
HEFT,513.61,947324.8777671773,0.09634388888888891,0.7560803691904281,111.49941956624201
GA,554.61,949085.1486089325,0.18710444444444446,0.7462253848089385,51.68429457334554
