algorithm,makespan,energy,cost,reliability,load_balance
HEFT,252.28000000000003,127078.17286348503,0.008359166666666668,0.9682939213847719,88.3921156693288
GA,256.28000000000003,118385.67039956298,0.008359166666666668,0.9679841169012897,64.764611575304
