algorithm,makespan,energy,cost,reliability,load_balance
HEFT,297.70000000000005,273608.67003695,0.027949722222222223,0.9253444799875961,68.54423469252052
GA,253.19000000000003,228853.64820885504,0.028079166666666665,0.9319579344737164,45.852760035974576
