algorithm,makespan,energy,cost,reliability,load_balance
HEFT,578.0000000000001,318147.60382352944,0.068435,0.887802473931126,112.6903531094325
GA,595.4800000000001,313277.12751057977,0.0829163888888889,0.8865618386059743,69.13090789788396
