algorithm,makespan,energy,cost,reliability,load_balance
HEFT,465.61000000000007,804322.8263353452,0.04883944444444444,0.8125934142518951,82.19120009639897
GA,434.43,722132.2854084661,0.07464055555555554,0.8207417290159821,40.393598012346764
