algorithm,makespan,energy,cost,reliability,load_balance
HEFT,167.25,2284.7000000000003,0.0702561111111111,0.9886415004298811,14.913798919600795
GA,156.53,2284.7000000000003,0.06490722222222221,0.9886415004298811,15.328454341517935
