algorithm,makespan,energy,cost,reliability,load_balance
HEFT,333.07000000000005,201733.27030353982,0.03779250000000001,0.9278741218079499,81.56061667776392
GA,351.51,194100.07362521693,0.046879444444444446,0.9265063310339843,30.327931374041512
