algorithm,makespan,energy,cost,reliability,load_balance
HEFT,205.1,106046.57323256947,0.009560833333333334,0.9703038588431152,70.19640190972346
GA,206.1,98509.83236293061,0.011731944444444444,0.9702262376392974,51.23501409820101
