algorithm,makespan,energy,cost,reliability,load_balance
HEFT,383.24999999999994,397089.82382257003,0.0628775,0.8730668072595511,93.25319611144701
GA,410.47,391145.4966745438,0.10281888888888889,0.8692726947571111,52.46591399820141
