algorithm,makespan,energy,cost,reliability,load_balance
HEFT,277.33000000000004,148673.798326903,0.018583055555555558,0.954587088559429,91.47619439543509
GA,278.33000000000004,137021.3151654511,0.01851777777777778,0.9545107246469415,60.2459252771505
