algorithm,makespan,energy,cost,reliability,load_balance
HEFT,56.66,1283.1799999999998,0.017821944444444442,0.9936046379398085,18.090486268964153
GA,56.66,1283.1799999999998,0.017821944444444446,0.9936046379398085,18.82007464322639
