algorithm,makespan,energy,cost,reliability,load_balance
HEFT,295.8,512466.3179851251,0.018885555555555558,0.8879242887868574,58.049685100976866
GA,309.8,507037.0767591995,0.018208611111111116,0.8839552851794613,27.669617289867634
