algorithm,makespan,energy,cost,reliability,load_balance
HEFT,345.32000000000005,332285.0842117457,0.03280527777777778,0.91222555537144,96.9896979323062
GA,355.32000000000005,312747.4819880671,0.043730555555555564,0.9107671615090597,57.07382515946635
