algorithm,makespan,energy,cost,reliability,load_balance
HEFT,83.44,1917.02,0.07491805555555556,0.9904606906515612,11.108913369452479
GA,81.98,1917.0200000000002,0.0561588888888889,0.9904606906515612,13.848973352442654
