algorithm,makespan,energy,cost,reliability,load_balance
HEFT,195.35,648892.208343998,0.009088333333333334,0.871001830956836,26.656665831159884
GA,201.35,655346.6364042712,0.009088333333333334,0.8676635974363412,18.05174524111173
