algorithm,makespan,energy,cost,reliability,load_balance
HEFT,51.96,676.9799999999999,0.009402500000000003,0.9966208223156954,17.733677771927304
GA,51.96,676.98,0.01470666666666667,0.9966208223156954,18.372598940669157
