algorithm,makespan,energy,cost,reliability,load_balance
HEFT,198.12,340363.21986674744,0.0093775,0.9265359797109536,37.265762869664464
GA,202.12,333866.2442113596,0.008972222222222223,0.925350772351454,24.041852720996037
