algorithm,makespan,energy,cost,reliability,load_balance
HEFT,330.29,168383.8114687093,0.01794277777777778,0.9523536805518414,107.30753733845009
GA,331.29,159061.28663708534,0.015552500000000002,0.9522774953048477,83.4585257028903
