algorithm,makespan,energy,cost,reliability,load_balance
HEFT,420.62,438535.21836812317,0.08439444444444445,0.8567478737439795,93.59705899715368
GA,417.83000000000004,415874.3720891272,0.11603055555555557,0.8571304113708647,53.666500534163156
