algorithm,makespan,energy,cost,reliability,load_balance
HEFT,187.51999999999998,5157.020000000002,0.15722055555555556,0.9745444967194944,14.142473484154035
GA,211.13,5157.020000000002,0.14932833333333334,0.9745444967194944,41.4976863160265
