algorithm,makespan,energy,cost,reliability,load_balance
HEFT,364.83000000000004,216099.435051942,0.042549166666666666,0.9230945610979284,87.89926879876275
GA,383.83000000000004,215722.89880936875,0.05872416666666667,0.9216925231838133,72.5056094258526
