algorithm,makespan,energy,cost,reliability,load_balance
HEFT,178.88,2431.9999999999995,0.08116055555555557,0.987913634034516,12.163327787128933
GA,160.71,2432.0,0.06945583333333334,0.987913634034516,7.782939217104481
