algorithm,makespan,energy,cost,reliability,load_balance
HEFT,507.75,512298.4391728213,0.0793425,0.8461864107262165,129.43834964794374
GA,549.75,503660.98355616187,0.14146999999999998,0.84051910153223,65.15378095641623
