algorithm,makespan,energy,cost,reliability,load_balance
HEFT,366.26,1275560.835499372,0.06937833333333333,0.7288183171871022,70.5580558786873
GA,390.9699999999999,1287413.056730695,0.0883288888888889,0.7173831512582057,34.827119270498784
