algorithm,makespan,energy,cost,reliability,load_balance
HEFT,175.16,303222.5842658141,0.010224722222222222,0.9337142777754842,34.62242555352928
GA,177.16,295196.6410024836,0.008703888888888891,0.933116891821604,23.9162068733668
