algorithm,makespan,energy,cost,reliability,load_balance
HEFT,375.72999999999996,125793.1818859287,0.025690555555555557,0.9540095472350655,99.61965581651042
GA,374.31,123687.62515027652,0.025239722222222226,0.9540637365163094,86.09058886816067
