algorithm,makespan,energy,cost,reliability,load_balance
HEFT,710.47,323875.4763044182,0.06764500000000001,0.887839052146558,59.09039424192965
GA,728.6000000000001,322037.52287949494,0.07308694444444447,0.8871954246734709,34.744980812581694
