algorithm,makespan,energy,cost,reliability,load_balance
HEFT,414.71999999999997,1410424.6752748843,0.05681638888888888,0.7162328180513108,69.00114761219986
GA,429.71999999999997,1404871.435376524,0.07069361111111112,0.7093898816464325,36.14830480194837
