algorithm,makespan,energy,cost,reliability,load_balance
HEFT,391.71000000000004,381070.7947461132,0.051326388888888894,0.8835717318227924,89.19124872757044
GA,420.71000000000004,380172.1626536094,0.07171472222222224,0.8794814557660842,50.04973402776482
