algorithm,makespan,energy,cost,reliability,load_balance
HEFT,82.8,1974.8399999999997,0.06265583333333334,0.9901743898526684,11.324686824220203
GA,88.68,1974.8399999999997,0.04319833333333334,0.9901743898526684,16.524195139249596
