algorithm,makespan,energy,cost,reliability,load_balance
HEFT,379.47,363138.3778427808,0.0346275,0.9032499177630542,103.35264556362357
GA,392.08,344567.90104060393,0.04144972222222222,0.9014293579273186,60.75809969323706
