algorithm,makespan,energy,cost,reliability,load_balance
HEFT,115.72999999999999,2947.04,0.12595472222222223,0.98537283178527,8.324867966920955
GA,128.66,2947.040000000001,0.09983194444444445,0.98537283178527,31.285799760700808
