algorithm,makespan,energy,cost,reliability,load_balance
HEFT,406.75,404061.54615857406,0.05640916666666667,0.881492839731704,107.80409107110299
GA,427.84000000000003,387412.4454001496,0.0876275,0.8785233432454839,56.27247602810217
