algorithm,makespan,energy,cost,reliability,load_balance
HEFT,520.25,926354.8116674677,0.08396361111111111,0.7660587615327715,97.28961419670836
GA,480.22999999999996,825462.0401682527,0.11774,0.7759323037809532,50.41957548249169
