algorithm,makespan,energy,cost,reliability,load_balance
HEFT,112.75999999999999,5105.32,0.20386444444444443,0.9747964490353302,13.416484789724288
GA,131.28,5105.32,0.17867611111111112,0.9747964490353302,33.68171418684797
