algorithm,makespan,energy,cost,reliability,load_balance
HEFT,861.34,264485.25564817607,0.07629055555555556,0.9002683440888436,71.42291345686391
GA,700.2999999999998,251792.2599171783,0.06848472222222221,0.9060862307862305,33.963726238444444
