algorithm,makespan,energy,cost,reliability,load_balance
HEFT,479.99,3676.58,0.07860861111111112,0.9817850348883201,13.76209135027573
GA,468.90000000000003,3676.5799999999995,0.07484833333333335,0.9817850348883201,6.718776550335161
