algorithm,makespan,energy,cost,reliability,load_balance
HEFT,561.9999999999999,545972.1588256228,0.09515611111111108,0.8334953130687167,118.17941320297709
GA,604.9999999999999,553306.3213553719,0.15461888888888892,0.8277805466533416,76.23967347560367
