algorithm,makespan,energy,cost,reliability,load_balance
HEFT,491.45,865900.8936616136,0.06266361111111111,0.7942733559258709,96.19148112503635
GA,512.4499999999999,851147.8725143917,0.09417694444444444,0.7889537329261184,42.41262862444012
