algorithm,makespan,energy,cost,reliability,load_balance
HEFT,225.60999999999999,222417.5365010416,0.01882777777777778,0.9403051770231208,67.96567049805364
GA,235.54999999999998,214054.1646784122,0.018266666666666664,0.9388109042302724,48.32316428225702
