algorithm,makespan,energy,cost,reliability,load_balance
HEFT,493.41999999999996,891895.3162822746,0.08490416666666667,0.769581206313216,97.39653288357822
GA,533.9,904065.6822251356,0.15280444444444444,0.7596766475402322,42.01029572347942
