algorithm,makespan,energy,cost,reliability,load_balance
HEFT,103.28,5382.84,0.24562499999999995,0.9734447595017296,10.843252231300946
GA,138.49,5382.840000000001,0.21304555555555557,0.9734447595017296,36.02675577754454
