algorithm,makespan,energy,cost,reliability,load_balance
HEFT,1031.1,337561.3872175346,0.08759638888888888,0.8752269979859861,101.580708634399
GA,936.04,331519.61798641086,0.09486972222222223,0.8785612962736916,95.75897956153602
