algorithm,makespan,energy,cost,reliability,load_balance
HEFT,225.48999999999998,386991.7382589028,0.009441666666666666,0.9186871857904912,42.49060837408661
GA,236.48999999999998,386243.78341578925,0.008786666666666668,0.9154590916752655,22.332370979105345
