algorithm,makespan,energy,cost,reliability,load_balance
HEFT,57.13,602.3599999999999,0.008366111111111112,0.9969927309197372,15.978932589304849
GA,57.13,602.3599999999999,0.012725555555555556,0.9969927309197372,16.74416209049899
