algorithm,makespan,energy,cost,reliability,load_balance
HEFT,309.37,290029.4981413841,0.019279722222222226,0.9263106735590265,82.86992281079229
GA,315.36999999999995,272680.613247931,0.019803333333333333,0.9254218420198109,48.79373812283703
