algorithm,makespan,energy,cost,reliability,load_balance
HEFT,66.03999999999999,1318.54,0.04153250000000001,0.9934289841680717,11.743244848990134
GA,54.4,1318.5399999999997,0.03327805555555556,0.9934289841680717,10.117253888778318
