algorithm,makespan,energy,cost,reliability,load_balance
HEFT,326.76,562738.4268882361,0.019378055555555555,0.8806621599263958,62.358743636828585
GA,342.76,561920.8381082973,0.030293611111111115,0.8761646930077465,34.2597578032581
