algorithm,makespan,energy,cost,reliability,load_balance
HEFT,55.27,1221.74,0.01696861111111111,0.9939099201735339,18.007721369775012
GA,55.27,1221.74,0.024391944444444442,0.9939099201735339,19.58874619056943
