algorithm,makespan,energy,cost,reliability,load_balance
HEFT,738.25,2466727.2599390447,0.11008833333333336,0.5561633683071265,101.01129804685274
GA,751.61,2437000.6793549843,0.24221194444444452,0.5514282215905816,42.16156554612975
