algorithm,makespan,energy,cost,reliability,load_balance
HEFT,412.78,233999.6986288095,0.04102833333333333,0.9203054989353094,112.64963673773144
GA,434.21,221667.92892839867,0.06998249999999999,0.9187290788813185,42.80513987829032
