algorithm,makespan,energy,cost,reliability,load_balance
HEFT,177.29999999999998,2593.5199999999995,0.07548222222222221,0.9871161170643685,10.250004878047628
GA,179.22,2593.5199999999995,0.09136972222222223,0.9871161170643685,14.414281608381122
