algorithm,makespan,energy,cost,reliability,load_balance
HEFT,369.93,5786.2,0.13233000000000003,0.9714834945151631,6.958829437689725
GA,400.65999999999997,5786.199999999999,0.13653277777777778,0.9714834945151631,39.59112193048191
