algorithm,makespan,energy,cost,reliability,load_balance
HEFT,880.2599999999998,479958.74179219763,0.13583416666666664,0.8295947088835066,97.82825657205875
GA,768.3,452070.2781335415,0.1269705555555556,0.8370585991595534,87.54983175924114
