algorithm,makespan,energy,cost,reliability,load_balance
HEFT,805.5400000000001,456800.7674727512,0.12321361111111112,0.834489765654824,58.499090820163325
GA,712.1700000000001,442262.25234143535,0.10701722222222224,0.8407464086278186,93.14774469127757
