algorithm,makespan,energy,cost,reliability,load_balance
HEFT,371.33,5392.959999999999,0.1660863888888889,0.9733955044430623,15.877347745406702
GA,368.75000000000006,5392.959999999999,0.17111499999999996,0.9733955044430623,17.72337842673183
