algorithm,makespan,energy,cost,reliability,load_balance
HEFT,1043.0200000000004,365884.0178136566,0.09784861111111115,0.8665606309757864,101.0929496387689
GA,936.6300000000001,361254.4955425302,0.09022888888888891,0.8702562243031439,80.13276358643819
