algorithm,makespan,energy,cost,reliability,load_balance
HEFT,607.56,4632.279999999999,0.09127777777777779,0.9771047663365355,23.27344910694014
GA,587.2200000000001,4632.28,0.09858583333333333,0.9771047663365355,5.876192077641258
