algorithm,makespan,energy,cost,reliability,load_balance
HEFT,350.12999999999994,179443.38271499157,0.01983277777777778,0.9486998601457927,113.66699249970752
GA,353.12999999999994,170319.3868263812,0.019450833333333327,0.9484721994997279,88.774120333977
