algorithm,makespan,energy,cost,reliability,load_balance
HEFT,76.04,1090.6200000000001,0.03740361111111112,0.9945617411607726,7.802190054264067
GA,84.42,1090.6200000000001,0.04117722222222223,0.9945617411607726,14.700381858499945
