algorithm,makespan,energy,cost,reliability,load_balance
HEFT,106.08,4748.839999999999,0.20761638888888886,0.976535475586153,11.359686484059718
GA,120.17,4748.840000000001,0.24052638888888894,0.976535475586153,33.32633018302108
