algorithm,makespan,energy,cost,reliability,load_balance
HEFT,584.07,1035457.5191158592,0.10387888888888888,0.744670083220884,108.08490962856621
GA,570.73,962465.5728803461,0.20855083333333332,0.7478557254693827,41.70415101636727
