algorithm,makespan,energy,cost,reliability,load_balance
HEFT,475.5999999999999,1598902.1944070647,0.06529444444444445,0.6881629659393202,71.1767595803931
GA,506.5999999999999,1645086.9341097507,0.07172416666666669,0.6746443606952873,34.37778702698903
