algorithm,makespan,energy,cost,reliability,load_balance
HEFT,484.20000000000005,444363.50479140854,0.052553333333333334,0.8805519079258922,109.35857369223504
GA,416.76000000000005,367228.7527593819,0.05987000000000001,0.8901048626449377,54.362893962702174
