algorithm,makespan,energy,cost,reliability,load_balance
HEFT,136.81,2009.0599999999997,0.061716666666666684,0.9900049855075196,7.724400924528525
GA,153.64000000000001,2009.0599999999997,0.06371416666666667,0.9900049855075196,30.941011128320568
