algorithm,makespan,energy,cost,reliability,load_balance
HEFT,310.81,169779.28432161125,0.025566944444444448,0.9426984733740327,84.68466651559268
GA,322.81,160824.1366748242,0.03841277777777778,0.941793917096077,40.09291209178999
