algorithm,makespan,energy,cost,reliability,load_balance
HEFT,588.33,314822.62871177745,0.07126083333333333,0.8857168162073945,72.18671018120799
GA,511.30000000000007,291346.12476041465,0.07902111111111113,0.8911918097395206,42.680219385398125
