algorithm,makespan,energy,cost,reliability,load_balance
HEFT,530.98,975085.6935101133,0.10285583333333334,0.7463606130999791,109.65447426075794
GA,569.5899999999999,978003.5393528678,0.1894191666666667,0.7371959109004055,52.65819076302834
