algorithm,makespan,energy,cost,reliability,load_balance
HEFT,411.21,225061.0327083485,0.0398063888888889,0.9242217933975355,109.84299298154095
GA,432.39,215168.09287911377,0.050777222222222224,0.9226571179581824,50.54055507355313
