algorithm,makespan,energy,cost,reliability,load_balance
HEFT,54.38,1868.5599999999995,0.02595222222222223,0.9907007083538764,14.26193031996766
GA,66.61,1868.5599999999995,0.043855000000000005,0.9907007083538764,23.336664458840644
