algorithm,makespan,energy,cost,reliability,load_balance
HEFT,339.25,600739.4895799558,0.029832499999999998,0.8605757818326835,72.4613618064049
GA,360.75000000000006,595304.7062508664,0.045301111111111125,0.8546753412437667,31.888478554426666
