algorithm,makespan,energy,cost,reliability,load_balance
HEFT,405.42,718065.275640077,0.04110722222222223,0.8325546613531095,85.26711572991783
GA,417.42,697368.1772555221,0.05610694444444444,0.8293637818630862,46.549881941527644
