algorithm,makespan,energy,cost,reliability,load_balance
HEFT,55.09,2375.76,0.08568166666666667,0.9881914744109327,9.342016343104882
GA,76.32,2375.7599999999998,0.0733411111111111,0.9881914744109327,24.33149038167511
