algorithm,makespan,energy,cost,reliability,load_balance
HEFT,220.1,2956.619999999999,0.07921166666666667,0.9853256335570341,18.45699281921546
GA,203.84,2956.6199999999994,0.09373194444444446,0.9853256335570341,16.61164947301398
