algorithm,makespan,energy,cost,reliability,load_balance
HEFT,466.28999999999996,273881.00890004076,0.052588888888888886,0.9049257344777322,120.25508599282965
GA,504.86999999999995,268031.82165706024,0.07800305555555556,0.9021370773602011,62.66930252182028
