algorithm,makespan,energy,cost,reliability,load_balance
HEFT,462.77000000000004,480568.25518075936,0.08835416666666666,0.8407464086278186,91.12434952442733
GA,522.03,500293.9228205275,0.14713833333333332,0.8328124601814639,55.03900007797503
