algorithm,makespan,energy,cost,reliability,load_balance
HEFT,276.11,92226.65484770562,0.019076111111111113,0.9654748752300607,61.89039848797227
GA,259.43,90507.10075935704,0.01881138888888889,0.9661192550080041,56.309956120861386
