algorithm,makespan,energy,cost,reliability,load_balance
HEFT,649.0699999999999,367583.44620765094,0.07695444444444445,0.8696597811198479,119.19139331793814
GA,682.71,361419.8743390312,0.11695972222222224,0.8673224991741424,16.11366184994229
