algorithm,makespan,energy,cost,reliability,load_balance
HEFT,264.25,4060.0599999999995,0.11558249999999999,0.9799043638379398,9.697604914174864
GA,270.65,4060.0599999999995,0.11738166666666666,0.9799043638379398,9.06982428164955
