algorithm,makespan,energy,cost,reliability,load_balance
HEFT,521.16,1782887.7920983958,0.09538555555555558,0.6466469537171952,88.89313689637004
GA,553.51,1810337.9748694692,0.16442083333333332,0.6333964180555984,42.54422162439915
