algorithm,makespan,energy,cost,reliability,load_balance
HEFT,373.67,667260.5644820296,0.04261638888888889,0.8451019567735953,82.87520201831555
GA,383.67,642148.3197800193,0.06387777777777777,0.8424019528222451,44.764898257766944
