algorithm,makespan,energy,cost,reliability,load_balance
HEFT,513.07,1758590.4940651373,0.0859641666666667,0.6464131684496547,87.76679706042052
GA,568.07,1853313.0470716634,0.17351833333333333,0.6240552330666509,37.331303212965565
