algorithm,makespan,energy,cost,reliability,load_balance
HEFT,405.4,714722.8041440552,0.043118055555555555,0.833230636990072,83.01207700709733
GA,406.4,685095.5075295276,0.04506083333333333,0.8329640458430937,53.0897740593932
