algorithm,makespan,energy,cost,reliability,load_balance
HEFT,435.86,790037.8429082732,0.06453083333333333,0.808181675353925,98.10835611412172
GA,459.86,774900.8912930022,0.1012663888888889,0.8019986134359279,48.998535962945844
