algorithm,makespan,energy,cost,reliability,load_balance
HEFT,459.48,3618.3000000000015,0.07935166666666668,0.9820711687351634,7.3699451603568065
GA,458.71000000000004,3618.3000000000015,0.0817086111111111,0.9820711687351634,4.703774193843372
