algorithm,makespan,energy,cost,reliability,load_balance
HEFT,775.4999999999998,263318.95008381683,0.07028055555555554,0.9013085744860276,55.20826893078008
GA,655.9799999999999,257969.22468672824,0.06505222222222222,0.9056278671292377,22.4566268986834
