algorithm,makespan,energy,cost,reliability,load_balance
HEFT,489.19,1648182.5782211411,0.06844555555555555,0.6744339044876259,73.58924063005364
GA,458.11,1497328.3298334463,0.07986055555555557,0.687983516439035,35.630790724021935
