algorithm,makespan,energy,cost,reliability,load_balance
HEFT,172.78,4656.719999999998,0.1560238888888889,0.9769853714292667,13.319427164859608
GA,183.52,4656.719999999999,0.15101694444444444,0.9769853714292667,35.2017739136349
