algorithm,makespan,energy,cost,reliability,load_balance
HEFT,465.1,489771.5898946463,0.08512916666666667,0.8460703219145393,118.72703387041499
GA,510.6500000000001,487142.0266327231,0.13873527777777778,0.8399265764107428,66.10165049628742
