algorithm,makespan,energy,cost,reliability,load_balance
HEFT,474.82,444753.74105977,0.052339722222222246,0.8760939017605563,110.84040502564936
GA,462.64,405441.8826085077,0.07612916666666666,0.877802898261626,51.37226592481588
