algorithm,makespan,energy,cost,reliability,load_balance
HEFT,585.5200000000001,335949.53087853536,0.08831972222222223,0.8763262726743245,64.29242740345532
GA,527.45,321381.5337188359,0.0817188888888889,0.8804068049282815,47.102459065318456
