algorithm,makespan,energy,cost,reliability,load_balance
HEFT,286.33,4280.52,0.11975972222222223,0.9788248103628896,9.591859271575771
GA,294.40999999999997,4280.5199999999995,0.10514305555555555,0.9788248103628896,32.87573041013689
