algorithm,makespan,energy,cost,reliability,load_balance
HEFT,97.72999999999999,607.88,0.016044166666666665,0.9969652143000949,15.794979160057997
GA,78.62,607.88,0.013139444444444447,0.9969652143000949,3.0812822006431024
