algorithm,makespan,energy,cost,reliability,load_balance
HEFT,159.94,49236.95116918845,0.006485833333333333,0.9843859827017787,68.21186962936387
GA,166.94,44343.57727327183,0.00910638888888889,0.9841103932109514,39.41169739641604
