algorithm,makespan,energy,cost,reliability,load_balance
HEFT,783.81,236164.21560071956,0.06536444444444445,0.9102827622407669,55.15048224328299
GA,600.81,225426.7149181938,0.05992000000000001,0.9169704792426289,80.00657196964092
