algorithm,makespan,energy,cost,reliability,load_balance
HEFT,1219.8000000000002,461561.2675684538,0.12295111111111114,0.8362042312326032,57.73931329692107
GA,1022.5599999999998,464454.0955445157,0.10442638888888887,0.8428276418087949,67.73752111397845
