algorithm,makespan,energy,cost,reliability,load_balance
HEFT,55.620000000000005,421.15999999999997,0.014874444444444445,0.9978964156413146,2.711033013447092
GA,55.96,421.15999999999997,0.011938055555555556,0.9978964156413146,2.8741781434003024
