algorithm,makespan,energy,cost,reliability,load_balance
HEFT,222.60000000000002,70950.17044025158,0.011514444444444445,0.9759452406836041,84.77695402250151
GA,222.60000000000002,72916.04537286612,0.011514444444444445,0.9759452406836041,92.98285397498474
