algorithm,makespan,energy,cost,reliability,load_balance
HEFT,475.5299999999999,171940.3405042794,0.036047777777777776,0.9368482152440052,102.76066659962842
GA,492.00999999999993,168779.21334932215,0.04075583333333333,0.9362308484069819,64.73497715042976
