algorithm,makespan,energy,cost,reliability,load_balance
HEFT,550.62,4166.299999999998,0.08153333333333333,0.9793839768668852,24.179169237176062
GA,527.74,4166.299999999999,0.08916888888888891,0.9793839768668852,5.0290845754139415
