algorithm,makespan,energy,cost,reliability,load_balance
HEFT,755.0399999999998,278255.4319638694,0.07242444444444443,0.897531016897131,64.37877412884882
GA,657.66,276715.2292217864,0.0652875,0.9010338974954242,46.46466282742904
