algorithm,makespan,energy,cost,reliability,load_balance
HEFT,421.65000000000003,758243.1891853432,0.06758583333333334,0.809944461269809,88.00858610743063
GA,443.68,749299.4715560763,0.09289083333333331,0.8042547554341279,44.88653001754679
