algorithm,makespan,energy,cost,reliability,load_balance
HEFT,83.26,3398.12,0.15948083333333332,0.9831529262289807,10.068677376542722
GA,93.24000000000001,3398.12,0.11022305555555555,0.9831529262289807,28.70497910473418
