algorithm,makespan,energy,cost,reliability,load_balance
HEFT,351.4100000000001,635159.7405879174,0.061036388888888904,0.8354666900699805,73.54888274627844
GA,375.83000000000004,637963.0672378469,0.07963416666666666,0.8289634616742724,39.83316868414254
