algorithm,makespan,energy,cost,reliability,load_balance
HEFT,84.54,3683.6000000000004,0.15761361111111113,0.981750574838373,10.97841393738846
GA,113.78,3683.6,0.14174000000000006,0.981750574838373,34.26691395406777
