algorithm,makespan,energy,cost,reliability,load_balance
HEFT,265.16999999999996,458721.74672851374,0.017537500000000004,0.8985565828051021,51.3688321429036
GA,279.16999999999996,461528.4847225704,0.015354999999999999,0.8945400530585452,32.09156224521813
