algorithm,makespan,energy,cost,reliability,load_balance
HEFT,197.88,102349.7828987265,0.01014361111111111,0.9705293836648796,65.90982150960942
GA,197.88,103965.89660400242,0.00978,0.9705293836648796,69.28893727408027
