algorithm,makespan,energy,cost,reliability,load_balance
HEFT,51.65,507.59999999999997,0.011201944444444443,0.9974652179989971,11.563245960492976
GA,43.650000000000006,507.59999999999997,0.009388055555555554,0.9974652179989971,12.005338098410341
