algorithm,makespan,energy,cost,reliability,load_balance
HEFT,942.6099999999999,342706.7886400526,0.08751638888888891,0.8747926431199828,61.753802042195446
GA,837.8199999999999,340678.80850301974,0.08649555555555556,0.8784671195506937,53.13457317666779
