algorithm,makespan,energy,cost,reliability,load_balance
HEFT,476.1199999999999,458636.61436192546,0.06527666666666666,0.8688371244455371,117.76522105266616
GA,507.1199999999999,447858.52671951405,0.09949861111111111,0.8645383620520554,58.711555786886336
