algorithm,makespan,energy,cost,reliability,load_balance
HEFT,1014.8500000000003,325216.6277577968,0.09223944444444446,0.87854477947658,44.34301673694906
GA,865.95,323211.01088977425,0.08781,0.8837930058867974,146.49909146475963
