algorithm,makespan,energy,cost,reliability,load_balance
HEFT,671.6100000000001,424524.52660025907,0.1159013888888889,0.8449356570729296,50.57736561447226
GA,664.36,423389.9442922512,0.11647055555555556,0.8454258618996896,51.1773948249755
