algorithm,makespan,energy,cost,reliability,load_balance
HEFT,387.67999999999995,5704.58,0.13902222222222224,0.9718800378384364,17.78333645177818
GA,386.60999999999996,5704.58,0.14376916666666673,0.9718800378384364,41.86769396819322
