algorithm,makespan,energy,cost,reliability,load_balance
HEFT,269.34,243688.79809905693,0.012838055555555554,0.9453318964260842,67.95596765553411
GA,282.34,235269.86937734645,0.011270277777777778,0.9433676496063869,36.336412866434685
