algorithm,makespan,energy,cost,reliability,load_balance
HEFT,274.79,93427.4339677572,0.017343333333333336,0.9668503040603884,91.38591722287777
GA,274.79,95005.27915863022,0.01848805555555556,0.9668503040603884,98.97797465429706
