algorithm,makespan,energy,cost,reliability,load_balance
HEFT,117.78,5790.9400000000005,0.28538777777777774,0.9714604706291772,12.85787109488744
GA,133.68,5790.940000000002,0.26540388888888883,0.9714604706291772,32.119951051400356
