algorithm,makespan,energy,cost,reliability,load_balance
HEFT,439.00000000000006,831661.5827107059,0.10490527777777779,0.7700236887478739,95.40930140746491
GA,472.43,832863.6210443878,0.1926963888888889,0.7618301868755617,50.285814406692815
