algorithm,makespan,energy,cost,reliability,load_balance
HEFT,408.78000000000003,733407.2078624199,0.0525313888888889,0.8247950069063517,89.76384150555658
GA,437.72999999999996,726749.0119708496,0.07652027777777778,0.817189389575684,36.303824688260704
