algorithm,makespan,energy,cost,reliability,load_balance
HEFT,73.37,3135.98,0.1534363888888889,0.9844423896346307,10.551009578471627
GA,102.13,3135.98,0.09900277777777779,0.9844423896346307,30.5662465626948
