algorithm,makespan,energy,cost,reliability,load_balance
HEFT,446.47,444174.7856518915,0.07427722222222222,0.8592491091749093,95.49461180043966
GA,483.52,446523.3823419921,0.12500527777777778,0.8541705481827131,49.707122255434044
