algorithm,makespan,energy,cost,reliability,load_balance
HEFT,429.31000000000006,806140.0198225061,0.0985166666666667,0.775988793708877,89.44893256938519
GA,466.17,815558.653388249,0.18287861111111114,0.7668896194739184,44.34695620783002
