algorithm,makespan,energy,cost,reliability,load_balance
HEFT,128.06,6012.539999999999,0.27507833333333337,0.9703846885210662,12.465995517969363
GA,161.36,6012.540000000001,0.23042944444444452,0.9703846885210662,39.62288886077575
