algorithm,makespan,energy,cost,reliability,load_balance
HEFT,661.21,215408.41770390648,0.06094833333333334,0.917940045873864,30.390630546271936
GA,492.71000000000004,212036.54874063854,0.04595194444444445,0.9241478586114946,63.416853372480254
