algorithm,makespan,energy,cost,reliability,load_balance
HEFT,244.02000000000004,3557.699999999998,0.10275638888888891,0.9823687813853297,10.373609287169886
GA,253.05,3557.699999999998,0.0960225,0.9823687813853297,45.62415398432845
