algorithm,makespan,energy,cost,reliability,load_balance
HEFT,535.1600000000001,304747.5202743105,0.06521805555555556,0.8893542868202062,86.44379345439276
GA,513.0300000000001,292319.66705650743,0.07733694444444446,0.890930194231217,44.552125470380986
