algorithm,makespan,energy,cost,reliability,load_balance
HEFT,654.1400000000001,344436.66669214546,0.07241833333333333,0.8818627917377583,131.33410425731557
GA,605.5100000000001,314702.41414675233,0.09369194444444445,0.8853002729956949,51.02411612939236
