algorithm,makespan,energy,cost,reliability,load_balance
HEFT,242.18999999999997,3536.98,0.12483805555555558,0.9824705600631257,12.684644752613291
GA,241.64999999999998,3536.98,0.1402627777777778,0.9824705600631257,23.873251880653857
