algorithm,makespan,energy,cost,reliability,load_balance
HEFT,839.41,347062.1927306084,0.08030277777777779,0.8770511188466873,71.27792294953596
GA,791.89,348611.957923449,0.07385166666666666,0.8787198030284188,76.65694249925009
