algorithm,makespan,energy,cost,reliability,load_balance
HEFT,138.98,3649.799999999999,0.1868461111111111,0.9819165047061996,12.34797466523694
GA,152.73000000000002,3649.799999999999,0.16117694444444444,0.9819165047061996,31.103674139882575
