algorithm,makespan,energy,cost,reliability,load_balance
HEFT,382.49,393713.10876101337,0.06192555555555556,0.8712565491301898,84.14305631631169
GA,422.48999999999995,396516.59729224356,0.09917111111111108,0.8656983125449307,34.58025553573407
