algorithm,makespan,energy,cost,reliability,load_balance
HEFT,547.6700000000001,981515.1069257036,0.11365861111111113,0.7533862759828102,106.08851976394831
GA,583.82,993984.7526121065,0.16463055555555553,0.7447213182850755,62.749418554528866
