algorithm,makespan,energy,cost,reliability,load_balance
HEFT,580.8100000000001,333800.8955079975,0.07550972222222224,0.8844242594236957,138.32115249871018
GA,617.1500000000001,325467.39110426966,0.09956805555555559,0.8818567950911631,65.10074171181593
