algorithm,makespan,energy,cost,reliability,load_balance
HEFT,101.25,4140.140000000001,0.20691833333333337,0.9795120886693885,14.589024704711326
GA,121.79,4140.140000000002,0.1508502777777778,0.9795120886693885,30.00030101831507
