algorithm,makespan,energy,cost,reliability,load_balance
HEFT,412.06,748671.794957045,0.06548861111111111,0.8109529835298195,89.87600216981298
GA,435.87,732876.6271365315,0.11008472222222224,0.8047976496950177,34.45123357821144
