algorithm,makespan,energy,cost,reliability,load_balance
HEFT,254.33000000000004,858380.0263830457,0.02515527777777778,0.8235745543062442,40.56198910915331
GA,271.33000000000004,882915.9911178271,0.02939694444444445,0.8146626319249284,21.89126088986686
