algorithm,makespan,energy,cost,reliability,load_balance
HEFT,220.64,125290.56005257434,0.016566944444444443,0.9618765143666052,81.53956356754502
GA,223.96,110021.05907304876,0.017675555555555555,0.9616210738883865,38.91141438759143
