algorithm,makespan,energy,cost,reliability,load_balance
HEFT,509.4,515322.34548488416,0.08550888888888888,0.834523145913051,104.32801664102504
GA,545.64,517385.9961696356,0.1253838888888889,0.8296982487639295,60.77321265368485
