algorithm,makespan,energy,cost,reliability,load_balance
HEFT,344.9,106773.90956799072,0.020869166666666664,0.9617726373125154,102.10156524265435
GA,310.74,101167.39573276695,0.018308055555555557,0.9630877016915155,85.96872507875564
