algorithm,makespan,energy,cost,reliability,load_balance
HEFT,758.75,5943.560000000001,0.09903027777777779,0.9707194319233186,12.52202459668572
GA,749.3800000000001,5943.5599999999995,0.10618083333333335,0.9707194319233186,6.246324252443719
