algorithm,makespan,energy,cost,reliability,load_balance
HEFT,1105.44,413949.1079389202,0.1166025,0.851365625919617,37.22965484664071
GA,977.0100000000001,414128.1195279475,0.10419750000000001,0.8557505147952589,55.2882458876508
