algorithm,makespan,energy,cost,reliability,load_balance
HEFT,564.29,317628.47789257305,0.09852722222222222,0.8816412956255502,34.36051593554939
GA,445.2300000000001,299535.9349325068,0.07404083333333335,0.8900788719624143,65.8097098648824
