algorithm,makespan,energy,cost,reliability,load_balance
HEFT,351.1,5194.0,0.15345333333333333,0.9743643200998928,19.327685546164826
GA,348.19,5194.000000000001,0.17753333333333332,0.9743643200998928,36.13785312620866
