algorithm,makespan,energy,cost,reliability,load_balance
HEFT,40.21,625.32,0.008685,0.9968782827236797,15.184800536678441
GA,40.21,625.32,0.008685000000000002,0.9968782827236797,15.184800536678434
