algorithm,makespan,energy,cost,reliability,load_balance
HEFT,207.63,356377.6412849781,0.00892888888888889,0.9237634930558908,38.91867509265629
GA,214.63,352981.95145133487,0.00892888888888889,0.9216965786398373,23.63684057267519
