algorithm,makespan,energy,cost,reliability,load_balance
HEFT,401.81999999999994,1363644.6785625403,0.04752583333333334,0.7301859874216436,66.74346997070319
GA,418.46999999999997,1359034.322364805,0.06070750000000001,0.7224464351099866,28.54928592079496
