algorithm,makespan,energy,cost,reliability,load_balance
HEFT,578.47,606655.5823811088,0.10143583333333332,0.8078290618166704,132.11283664605293
GA,645.9699999999999,611608.7756706967,0.17226583333333328,0.7991514513915553,52.976777868546634
