algorithm,makespan,energy,cost,reliability,load_balance
HEFT,589.95,1990809.4227815915,0.10262277777777778,0.6096964918379759,86.67303318863404
GA,639.8800000000001,2085059.3629899358,0.18589444444444445,0.5905215201871885,40.90135371948354
