algorithm,makespan,energy,cost,reliability,load_balance
HEFT,106.16999999999999,2990.52,0.13798499999999997,0.9851586350156724,9.463109337492265
GA,134.77,2990.5199999999995,0.12126916666666668,0.9851586350156724,35.90841904530654
