algorithm,makespan,energy,cost,reliability,load_balance
HEFT,381.21,373406.3269326617,0.04945194444444445,0.8860272257603713,89.5183830073466
GA,408.55,375424.4107942724,0.07526083333333333,0.8821598531483491,62.07574815967451
