algorithm,makespan,energy,cost,reliability,load_balance
HEFT,167.73000000000002,54432.13635008645,0.00696638888888889,0.9833985485068979,80.22553723721644
GA,167.73000000000002,52557.729505753305,0.00696638888888889,0.9833985485068979,73.40405954941004
