algorithm,makespan,energy,cost,reliability,load_balance
HEFT,296.14000000000004,277566.84446545556,0.019603611111111117,0.9306641573767862,80.41432922682375
GA,305.46999999999997,261644.70501194877,0.023447222222222227,0.9292758983769773,44.23605013636125
