algorithm,makespan,energy,cost,reliability,load_balance
HEFT,434.71000000000004,135130.52664995054,0.03089166666666667,0.9500988948152813,101.59666021413634
GA,378.83000000000004,132890.98952036534,0.03227638888888889,0.9522249310378941,112.38608706893694
