algorithm,makespan,energy,cost,reliability,load_balance
HEFT,268.75,1982.2,0.03930444444444445,0.9901379521055804,15.809862955341098
GA,253.75999999999996,1982.2,0.04391805555555556,0.9901379521055804,4.616221398503316
