algorithm,makespan,energy,cost,reliability,load_balance
HEFT,594.8199999999999,1053815.4190007062,0.09357833333333335,0.739615812424426,108.57771678831577
GA,598.54,1012491.4449326696,0.15412416666666667,0.7387358975905323,52.76098573019437
