algorithm,makespan,energy,cost,reliability,load_balance
HEFT,401.25,1342384.0629283488,0.04296638888888889,0.7402491946087614,58.470851373078695
GA,398.83000000000004,1289791.6171050323,0.04871416666666666,0.7413965808679296,23.605554296097182
