algorithm,makespan,energy,cost,reliability,load_balance
HEFT,438.02000000000004,1466808.8237066802,0.04601777777777778,0.7123804289073015,63.191740154155575
GA,450.02000000000004,1459634.049775565,0.05784250000000001,0.7069303024871817,29.35635749369494
