algorithm,makespan,energy,cost,reliability,load_balance
HEFT,98.61,1273.32,0.05954361111111112,0.9936536238559519,12.627456196716738
GA,108.97,1273.32,0.04384083333333334,0.9936536238559519,24.054701797599332
