algorithm,makespan,energy,cost,reliability,load_balance
HEFT,300.21999999999997,158538.17064152952,0.020268055555555557,0.9515761156662961,95.74003266845664
GA,303.21999999999997,146936.4680100257,0.024702777777777775,0.951347764801736,61.52729868870054
