algorithm,makespan,energy,cost,reliability,load_balance
HEFT,682.3099999999998,260743.2837419941,0.06646111111111111,0.9041579594041447,40.11696181168262
GA,567.2799999999999,262296.9038746298,0.05645027777777777,0.9083277566860051,19.90949752421351
