algorithm,makespan,energy,cost,reliability,load_balance
HEFT,261.12,452916.1390165441,0.0184925,0.8987442210083386,51.18124081428979
GA,266.12,441660.36239290546,0.016110000000000003,0.8973073800340307,31.98680975632138
