algorithm,makespan,energy,cost,reliability,load_balance
HEFT,676.6199999999999,436940.243755727,0.1039227777777778,0.8420542810605087,76.88996273664625
GA,736.48,446608.2026260048,0.1232811111111111,0.8380314913747409,71.50106291667478
