algorithm,makespan,energy,cost,reliability,load_balance
HEFT,392.71999999999997,5966.5999999999985,0.13600222222222222,0.9706076114857418,9.009654742076885
GA,402.28000000000003,5966.599999999999,0.1477236111111111,0.9706076114857418,24.551637565402004
