algorithm,makespan,energy,cost,reliability,load_balance
HEFT,204.32,119436.26947924824,0.016681666666666664,0.9608317148177037,69.17336166679854
GA,211.32999999999998,113231.75431789145,0.019859166666666667,0.9602930314529673,49.42574856720504
