algorithm,makespan,energy,cost,reliability,load_balance
HEFT,270.18,3984.0400000000013,0.11821805555555555,0.9802768962819404,13.086828438220948
GA,275.78999999999996,3984.040000000001,0.10793888888888892,0.9802768962819404,25.908307410117377
