algorithm,makespan,energy,cost,reliability,load_balance
HEFT,530.54,314627.264918762,0.07703138888888889,0.8851905025677507,84.04837534547762
GA,538.64,310198.4422062973,0.08961194444444447,0.8846170849294666,48.45745053652739
