algorithm,makespan,energy,cost,reliability,load_balance
HEFT,361.09,385432.0623667229,0.06063388888888889,0.8765001530551865,94.69531089235623
GA,409.28000000000003,385309.05673377635,0.1059438888888889,0.8697679735260474,38.94548290024573
