algorithm,makespan,energy,cost,reliability,load_balance
HEFT,423.59,1459864.411270332,0.0886761111111111,0.6876629908086465,73.2251868137171
GA,439.59,1455214.5384790367,0.12420444444444445,0.6806572523804878,41.593503954408035
