algorithm,makespan,energy,cost,reliability,load_balance
HEFT,736.91,262641.8643389288,0.06717555555555554,0.9024611832043137,66.34926293235421
GA,630.7399999999999,260166.47900878332,0.060088888888888886,0.9063019049733678,55.23695102314512
