algorithm,makespan,energy,cost,reliability,load_balance
HEFT,490.66,3817.7200000000007,0.08888333333333334,0.9810924336023069,10.971643754090206
GA,489.6300000000001,3817.720000000001,0.10288972222222223,0.9810924336023069,9.031147952134
