algorithm,makespan,energy,cost,reliability,load_balance
HEFT,644.0899999999999,350170.5745159837,0.06318472222222221,0.8855336689078863,174.3486165089113
GA,700.5799999999999,337950.17117245705,0.11759944444444445,0.8815407942465363,54.95206112084033
