algorithm,makespan,energy,cost,reliability,load_balance
HEFT,289.78,145095.89840568704,0.009185,0.9643177716976302,100.75105160741498
GA,291.78,131501.38186304749,0.009184999999999999,0.9641634931967679,65.07004840938724
