algorithm,makespan,energy,cost,reliability,load_balance
HEFT,57.519999999999996,1284.04,0.037430277777777764,0.9936003654490513,12.291747299170556
GA,57.44,1284.04,0.03293361111111111,0.9936003654490513,14.81552873395569
