algorithm,makespan,energy,cost,reliability,load_balance
HEFT,243.02,229942.01670644392,0.017664722222222224,0.9393010914500143,65.48669243950765
GA,250.02,220460.28453723702,0.019058888888888882,0.9382496631373546,44.0507871287979
