algorithm,makespan,energy,cost,reliability,load_balance
HEFT,58.51,630.96,0.008763333333333333,0.996850171152482,17.19756729795648
GA,58.51,630.9599999999999,0.008763333333333333,0.996850171152482,17.197567297956475
