algorithm,makespan,energy,cost,reliability,load_balance
HEFT,243.52999999999997,415755.78618650674,0.010008333333333334,0.9126441804815014,44.00567084859265
GA,247.52999999999997,411195.69098695106,0.009360833333333334,0.9114767432497075,33.09139780622996
