algorithm,makespan,energy,cost,reliability,load_balance
HEFT,567.3700000000001,1931110.189012461,0.08373777777777777,0.6296106918817667,94.17202098926401
GA,611.37,1984959.5998822318,0.17250250000000006,0.6121281640576066,35.175069464118415
