algorithm,makespan,energy,cost,reliability,load_balance
HEFT,598.6700000000001,200042.1763575927,0.0548638888888889,0.9240077684152342,46.94322599339189
GA,487.37000000000006,196193.08467899132,0.04711166666666668,0.9281306216618644,48.15683752075088
