algorithm,makespan,energy,cost,reliability,load_balance
HEFT,316.44,108524.70506257111,0.018937222222222223,0.9611473037697195,99.15268339787886
GA,319.44,103862.09475957927,0.0203475,0.9610319730132509,68.41048329751808
