algorithm,makespan,energy,cost,reliability,load_balance
HEFT,635.1899999999999,2137447.9770304947,0.09603472222222222,0.6035512021732116,95.23333239773967
GA,667.51,2160636.7959880754,0.14226861111111108,0.5911950985869413,33.256540679858325
