algorithm,makespan,energy,cost,reliability,load_balance
HEFT,427.46000000000004,420774.564965143,0.06171666666666668,0.8732393423065667,103.51117575733872
GA,427.53000000000003,396917.733679508,0.0989113888888889,0.8732295620807023,62.47084098468127
