algorithm,makespan,energy,cost,reliability,load_balance
HEFT,169.36,90647.27125649503,0.00838388888888889,0.9747038477713015,62.566611531802074
GA,176.36,82733.67611703333,0.00838388888888889,0.974158166421588,38.00526044416183
