algorithm,makespan,energy,cost,reliability,load_balance
HEFT,407.44999999999993,3155.3400000000006,0.0667925,0.984347100223396,8.761473905685037
GA,401.93,3155.3400000000006,0.07827083333333333,0.984347100223396,6.448820951667594
