algorithm,makespan,energy,cost,reliability,load_balance
HEFT,595.5000000000001,218913.11078085646,0.05782527777777779,0.9182253859796771,34.4314085054136
GA,511.10000000000014,220021.81833300728,0.048353611111111125,0.9213305534562153,61.24971965922243
