algorithm,makespan,energy,cost,reliability,load_balance
HEFT,219.48,110964.90545835611,0.008499444444444445,0.9719882141065453,77.1430922631999
GA,219.48,110501.86773282304,0.007565833333333333,0.9719882141065453,76.19628936175305
