algorithm,makespan,energy,cost,reliability,load_balance
HEFT,56.1,512.26,0.014278888888888886,0.9974419773301726,13.594238209623958
GA,48.1,512.26,0.011064444444444443,0.9974419773301726,13.44203209286878
