algorithm,makespan,energy,cost,reliability,load_balance
HEFT,641.2199999999999,395348.0330931662,0.08559583333333334,0.8563028231829309,82.89420193406602
GA,703.99,403896.3679029532,0.12118555555555557,0.852013591342609,51.66402008582541
