algorithm,makespan,energy,cost,reliability,load_balance
HEFT,223.92999999999998,204324.20836868664,0.009322222222222223,0.951940448732273,57.35667970399495
GA,223.92999999999998,203727.3155896932,0.009322222222222223,0.951940448732273,56.57455765035492
