algorithm,makespan,energy,cost,reliability,load_balance
HEFT,222.89999999999998,6477.119999999999,0.2111386111111111,0.9681331979342375,10.204224615324772
GA,256.5,6477.119999999998,0.1841141666666667,0.9681331979342375,47.01458383664938
