algorithm,makespan,energy,cost,reliability,load_balance
HEFT,543.59,558319.185286705,0.10132333333333332,0.8166116775424287,99.62762516616566
GA,609.4999999999999,580897.7930270714,0.16431888888888888,0.8080452658004154,55.67072806167229
