algorithm,makespan,energy,cost,reliability,load_balance
HEFT,565.17,1912123.1555815062,0.10974777777777779,0.6144100130497379,82.7955488197589
GA,625.4399999999999,2044274.635200819,0.2123413888888889,0.5911617561236474,42.64624745303386
