algorithm,makespan,energy,cost,reliability,load_balance
HEFT,512.03,1721525.5682479541,0.06934972222222223,0.663551771746476,75.46163152171866
GA,548.9599999999999,1779781.929484844,0.1194052777777778,0.6480524788690606,30.98356297743669
