algorithm,makespan,energy,cost,reliability,load_balance
HEFT,658.6899999999999,237788.54239475323,0.06471166666666667,0.9112328647056185,42.01816859010714
GA,543.5400000000001,236789.72283548588,0.052440833333333346,0.9154396841482426,31.239174524945458
