algorithm,makespan,energy,cost,reliability,load_balance
HEFT,453.7799999999999,3612.400000000001,0.07939333333333333,0.982100140261969,1.7042495904844865
GA,463.75,3612.399999999999,0.08936611111111113,0.982100140261969,16.601582253909772
