algorithm,makespan,energy,cost,reliability,load_balance
HEFT,640.9599999999999,387494.1713367448,0.10111249999999998,0.8569689432121406,38.35765596890104
GA,593.8299999999999,379112.4864691915,0.10508666666666666,0.8602061578777184,39.06554382426684
