algorithm,makespan,energy,cost,reliability,load_balance
HEFT,477.87,165648.76692405884,0.04382833333333334,0.9372608940632046,54.290632939762276
GA,400.62,164371.3314612351,0.036581944444444445,0.9401615093685599,61.881039301227005
