algorithm,makespan,energy,cost,reliability,load_balance
HEFT,283.25,2122.86,0.04251166666666667,0.9894418329028757,14.518763434489395
GA,275.37,2122.8600000000006,0.044471388888888894,0.9894418329028757,7.652770195600193
