algorithm,makespan,energy,cost,reliability,load_balance
HEFT,127.36000000000001,6247.52,0.2546791666666667,0.9692452530429666,11.939892472634103
GA,163.51999999999998,6247.520000000001,0.22406972222222218,0.9692452530429665,41.598391950930335
