algorithm,makespan,energy,cost,reliability,load_balance
HEFT,469.45000000000005,877933.7343274045,0.1084863888888889,0.7564454929264507,93.4650577022789
GA,503.33000000000004,885944.0626229314,0.15962138888888897,0.7482887096568204,51.1938061872282
