algorithm,makespan,energy,cost,reliability,load_balance
HEFT,320.62,4940.379999999999,0.10701222222222222,0.9756006952521945,11.872321878458068
GA,338.3399999999999,4940.379999999999,0.12490916666666668,0.9756006952521945,17.519777344883263
