algorithm,makespan,energy,cost,reliability,load_balance
HEFT,516.59,342344.6717125767,0.08314750000000001,0.8736026854430988,44.14930310079327
GA,528.2700000000001,344924.706949098,0.09746222222222224,0.8727867723477836,51.33041057696695
