algorithm,makespan,energy,cost,reliability,load_balance
HEFT,190.23000000000002,1461.02,0.040951944444444444,0.9927215173893378,8.011809512629883
GA,190.01000000000002,1461.0200000000002,0.04066611111111111,0.9927215173893378,6.102121898705949
