algorithm,makespan,energy,cost,reliability,load_balance
HEFT,285.28999999999996,94401.86981667776,0.022029166666666666,0.9654173346422236,77.796705371543
GA,260.44,87172.21302411304,0.02203138888888889,0.9663774365644621,31.580480785869405
