algorithm,makespan,energy,cost,reliability,load_balance
HEFT,734.37,427206.5354385392,0.10251916666666666,0.8463096244373587,97.68503627731324
GA,709.4300000000001,420002.51862763066,0.12877416666666666,0.8479998670253288,87.15936617770923
