algorithm,makespan,energy,cost,reliability,load_balance
HEFT,358.24,5182.339999999998,0.14006027777777783,0.9744211271956653,16.85809931457281
GA,351.38,5182.340000000001,0.14766722222222223,0.9744211271956653,31.771470552548045
