algorithm,makespan,energy,cost,reliability,load_balance
HEFT,677.5799999999999,1183619.9207030903,0.1060661111111111,0.715535833126973,113.96861259290122
GA,669.7499999999999,1125360.6620530048,0.2020902777777778,0.7173309276657561,53.454491391268455
