algorithm,makespan,energy,cost,reliability,load_balance
HEFT,432.16999999999996,1465678.6395399957,0.05908305555555555,0.707362793302393,70.17178952834335
GA,455.99,1487786.868330446,0.08164444444444444,0.6966609698316274,36.332225599854056
