algorithm,makespan,energy,cost,reliability,load_balance
HEFT,375.14000000000004,202853.72767500134,0.025843611111111116,0.9384320766018828,125.47831409109247
GA,378.14000000000004,182155.52313957797,0.042327777777777784,0.9382068799281802,64.35583262500101
