algorithm,makespan,energy,cost,reliability,load_balance
HEFT,130.99,1836.8600000000004,0.05707027777777779,0.9908577468611235,10.803870916746199
GA,127.63000000000001,1836.86,0.04976916666666667,0.9908577468611235,11.925152215260937
