algorithm,makespan,energy,cost,reliability,load_balance
HEFT,679.4599999999999,254184.5666117211,0.06276861111111111,0.9067595216677344,87.07362416369261
GA,633.88,253633.8181201489,0.05970305555555556,0.9084142336046775,87.78973454605422
