algorithm,makespan,energy,cost,reliability,load_balance
HEFT,597.17,317442.2907882177,0.0613436111111111,0.8908525085054269,125.39326946365865
GA,635.6499999999999,319625.6441280579,0.08406694444444444,0.8881143249177985,89.71297786950493
