algorithm,makespan,energy,cost,reliability,load_balance
HEFT,187.5,2713.36,0.08864555555555557,0.9865248142590358,11.271292231657759
GA,187.24,2713.3599999999997,0.11399333333333336,0.9865248142590358,14.164127727668737
