algorithm,makespan,energy,cost,reliability,load_balance
HEFT,721.6899999999999,429031.01147307013,0.1055836111111111,0.8463421233509122,108.94455915575983
GA,725.0399999999998,421684.2043611387,0.11120833333333333,0.8461153340529776,59.52368722677912
