algorithm,makespan,energy,cost,reliability,load_balance
HEFT,268.72,144224.37686067284,0.01668638888888889,0.9568892695719972,91.7455597115507
GA,275.72,131244.78300449732,0.021031666666666667,0.9563535615932708,50.68781804550562
