algorithm,makespan,energy,cost,reliability,load_balance
HEFT,181.45999999999998,309823.821448253,0.007868333333333333,0.9341513583263544,32.81917847549587
GA,182.45999999999998,302447.540830867,0.006978888888888889,0.9338524777151382,23.55967669831299
