algorithm,makespan,energy,cost,reliability,load_balance
HEFT,78.56,3498.700000000001,0.21601416666666662,0.9826586229253635,14.204002442377448
GA,96.13999999999999,3498.700000000001,0.14273249999999993,0.9826586229253635,29.84603709949371
