algorithm,makespan,energy,cost,reliability,load_balance
HEFT,431.05999999999995,778858.0020182804,0.0593636111111111,0.8130173735357381,96.91731490360742
GA,456.05999999999995,757972.9242424243,0.1144261111111111,0.8065391818644561,33.98289824729918
