algorithm,makespan,energy,cost,reliability,load_balance
HEFT,985.1100000000001,349100.0625716925,0.09019805555555557,0.8722363920599795,79.92501756855185
GA,864.99,347115.8330847756,0.08374472222222223,0.8764373978908895,95.09585953131719
