algorithm,makespan,energy,cost,reliability,load_balance
HEFT,519.24,946091.92656575,0.08466916666666668,0.7665816984374203,114.26471038873628
GA,544.24,920676.0999742759,0.13760388888888891,0.7604735101799204,50.018394115557065
