algorithm,makespan,energy,cost,reliability,load_balance
HEFT,522.89,1758958.9031536272,0.06460444444444444,0.6644899002275167,79.13950009052606
GA,549.8900000000001,1784207.6752259543,0.12024,0.653106153585209,35.95638153361753
