algorithm,makespan,energy,cost,reliability,load_balance
HEFT,1043.9300000000005,403381.94010134786,0.10241500000000003,0.8560185778329732,61.32058348004631
GA,1014.6600000000001,404330.10755326913,0.10411944444444446,0.8570213913163608,88.20673155528819
