algorithm,makespan,energy,cost,reliability,load_balance
HEFT,252.57,3927.74,0.0963975,0.9805528830715619,5.086019879462298
GA,262.90000000000003,3927.7400000000002,0.09941305555555557,0.9805528830715619,17.182550897848177
