algorithm,makespan,energy,cost,reliability,load_balance
HEFT,499.5499999999999,316565.186507857,0.06773916666666666,0.8866274466094973,105.97175567102771
GA,572.55,321114.58520653215,0.09231722222222222,0.881464632412152,56.942401223893384
