algorithm,makespan,energy,cost,reliability,load_balance
HEFT,505.09000000000003,878070.9270031084,0.05468694444444444,0.8004215120576367,95.13093274068589
GA,524.09,868316.8460378944,0.07827611111111112,0.7955697136775192,51.864997982510396
