algorithm,makespan,energy,cost,reliability,load_balance
HEFT,419.14000000000004,726626.219473207,0.03338333333333333,0.8430471427044981,82.02154608686573
GA,442.14000000000004,722924.274370109,0.037795,0.8368650935815344,36.965007470830415
