algorithm,makespan,energy,cost,reliability,load_balance
HEFT,154.59,45762.035319231516,0.009138333333333335,0.98255908464856,29.44613500387898
GA,112.79,43415.11250997429,0.007956666666666667,0.9842032976170896,32.55030773024017
