algorithm,makespan,energy,cost,reliability,load_balance
HEFT,207.35,2997.2999999999997,0.08913222222222222,0.985125238704016,15.849089597558228
GA,207.93,2997.2999999999997,0.09539694444444445,0.985125238704016,13.869478759904018
