algorithm,makespan,energy,cost,reliability,load_balance
HEFT,535.8000000000001,301025.41472564393,0.056968611111111116,0.8980201250160906,140.17410703809952
GA,572.8,290361.0374127095,0.08191833333333334,0.8953659156138848,58.263578659521805
