algorithm,makespan,energy,cost,reliability,load_balance
HEFT,284.32000000000005,91723.0461100169,0.022340000000000002,0.9658963004138981,68.54501993823722
GA,249.43,86426.43855991661,0.017544444444444446,0.9672452463662962,45.19157471255013
