algorithm,makespan,energy,cost,reliability,load_balance
HEFT,148.82,1045.0600000000002,0.03436499999999999,0.9947883281326853,14.531176541032961
GA,134.81,1045.06,0.03528,0.9947883281326853,3.2314534913358552
