algorithm,makespan,energy,cost,reliability,load_balance
HEFT,194.8,5178.34,0.17444055555555554,0.9744406158130948,15.144086510912437
GA,198.95,5178.34,0.21039166666666662,0.9744406158130948,30.015358006360675
