algorithm,makespan,energy,cost,reliability,load_balance
HEFT,503.69999999999993,506357.5599563231,0.07708416666666665,0.8386122807541762,104.94097775853179
GA,585.1200000000001,538044.7580496309,0.15060166666666666,0.8277583624319611,59.8106990394138
