algorithm,makespan,energy,cost,reliability,load_balance
HEFT,365.89000000000004,330102.86137910304,0.0225,0.9208022297884664,87.31938757372274
GA,376.2300000000001,315973.9550540893,0.019260833333333338,0.9192801140208415,47.579699378166175
