algorithm,makespan,energy,cost,reliability,load_balance
HEFT,395.12999999999994,710014.2843621086,0.051049166666666666,0.8320669272416086,88.55167916797372
GA,424.13,702795.8838563648,0.08275722222222223,0.8243810637213171,35.119839438377554
