algorithm,makespan,energy,cost,reliability,load_balance
HEFT,77.57,2865.12,0.10539083333333334,0.9857765231675203,11.118204484886123
GA,88.63999999999999,2865.1199999999994,0.08599111111111109,0.9857765231675203,30.112979304290786
