algorithm,makespan,energy,cost,reliability,load_balance
HEFT,218.39000000000004,3167.5799999999995,0.081655,0.9842868600242313,12.172542799854346
GA,224.63,3167.5799999999995,0.09312666666666669,0.9842868600242313,17.863573420711276
