algorithm,makespan,energy,cost,reliability,load_balance
HEFT,437.4,247457.1274119799,0.05572,0.909202352106851,69.70929051373692
GA,444.1200000000001,250775.92306133482,0.06392611111111113,0.9087136962848122,77.17234227688051
