algorithm,makespan,energy,cost,reliability,load_balance
HEFT,484.28,1655973.283327827,0.07331055555555557,0.6724881422524225,83.67069650449089
GA,524.28,1706966.1807240408,0.10526944444444447,0.6554909382853655,35.59640595676325
