algorithm,makespan,energy,cost,reliability,load_balance
HEFT,1186.5800000000002,435712.0553186469,0.1225402777777778,0.8435791046052603,36.969504549921375
GA,983.57,436667.73834094167,0.10160861111111114,0.8504571929851692,57.98075485308314
