algorithm,makespan,energy,cost,reliability,load_balance
HEFT,415.75,740855.1240168371,0.04641666666666667,0.824710552221798,88.89376596431579
GA,447.75,747937.5290005584,0.06800638888888891,0.8163086075409972,48.07194153352264
