algorithm,makespan,energy,cost,reliability,load_balance
HEFT,159.9,4283.580000000001,0.16346305555555557,0.9788098344578571,10.108914362251436
GA,171.69,4283.580000000002,0.16147249999999996,0.9788098344578571,39.714900179277805
