algorithm,makespan,energy,cost,reliability,load_balance
HEFT,534.1500000000001,516705.72621922684,0.08450388888888889,0.8414754835502398,109.81062137455861
GA,520.5799999999999,481830.94540704595,0.11894277777777779,0.8433044799601194,53.980846170964504
