algorithm,makespan,energy,cost,reliability,load_balance
HEFT,100.74000000000001,5151.8600000000015,0.22071694444444448,0.9745696402918604,9.386974755504772
GA,133.45999999999998,5151.860000000001,0.16707000000000002,0.9745696402918604,36.30589285984862
