algorithm,makespan,energy,cost,reliability,load_balance
HEFT,546.97,997789.8036272557,0.09283361111111114,0.7536087084408957,119.62375517562785
GA,573.0899999999999,975014.2964455844,0.17104305555555557,0.7473359968476375,58.36707928493623
