algorithm,makespan,energy,cost,reliability,load_balance
HEFT,409.79999999999995,758984.6911664227,0.08075805555555557,0.7976376957335535,89.299007318472
GA,468.79999999999995,799919.5165955629,0.14880833333333335,0.7827195663132714,43.07110525705739
