algorithm,makespan,energy,cost,reliability,load_balance
HEFT,217.81000000000003,206213.33428217255,0.01615305555555556,0.943707323097805,57.0370163431901
GA,232.81000000000003,202161.4944375242,0.022198611111111113,0.9414451412264632,32.88650209432436
