algorithm,makespan,energy,cost,reliability,load_balance
HEFT,53.08,1159.5800000000002,0.03928805555555556,0.9942188753858768,11.107587027943257
GA,60.01,1159.5800000000002,0.034794166666666675,0.9942188753858768,16.001343159768393
