algorithm,makespan,energy,cost,reliability,load_balance
HEFT,310.44,104140.38226388351,0.019278333333333335,0.9644948366945832,119.07601672181234
GA,321.44,96139.45392608261,0.023945,0.9640705523158462,69.21751048927817
