algorithm,makespan,energy,cost,reliability,load_balance
HEFT,935.6,385671.20313168026,0.09203083333333334,0.8640294716965019,59.48266827404444
GA,918.71,385690.8106475384,0.09352833333333334,0.8646134072387954,52.578275852928655
