algorithm,makespan,energy,cost,reliability,load_balance
HEFT,748.5700000000002,5887.340000000001,0.10555027777777778,0.9709923395109966,8.790067785100899
GA,744.4700000000001,5887.340000000001,0.11265611111111114,0.9709923395109966,7.953185420530266
