algorithm,makespan,energy,cost,reliability,load_balance
HEFT,108.19999999999999,5154.04,0.23917833333333333,0.9745590175406753,12.703841033960124
GA,133.92,5154.040000000001,0.20971694444444444,0.9745590175406754,40.051048026036355
