algorithm,makespan,energy,cost,reliability,load_balance
HEFT,405.33,770140.2627488712,0.08124916666666668,0.79776086050185,100.32637901072296
GA,450.47999999999996,771855.0283697387,0.14477722222222222,0.7863176762106231,39.85162516923283
