algorithm,makespan,energy,cost,reliability,load_balance
HEFT,453.92,802897.6104379627,0.05933833333333334,0.8081700376215918,91.26820943310436
GA,489.92,814689.9354792619,0.10047194444444445,0.7989133397394389,44.50107872809051
