algorithm,makespan,energy,cost,reliability,load_balance
HEFT,1086.6200000000001,453726.01734737074,0.1020527777777778,0.8426735869969111,82.35397718588546
GA,1003.27,454728.40624159004,0.10373916666666666,0.8454877493378333,14.22705491894468
