algorithm,makespan,energy,cost,reliability,load_balance
HEFT,290.93999999999994,536723.7817075686,0.03813055555555555,0.8679041471241971,72.09439729179331
GA,312.03,534974.9160978111,0.046760555555555555,0.8620665561398094,45.930357220637006
