algorithm,makespan,energy,cost,reliability,load_balance
HEFT,388.08000000000004,667587.8048340549,0.03394027777777778,0.8506181147087971,70.35749032733679
GA,372.85,616460.0946225023,0.040504722222222234,0.8547738055145111,38.761305114682976
