algorithm,makespan,energy,cost,reliability,load_balance
HEFT,163.12,148598.2799166258,0.008009444444444444,0.9644358114167695,41.258184622367146
GA,164.12,145724.2241043139,0.008105833333333335,0.9642815140310629,36.225892558592214
