algorithm,makespan,energy,cost,reliability,load_balance
HEFT,407.86999999999995,1391490.0864981487,0.062168611111111105,0.7167535652800905,69.16861823910568
GA,415.42999999999995,1359858.3348819294,0.07198777777777779,0.7132940009569135,34.738681380095265
