algorithm,makespan,energy,cost,reliability,load_balance
HEFT,243.89999999999998,811108.2860188602,0.015191111111111112,0.8389380610264546,33.5659678708531
GA,264.9,857919.3314458287,0.017704722222222226,0.8277381653743228,19.273336275036424
