algorithm,makespan,energy,cost,reliability,load_balance
HEFT,48.13,503.3,0.011024166666666668,0.9974866637317249,11.75691399924803
GA,48.13,503.3,0.01606,0.9974866637317249,19.834631285060123
