algorithm,makespan,energy,cost,reliability,load_balance
HEFT,213.91000000000003,110178.25819269787,0.009450555555555556,0.9712855263526219,76.86822851710026
GA,213.91000000000003,98551.1854985742,0.008361111111111113,0.9712855263526219,48.53511348571702
