algorithm,makespan,energy,cost,reliability,load_balance
HEFT,219.35000000000002,66214.48297241851,0.008647222222222223,0.9814278283118028,105.6290802762194
GA,219.35000000000002,66026.24937314793,0.006925555555555556,0.9814278283118028,104.97558033498395
