algorithm,makespan,energy,cost,reliability,load_balance
HEFT,266.25,270419.9162816901,0.04051305555555555,0.9125507305021408,62.94418987947444
GA,282.29,269461.67441283795,0.05535638888888889,0.9102117629543203,44.505614921977354
