algorithm,makespan,energy,cost,reliability,load_balance
HEFT,655.4200000000001,399099.7144884197,0.09893055555555556,0.8546346596657528,77.38731770174897
GA,616.8299999999999,389509.9606212408,0.09878527777777776,0.8572771646590145,59.92975648623975
