algorithm,makespan,energy,cost,reliability,load_balance
HEFT,197.93,5418.8200000000015,0.21221861111111115,0.9732696525408386,13.588639479972473
GA,218.92999999999998,5418.820000000002,0.19252722222222224,0.9732696525408386,43.782852079895385
