algorithm,makespan,energy,cost,reliability,load_balance
HEFT,538.0099999999999,529980.8716752477,0.08648611111111111,0.8340612817552682,109.67994198082283
GA,615.9499999999999,561421.4350353113,0.1424575,0.8237247880058465,67.15824461362381
