algorithm,makespan,energy,cost,reliability,load_balance
HEFT,472.01000000000005,836928.8882862651,0.05731861111111111,0.80420714496189,98.11050089920829
GA,495.01000000000005,824972.1004020122,0.08440583333333333,0.7983099088248411,49.4612166695835
