algorithm,makespan,energy,cost,reliability,load_balance
HEFT,598.98,1043668.8652542656,0.06777222222222222,0.7583417025472893,109.24901596912339
GA,637.74,1052730.7829052592,0.13659861111111116,0.7489939297278216,45.91332043587766
