algorithm,makespan,energy,cost,reliability,load_balance
HEFT,585.42,1981411.5494345939,0.08467361111111109,0.6221012612848686,92.15453089167177
GA,606.42,1972801.5523069825,0.1316736111111111,0.6137961556577313,39.43892753529092
