algorithm,makespan,energy,cost,reliability,load_balance
HEFT,378.4200000000001,357960.81980339315,0.035096666666666665,0.9049289922162401,99.49592632992571
GA,396.4200000000001,342914.80144795927,0.04798194444444445,0.9023265460399618,52.72706575295716
