algorithm,makespan,energy,cost,reliability,load_balance
HEFT,401.27,227769.77571211397,0.04190166666666666,0.922928788201607,112.8453562244746
GA,414.27000000000004,221020.48876336688,0.05170527777777779,0.9219694412087827,83.13520893271222
