algorithm,makespan,energy,cost,reliability,load_balance
HEFT,183.26999999999998,2443.579999999999,0.09521527777777779,0.9878564354910193,14.556636127798994
GA,173.54999999999998,2443.5799999999995,0.08115555555555556,0.9878564354910193,16.85428554022473
