algorithm,makespan,energy,cost,reliability,load_balance
HEFT,82.69,1622.78,0.06111416666666667,0.9919189288366356,13.668860581018937
GA,80.22999999999999,1622.7800000000002,0.05940777777777778,0.9919189288366356,20.517976904412386
