algorithm,makespan,energy,cost,reliability,load_balance
HEFT,363.74,343821.4392698081,0.030524722222222224,0.9109333005907425,98.00391331472434
GA,373.74,326747.03151923796,0.04865583333333333,0.909476972682807,60.90503962453901
