algorithm,makespan,energy,cost,reliability,load_balance
HEFT,499.1899999999999,528106.8770408061,0.09760722222222222,0.8237300598613596,94.76324508786794
GA,543.1899999999999,543641.0850162925,0.1406486111111111,0.8179513651122127,75.0691323575587
