algorithm,makespan,energy,cost,reliability,load_balance
HEFT,710.19,443205.4680296822,0.10124027777777778,0.8406902486434866,96.98264071471765
GA,733.0700000000002,447624.7098094316,0.13148750000000003,0.8391528566627456,98.23719094983467
