algorithm,makespan,energy,cost,reliability,load_balance
HEFT,401.7,6018.240000000003,0.15018361111111114,0.9703570329515371,12.843960225947235
GA,394.74999999999994,6018.240000000003,0.16410083333333336,0.9703570329515371,19.042219258419273
