algorithm,makespan,energy,cost,reliability,load_balance
HEFT,197.52999999999997,350701.1364349719,0.01818138888888889,0.9178717536749523,43.46789291553168
GA,205.01999999999998,343914.4045458979,0.017556666666666665,0.915674432976772,27.05129807272388
