algorithm,makespan,energy,cost,reliability,load_balance
HEFT,137.39,3522.56,0.13181277777777778,0.98254139874421,15.964025808047289
GA,144.53,3522.56,0.1328438888888889,0.98254139874421,31.607626505850345
