algorithm,makespan,energy,cost,reliability,load_balance
HEFT,706.73,649031.0104707596,0.07295611111111111,0.8301729719201016,159.73752613662822
GA,750.9100000000001,640358.3875431145,0.16663027777777784,0.8243253374449789,77.10217672835185
