algorithm,makespan,energy,cost,reliability,load_balance
HEFT,544.6600000000001,1871877.575661881,0.10809111111111112,0.6266725021049531,94.67707155260865
GA,595.66,1945272.3601047576,0.1554027777777778,0.6065481280471761,38.94538563045386
