algorithm,makespan,energy,cost,reliability,load_balance
HEFT,349.15,607898.3227839037,0.03515694444444444,0.8614726245616493,68.31834230396174
GA,358.15,593189.2588580204,0.042769722222222216,0.8589951526748572,38.044290551256005
