algorithm,makespan,energy,cost,reliability,load_balance
HEFT,397.97,680688.7451817977,0.021067222222222223,0.8588103168070541,72.46522565085289
GA,419.97,683600.8919208514,0.018159444444444447,0.8527855243294294,34.47966365915403
