algorithm,makespan,energy,cost,reliability,load_balance
HEFT,60.86,1167.72,0.01621833333333333,0.9941784115010942,18.804313838893805
GA,60.86,1167.72,0.02255638888888889,0.9941784115010942,20.29102374839832
