algorithm,makespan,energy,cost,reliability,load_balance
HEFT,160.04999999999998,1221.0000000000002,0.030950277777777774,0.9939135976470419,5.616312550656942
GA,164.64999999999998,1221.0000000000002,0.032759444444444445,0.9939135976470419,10.201981833611208
