algorithm,makespan,energy,cost,reliability,load_balance
HEFT,265.02,86229.75948984982,0.019615833333333332,0.9676012581191038,58.06156330424916
GA,244.92000000000002,83190.70169851382,0.01994166666666667,0.9683795223509293,44.11190844507487
