algorithm,makespan,energy,cost,reliability,load_balance
HEFT,450.51,265218.387760538,0.06032500000000001,0.9034808179498213,83.01108212375708
GA,460.02,263495.93450284767,0.0659663888888889,0.9027937111520933,66.43789397141622
