algorithm,makespan,energy,cost,reliability,load_balance
HEFT,211.45999999999998,3118.3799999999997,0.09321166666666668,0.9845290243767914,13.590416200396504
GA,217.32999999999998,3118.379999999999,0.09444083333333333,0.9845290243767914,25.2030284107174
