algorithm,makespan,energy,cost,reliability,load_balance
HEFT,374.4,1275104.960309829,0.046835833333333333,0.7387870198834563,62.92626738480622
GA,406.33,1326667.2538577018,0.07696555555555555,0.7238429717271929,32.94956448877588
