algorithm,makespan,energy,cost,reliability,load_balance
HEFT,366.41,187039.4577658907,0.017005000000000003,0.9491420573045564,123.86272559917752
GA,372.41,171431.10705942375,0.025421111111111113,0.9486865784407227,78.15502191158288
