algorithm,makespan,energy,cost,reliability,load_balance
HEFT,89.6,1040.38,0.04414805555555556,0.9948116064519188,11.59666200433802
GA,77.44,1040.38,0.034175555555555556,0.9948116064519188,12.957217445446046
