algorithm,makespan,energy,cost,reliability,load_balance
HEFT,426.46,772974.3089387045,0.06713666666666668,0.8013322691594855,88.96930898365024
GA,469.93,795505.7367480262,0.11423250000000001,0.7902625871124783,45.37242809626576
