algorithm,makespan,energy,cost,reliability,load_balance
HEFT,909.9200000000001,316261.0760176719,0.08498944444444445,0.8828644508130621,47.157600571558675
GA,742.6500000000001,315035.59099171887,0.0727263888888889,0.8887913259380166,84.48139691671774
