algorithm,makespan,energy,cost,reliability,load_balance
HEFT,541.24,4191.120000000001,0.09953277777777779,0.9792624428566973,15.444897755138015
GA,531.1800000000001,4191.12,0.09825361111111111,0.9792624428566973,5.867299208324093
