algorithm,makespan,energy,cost,reliability,load_balance
HEFT,842.21,338384.6918108311,0.0779225,0.8792714606688596,85.46657723929276
GA,835.1799999999998,336626.1991786202,0.08762638888888888,0.8795187465703681,48.38280781090182
