algorithm,makespan,energy,cost,reliability,load_balance
HEFT,589.78,4668.82,0.09537861111111111,0.9769262656022645,6.335994397093449
GA,593.1800000000001,4668.819999999999,0.09345361111111111,0.9769262656022645,10.0559779070296
