algorithm,makespan,energy,cost,reliability,load_balance
HEFT,486.56000000000006,888375.9109873398,0.068355,0.7876105005242379,113.57972464974586
GA,520.73,868845.5054058726,0.14642666666666665,0.7790453649146291,40.58553230102148
