algorithm,makespan,energy,cost,reliability,load_balance
HEFT,95.68,4228.300000000001,0.17789972222222222,0.9790804148885941,13.098790940111304
GA,117.69,4228.3,0.16938472222222226,0.9790804148885941,32.882536127209804
