algorithm,makespan,energy,cost,reliability,load_balance
HEFT,416.79,397994.2633700425,0.038794444444444444,0.8913351249047572,108.86622249156684
GA,429.67,377261.0525985058,0.05910222222222223,0.889500152883935,59.2935364626702
