algorithm,makespan,energy,cost,reliability,load_balance
HEFT,498.9799999999999,315570.6190829291,0.07565555555555556,0.8850425110881538,85.20276310702268
GA,517.2199999999999,312065.1592939175,0.08969749999999999,0.8837519988426951,47.963923477517376
