algorithm,makespan,energy,cost,reliability,load_balance
HEFT,390.15999999999997,5825.659999999997,0.14055333333333336,0.9712918397290616,12.63930709843586
GA,402.09000000000003,5825.659999999998,0.14982527777777777,0.9712918397290616,40.74731750592389
