algorithm,makespan,energy,cost,reliability,load_balance
HEFT,776.4499999999999,466911.3552192672,0.10171138888888889,0.832726851460921,100.89719884969195
GA,828.06,470800.0279931406,0.13936333333333334,0.8292957768212184,43.425079899589264
