algorithm,makespan,energy,cost,reliability,load_balance
HEFT,317.56999999999994,4739.800000000001,0.11278055555555556,0.976579615987215,9.535506204257235
GA,322.93,4739.8,0.10815388888888887,0.976579615987215,27.52434026716821
