algorithm,makespan,energy,cost,reliability,load_balance
HEFT,553.12,354697.6555539485,0.09061833333333333,0.868883347810088,44.20383427131309
GA,542.0200000000001,353095.16039998527,0.09613805555555557,0.8696552589007438,45.11063344711533
