algorithm,makespan,energy,cost,reliability,load_balance
HEFT,612.9399999999999,1096708.044882044,0.10887861111111108,0.7284079622776518,117.2594981945372
GA,620.0899999999999,1050330.773645761,0.19515499999999997,0.7267432699941471,49.51984269018314
