algorithm,makespan,energy,cost,reliability,load_balance
HEFT,135.3,6375.46,0.2740625,0.9686254251276907,12.303126696579893
GA,171.06,6375.46,0.24784777777777775,0.9686254251276907,44.936191722397844
