algorithm,makespan,energy,cost,reliability,load_balance
HEFT,596.57,358292.7179878305,0.08642583333333335,0.8679333091934605,59.54843885143301
GA,607.2800000000001,360335.47462455544,0.09851222222222224,0.8671899824208064,58.58764446475529
