algorithm,makespan,energy,cost,reliability,load_balance
HEFT,209.77,1603.9400000000003,0.0409625,0.9920123720008359,11.683664878795518
GA,204.72,1603.9400000000005,0.03683861111111111,0.9920123720008359,2.862625543098501
