algorithm,makespan,energy,cost,reliability,load_balance
HEFT,483.49999999999994,146822.82438469492,0.033000555555555554,0.9457172922453997,107.24365540674188
GA,427.7399999999999,138471.32919530553,0.02961583333333333,0.9478289741662895,78.60024867433096
