algorithm,makespan,energy,cost,reliability,load_balance
HEFT,978.8599999999999,367857.3386796886,0.10117833333333333,0.866902469894847,40.987727024887185
GA,845.71,369768.3505220466,0.08772500000000001,0.8715319097043943,75.9002505485544
