algorithm,makespan,energy,cost,reliability,load_balance
HEFT,164.67000000000002,551098.6356956337,0.008073888888888889,0.8896378581657153,24.71174407519824
GA,172.67000000000002,560203.8522036255,0.008022222222222222,0.8850945531178265,13.756993488450513
