algorithm,makespan,energy,cost,reliability,load_balance
HEFT,589.6899999999999,374123.055181536,0.09675027777777778,0.8633613169727664,73.61123855140208
GA,611.8000000000001,374108.1463713632,0.10749444444444446,0.8618355532585327,45.194691356239105
