algorithm,makespan,energy,cost,reliability,load_balance
HEFT,287.44,4326.040000000002,0.09776222222222222,0.9786020551865517,9.479594249906317
GA,301.42,4326.040000000001,0.12118583333333334,0.9786020551865517,51.99130524836407
