algorithm,makespan,energy,cost,reliability,load_balance
HEFT,321.79999999999995,299643.08660658787,0.025861944444444444,0.9202653744902751,80.32867654984737
GA,326.79999999999995,283737.136750306,0.04040638888888889,0.9195294565970891,47.502950325041205
