algorithm,makespan,energy,cost,reliability,load_balance
HEFT,90.04,1922.6400000000006,0.0620063888888889,0.990432859097189,12.144439331095802
GA,89.33000000000001,1922.6400000000003,0.04723638888888888,0.990432859097189,22.66615288633399
