algorithm,makespan,energy,cost,reliability,load_balance
HEFT,840.2199999999999,484796.36265501886,0.12213750000000001,0.8264568261901272,92.59518993022414
GA,830.0399999999997,477556.58574285574,0.15522638888888884,0.8271301667764472,51.526356067966454
