algorithm,makespan,energy,cost,reliability,load_balance
HEFT,143.97,1647.6,0.05464027777777779,0.9917958393354285,18.587608007179714
GA,130.8,1647.6000000000001,0.064725,0.9917958393354285,30.673391912675246
