algorithm,makespan,energy,cost,reliability,load_balance
HEFT,256.7,159221.20241527073,0.03119805555555556,0.9437601721876593,71.88430565846762
GA,272.7,161990.78203153648,0.03498611111111111,0.9425529319658296,71.03108957149881
