algorithm,makespan,energy,cost,reliability,load_balance
HEFT,224.28000000000003,68384.4445336187,0.00797888888888889,0.9797471018081593,103.50988841651798
GA,227.28000000000003,58354.41675466386,0.00797888888888889,0.9796295392098393,53.81702704535062
