algorithm,makespan,energy,cost,reliability,load_balance
HEFT,559.7199999999999,998556.2188236975,0.0997252777777778,0.7520780278321075,107.44685023678663
GA,565.53,952667.7480239774,0.17071555555555554,0.7506810633833123,40.87329035588069
