algorithm,makespan,energy,cost,reliability,load_balance
HEFT,106.58000000000001,4975.999999999998,0.20861500000000005,0.9754269562402883,9.42660134423992
GA,146.36,4975.999999999998,0.1687072222222222,0.9754269562402883,37.55140863300045
