algorithm,makespan,energy,cost,reliability,load_balance
HEFT,354.40999999999997,5280.580000000002,0.15907666666666664,0.9739426090716594,14.101297749295469
GA,346.83,5280.580000000001,0.15343555555555558,0.9739426090716594,13.01069553153424
