algorithm,makespan,energy,cost,reliability,load_balance
HEFT,721.67,422413.3004281735,0.10582333333333334,0.8466600691589278,77.19959210662043
GA,748.29,430598.75251573586,0.12941388888888888,0.8448589403982572,91.72508486154234
