algorithm,makespan,energy,cost,reliability,load_balance
HEFT,235.94000000000003,401563.008646266,0.010138055555555556,0.9151442279074025,41.494543189630726
GA,241.94000000000003,398187.9990080185,0.009147777777777777,0.9133888367046309,27.490475036672898
