algorithm,makespan,energy,cost,reliability,load_balance
HEFT,672.6300000000001,431348.95302023407,0.10038333333333332,0.8475603778197073,130.35413138693713
GA,764.7400000000001,441528.0484216858,0.1372311111111111,0.8413378294215458,96.00589936300788
