algorithm,makespan,energy,cost,reliability,load_balance
HEFT,349.78,5233.880000000003,0.12364166666666669,0.9741700512237155,10.788416738070774
GA,349.21999999999997,5233.880000000001,0.12346027777777777,0.9741700512237155,18.94997455708807
