algorithm,makespan,energy,cost,reliability,load_balance
HEFT,529.17,1797332.4747812613,0.09119194444444445,0.6393382640232675,83.09378908274061
GA,564.17,1842922.8584291968,0.19008250000000002,0.6251762931373263,39.18236443273533
