algorithm,makespan,energy,cost,reliability,load_balance
HEFT,352.82,1199126.3599852617,0.04560305555555555,0.7548559067005004,58.73498990940355
GA,387.89,1259253.0138183506,0.05632166666666667,0.7381020387871606,25.14776682263605
