algorithm,makespan,energy,cost,reliability,load_balance
HEFT,112.27,5728.640000000002,0.3068674999999999,0.97176312770217,10.550578336082172
GA,136.32999999999998,5728.64,0.2800925000000001,0.97176312770217,36.287373703846086
