algorithm,makespan,energy,cost,reliability,load_balance
HEFT,543.4699999999999,985364.1722082174,0.09927027777777779,0.7479161546533067,108.37146472216853
GA,606.47,1024278.9377380579,0.16854972222222217,0.7329891348915173,44.62094559041823
