algorithm,makespan,energy,cost,reliability,load_balance
HEFT,400.1,244373.30732316925,0.04887999999999999,0.9126233724313991,93.7638695264409
GA,451.57000000000005,246754.70150807186,0.06201944444444445,0.9088732804209569,56.986747832907845
