algorithm,makespan,energy,cost,reliability,load_balance
HEFT,229.65,117723.04659264098,0.008959166666666667,0.9692107485261423,81.40839408062116
GA,233.65,104003.03535202226,0.008959166666666667,0.9689006507049115,40.761680162167714
