algorithm,makespan,energy,cost,reliability,load_balance
HEFT,59.870000000000005,595.5999999999999,0.013142222222222222,0.9970264298435509,13.89503919698373
GA,57.83,595.5999999999999,0.01803361111111111,0.9970264298435509,18.886069696245126
