algorithm,makespan,energy,cost,reliability,load_balance
HEFT,1107.98,398150.8483727143,0.09720611111111112,0.8561418533838078,101.71227228478051
GA,1006.4900000000001,403047.96300012927,0.09447083333333334,0.8596245111676234,187.47173351379323
