algorithm,makespan,energy,cost,reliability,load_balance
HEFT,657.48,5118.78,0.10216611111111112,0.9747308474418285,13.265040205995131
GA,644.9300000000001,5118.780000000001,0.12380833333333335,0.9747308474418285,7.775415851687066
