algorithm,makespan,energy,cost,reliability,load_balance
HEFT,547.2900000000001,507339.4996802427,0.05684638888888889,0.8577158598651192,118.51418884814315
GA,536.08,475252.9604163558,0.09189000000000003,0.8592556394929541,72.55275706913784
