algorithm,makespan,energy,cost,reliability,load_balance
HEFT,136.09,3517.180000000001,0.14561638888888892,0.9825678294633278,12.02502735617124
GA,137.32,3517.1800000000007,0.13057694444444448,0.9825678294633278,18.81131511218713
