algorithm,makespan,energy,cost,reliability,load_balance
HEFT,316.31,4877.940000000002,0.11726944444444444,0.9759053253395346,5.9988485502278985
GA,326.90000000000003,4877.9400000000005,0.11521138888888888,0.9759053253395346,26.635122053140933
