algorithm,makespan,energy,cost,reliability,load_balance
HEFT,694.92,404040.2459131986,0.107515,0.8529516631309627,75.47267120100018
GA,657.88,397348.2888824709,0.1053613888888889,0.8554828778948245,81.61071593459492
