algorithm,makespan,energy,cost,reliability,load_balance
HEFT,243.70000000000002,3667.1800000000003,0.10798472222222226,0.9818311798693585,11.477821392954827
GA,254.6,3667.1800000000003,0.11289083333333334,0.9818311798693585,32.69787342910413
