algorithm,makespan,energy,cost,reliability,load_balance
HEFT,541.69,323127.4225848733,0.062290833333333344,0.8861821168565216,123.88213972505136
GA,587.69,318728.07466521463,0.08492611111111112,0.8829269598289726,56.575686852720956
