algorithm,makespan,energy,cost,reliability,load_balance
HEFT,307.64000000000004,523860.1487777923,0.02026027777777778,0.8849724184969787,52.763896242349155
GA,312.64000000000004,511687.0634915558,0.016495833333333335,0.8835575947881797,28.294285725882947
