algorithm,makespan,energy,cost,reliability,load_balance
HEFT,513.45,940841.303710196,0.0977230555555556,0.7524869685880644,103.34537610750866
GA,570.8100000000002,980783.8353742927,0.2119502777777778,0.7388009092099895,57.826310801113166
