algorithm,makespan,energy,cost,reliability,load_balance
HEFT,119.1,6275.779999999997,0.2789561111111111,0.969108308364081,10.681751807329503
GA,162.94,6275.779999999995,0.2389366666666667,0.969108308364081,34.20923176282127
