algorithm,makespan,energy,cost,reliability,load_balance
HEFT,58.81,1143.1,0.03575277777777778,0.994300802396555,11.93799883774496
GA,69.12,1143.0999999999997,0.04044972222222223,0.994300802396555,26.423386666297464
