algorithm,makespan,energy,cost,reliability,load_balance
HEFT,246.96,234906.80648688046,0.021011666666666665,0.9373782464732489,67.07934316601
GA,252.96,222858.5467662872,0.020862222222222223,0.9364787951623417,42.517090519578126
