algorithm,makespan,energy,cost,reliability,load_balance
HEFT,446.4200000000001,413475.3792392814,0.03619694444444445,0.891232805505664,108.57762095232455
GA,470.8400000000001,398549.4483051568,0.07252388888888892,0.8877573747109802,43.46187400086042
