algorithm,makespan,energy,cost,reliability,load_balance
HEFT,418.68,1454211.1547960255,0.08327138888888888,0.6906091809155507,77.36378817770854
GA,462.39000000000004,1523280.542161379,0.13645083333333335,0.6715575251810093,39.781190425646486
