algorithm,makespan,energy,cost,reliability,load_balance
HEFT,356.42,186890.9553335952,0.02228888888888889,0.9466153932705146,121.73558735460816
GA,363.42,170767.9791976226,0.026683333333333337,0.9460854370518739,73.74628281189113
