algorithm,makespan,energy,cost,reliability,load_balance
HEFT,45.31,546.86,0.007595277777777777,0.9972694347934543,14.981180879501949
GA,45.31,546.86,0.008150555555555557,0.9972694347934543,15.518196599658259
