algorithm,makespan,energy,cost,reliability,load_balance
HEFT,178.37,309201.5008689802,0.00919138888888889,0.9334271114320883,35.80548637761964
GA,179.37,303094.5717232536,0.008253055555555555,0.9331284625428008,29.047899650280065
