algorithm,makespan,energy,cost,reliability,load_balance
HEFT,54.83,2046.7000000000003,0.028426388888888893,0.9898186841007593,14.709824122186001
GA,71.2,2046.7,0.05309666666666666,0.9898186841007593,22.0338139677113
