algorithm,makespan,energy,cost,reliability,load_balance
HEFT,250.73999999999995,448328.0226130653,0.02604777777777778,0.8927295495703764,55.832596097584144
GA,259.73999999999995,433863.44671594666,0.025923611111111116,0.8901621872439243,28.90794901109772
