algorithm,makespan,energy,cost,reliability,load_balance
HEFT,423.98,762482.5202839755,0.07550694444444446,0.7996640316178464,81.46969192477991
GA,472.18,803512.9565208184,0.1124852777777778,0.787424646377766,49.47861329186875
