algorithm,makespan,energy,cost,reliability,load_balance
HEFT,101.03,4842.42,0.20295083333333339,0.9760786615171118,10.092382382631865
GA,123.31,4842.420000000001,0.20268499999999998,0.9760786615171118,33.59755734538767
