algorithm,makespan,energy,cost,reliability,load_balance
HEFT,345.11,652261.7786213092,0.059900277777777775,0.8294603254260213,86.31718675112752
GA,375.47,643298.0659972834,0.08738888888888888,0.8214409703671206,38.23190779689555
