algorithm,makespan,energy,cost,reliability,load_balance
HEFT,90.05000000000001,3531.5599999999995,0.1704033333333333,0.9824971853760748,12.3053478899846
GA,78.95,3531.56,0.13504555555555556,0.9824971853760748,14.87180465815506
