algorithm,makespan,energy,cost,reliability,load_balance
HEFT,399.24,455701.44905320107,0.09401944444444446,0.8438234404920828,84.00210202727072
GA,446.7600000000001,466202.32997582597,0.13068138888888892,0.8374320105593308,56.38735164023933
