algorithm,makespan,energy,cost,reliability,load_balance
HEFT,209.09,5761.859999999998,0.18290611111111113,0.971601731251005,14.137875473941152
GA,232.07,5761.86,0.17264333333333332,0.971601731251005,34.52591880867667
