algorithm,makespan,energy,cost,reliability,load_balance
HEFT,351.8,624380.9612848209,0.04187666666666667,0.8518152656645492,74.42612135750849
GA,374.8,623312.202561366,0.049263055555555546,0.845568920057902,37.644254648810836
