algorithm,makespan,energy,cost,reliability,load_balance
HEFT,254.04,432491.04255235393,0.008615277777777779,0.9105569807039813,45.12100824874223
GA,257.03999999999996,424462.3793572985,0.008615277777777777,0.9096832654529273,31.581478007290915
