algorithm,makespan,energy,cost,reliability,load_balance
HEFT,267.21,455039.61775382655,0.009343611111111112,0.9066264191399183,47.665521246764996
GA,276.21,451897.4160964483,0.008692777777777778,0.9040190914069154,28.086312696527038
