algorithm,makespan,energy,cost,reliability,load_balance
HEFT,48.62,697.8599999999999,0.009692500000000001,0.9965167805329213,17.646741609014462
GA,48.62,697.8599999999999,0.009692500000000001,0.9965167805329213,17.646741609014466
