algorithm,makespan,energy,cost,reliability,load_balance
HEFT,596.8100000000001,205523.78519126688,0.05765166666666668,0.9220406199971098,20.997470482576396
GA,468.8299999999999,203860.30885395556,0.04790777777777778,0.9267728325758744,32.94277513102579
