algorithm,makespan,energy,cost,reliability,load_balance
HEFT,467.89000000000004,171406.68180555262,0.03472055555555556,0.9369932505731697,97.09138697639459
GA,490.89000000000004,169732.73672309477,0.042763055555555554,0.9361316131966099,71.60688997342828
