algorithm,makespan,energy,cost,reliability,load_balance
HEFT,392.65000000000003,213845.81179167196,0.035777222222222224,0.9294944897736162,111.54952186617132
GA,411.65000000000003,201058.45276326977,0.047365,0.9280827313573672,44.66991892921743
