algorithm,makespan,energy,cost,reliability,load_balance
HEFT,212.10000000000002,6133.579999999999,0.1704475,0.9697975893816925,9.76635856311519
GA,235.51999999999998,6133.580000000001,0.1841463888888889,0.9697975893816925,39.202161839835654
