algorithm,makespan,energy,cost,reliability,load_balance
HEFT,495.46000000000004,528779.1719412263,0.10229805555555554,0.8185889611910806,75.31225220982749
GA,535.9599999999999,544477.924565266,0.1530825,0.8133016540988732,57.26752959793185
