algorithm,makespan,energy,cost,reliability,load_balance
HEFT,99.75,4283.4400000000005,0.18209472222222228,0.978810519624981,13.314284046745412
GA,120.33,4283.4400000000005,0.14715,0.978810519624981,38.52547073250748
