algorithm,makespan,energy,cost,reliability,load_balance
HEFT,498.67,908471.7287384443,0.07382416666666668,0.7819725823382536,114.42120656942232
GA,523.4000000000001,877457.7405617121,0.1686416666666667,0.775808785190532,45.360126975726516
