algorithm,makespan,energy,cost,reliability,load_balance
HEFT,456.93000000000006,439378.61379204696,0.06600805555555556,0.875994733543904,115.49101240644949
GA,463.04,408795.24511921225,0.08948611111111111,0.8751387795508729,51.857033338464966
