algorithm,makespan,energy,cost,reliability,load_balance
HEFT,493.41,469136.74049978727,0.07983916666666664,0.8554575559764049,94.69090978679
GA,464.74000000000007,433922.0693075699,0.10858805555555556,0.8593907250969328,61.154800053498114
