algorithm,makespan,energy,cost,reliability,load_balance
HEFT,204.25,676144.0586046511,0.009004444444444447,0.8669153001463449,26.612406750062156
GA,208.01,678821.5042065284,0.008398611111111112,0.8648316632055268,20.317761469364484
