algorithm,makespan,energy,cost,reliability,load_balance
HEFT,673.1599999999999,5334.320000000001,0.1006061111111111,0.9736809458486302,5.868912448940837
GA,671.4499999999999,5334.319999999999,0.11625222222222223,0.9736809458486302,8.260770746929952
