algorithm,makespan,energy,cost,reliability,load_balance
HEFT,1007.46,359405.41179798706,0.09494250000000001,0.8684646469514568,42.89014212691151
GA,814.6700000000001,360309.40536659013,0.08291555555555556,0.8751877886947711,86.7226407865905
