algorithm,makespan,energy,cost,reliability,load_balance
HEFT,187.52,5212.000000000001,0.17376694444444446,0.9742766312571409,11.944114310683181
GA,197.55,5211.999999999999,0.1996419444444445,0.9742766312571409,30.854767540851775
