algorithm,makespan,energy,cost,reliability,load_balance
HEFT,490.65,490324.23303780693,0.08254222222222223,0.8441556347698057,102.30939454256713
GA,535.71,500068.6903735229,0.12884027777777782,0.8380914965776839,63.33406780714468
