algorithm,makespan,energy,cost,reliability,load_balance
HEFT,826.26,370413.2437005301,0.08707277777777779,0.8718028239198187,13.66454414412219
GA,755.0400000000001,378456.08367768594,0.08128444444444446,0.8742899567946079,87.02275200582129
