algorithm,makespan,energy,cost,reliability,load_balance
HEFT,242.0,422282.53871900827,0.018782222222222224,0.904405732628403,49.033978853008165
GA,251.0,419345.41286852583,0.017415833333333332,0.9018047912717572,33.20294688965512
