algorithm,makespan,energy,cost,reliability,load_balance
HEFT,43.26,1027.6399999999999,0.014272777777777775,0.9948749779696112,14.663513515833515
GA,43.26,1027.6399999999999,0.021571111111111107,0.9948749779696112,17.0474798889606
