algorithm,makespan,energy,cost,reliability,load_balance
HEFT,431.01000000000005,826107.7955499872,0.09485722222222225,0.7765859139119864,103.22699834392539
GA,468.16999999999996,818869.5188072708,0.16418249999999998,0.7674060633812632,47.11275582355932
