algorithm,makespan,energy,cost,reliability,load_balance
HEFT,761.4200000000002,245985.33296997717,0.05077305555555556,0.9094227694705068,145.66561991424066
GA,723.2200000000001,235114.38766903573,0.06764361111111113,0.9108134296560653,38.706875681201716
