algorithm,makespan,energy,cost,reliability,load_balance
HEFT,298.25000000000006,526267.0146186086,0.028796111111111113,0.8751615334549409,61.76892949948297
GA,325.25,540364.4085165258,0.03982861111111111,0.8676327091620871,34.486691120131006
