algorithm,makespan,energy,cost,reliability,load_balance
HEFT,189.32999999999998,345777.4957481646,0.018321944444444443,0.9187073971309025,47.412662779416614
GA,191.32999999999998,332003.80823707726,0.02106527777777778,0.9181196125078812,35.04283643461334
