algorithm,makespan,energy,cost,reliability,load_balance
HEFT,579.77,202724.51035755555,0.04407805555555556,0.9265522868876993,144.45862415123113
GA,560.65,192242.05955587263,0.05317083333333335,0.9272611851248429,53.80135151648144
