algorithm,makespan,energy,cost,reliability,load_balance
HEFT,378.03,364086.26302145334,0.04196388888888889,0.8938036131784172,92.50258091669657
GA,388.03,344698.5191093472,0.06062194444444445,0.8923746708560306,43.39314519118582
