algorithm,makespan,energy,cost,reliability,load_balance
HEFT,477.34000000000003,457270.55859555036,0.05344833333333333,0.8734796908440113,122.31376853540786
GA,511.8,441151.7638530677,0.09747666666666667,0.8686769256505721,42.27150135335469
