algorithm,makespan,energy,cost,reliability,load_balance
HEFT,321.38,174999.77814425286,0.02582222222222223,0.9440040713265642,99.78641258064289
GA,336.38,162188.6980795529,0.04124055555555556,0.9428719458521121,43.73908443420893
