algorithm,makespan,energy,cost,reliability,load_balance
HEFT,124.95000000000002,1709.2800000000004,0.05234277777777777,0.991490016658858,12.172394998520218
GA,127.4,1709.2800000000004,0.04568833333333333,0.991490016658858,12.845418304927694
