algorithm,makespan,energy,cost,reliability,load_balance
HEFT,78.80000000000001,3063.419999999999,0.11877861111111113,0.9847996101294697,12.810269282600657
GA,85.32000000000001,3063.4199999999996,0.10107944444444444,0.9847996101294697,27.774432877619425
