algorithm,makespan,energy,cost,reliability,load_balance
HEFT,322.54999999999995,594832.3898620368,0.051317499999999995,0.8474213893151138,75.79877668854448
GA,342.54999999999995,591285.5975186103,0.06556805555555555,0.8420152106483081,48.22461952286404
