algorithm,makespan,energy,cost,reliability,load_balance
HEFT,235.64000000000001,414908.46906297747,0.025553055555555555,0.8996380169069907,47.94849503066437
GA,242.22,408376.12851952773,0.03385027777777778,0.8977457319952749,32.34892661472711
