algorithm,makespan,energy,cost,reliability,load_balance
HEFT,500.79999999999995,509487.3474241214,0.08362694444444445,0.835398852928972,102.20324016186244
GA,559.1,520955.5066893222,0.14034694444444448,0.8276424843728741,39.57674105982789
