algorithm,makespan,energy,cost,reliability,load_balance
HEFT,458.65000000000003,529169.840859043,0.10145499999999999,0.8220290038988194,102.32691910204602
GA,521.22,541118.1633667165,0.1507427777777778,0.813840563581664,63.222814655128
