algorithm,makespan,energy,cost,reliability,load_balance
HEFT,596.21,4732.88,0.10632611111111112,0.9766134062264958,3.629775015984687
GA,595.71,4732.880000000001,0.10413333333333336,0.9766134062264958,5.468771952336856
