algorithm,makespan,energy,cost,reliability,load_balance
HEFT,1042.1499999999999,362613.88456556154,0.10281277777777778,0.8669631551917002,59.504971500987416
GA,865.9699999999998,361022.6701155929,0.08294249999999999,0.8730943966065698,100.55695981217148
