algorithm,makespan,energy,cost,reliability,load_balance
HEFT,493.26000000000005,895850.2944289016,0.09309666666666666,0.7712968191978948,102.14205311040537
GA,500.68,855249.0991651355,0.19685694444444446,0.7694676245097075,47.045770445755025
