algorithm,makespan,energy,cost,reliability,load_balance
HEFT,434.01000000000005,170462.61689822815,0.03909277777777778,0.936783762304003,36.32687251425132
GA,427.4600000000001,171709.20830019185,0.03961444444444445,0.937029231804827,55.99869105613098
