algorithm,makespan,energy,cost,reliability,load_balance
HEFT,163.82999999999998,4202.26,0.14049083333333337,0.9792078994576779,15.690125756347523
GA,182.17,4202.26,0.15816805555555552,0.9792078994576779,38.983196973183205
