algorithm,makespan,energy,cost,reliability,load_balance
HEFT,594.52,573977.3409809595,0.07572916666666667,0.8368995731336639,145.1764339002718
GA,616.5200000000001,545591.1346266139,0.12844805555555558,0.8339588653183665,60.14886532595608
