algorithm,makespan,energy,cost,reliability,load_balance
HEFT,712.58,674308.0174436554,0.10272249999999998,0.8040961720331935,146.08907048869193
GA,705.08,637639.4933482725,0.15567583333333332,0.8050616666205265,80.03095931939923
