algorithm,makespan,energy,cost,reliability,load_balance
HEFT,242.47000000000003,129292.44694188974,0.016099166666666668,0.9603233771922214,78.90992196123739
GA,249.06,128165.0064643058,0.017751944444444445,0.959817228140379,72.05461092364001
