algorithm,makespan,energy,cost,reliability,load_balance
HEFT,518.5,554934.6397878494,0.10626305555555557,0.8174836307161587,108.77387907757695
GA,568.5,563557.8368513632,0.16975500000000002,0.8109698515273035,67.90510375700782
