algorithm,makespan,energy,cost,reliability,load_balance
HEFT,366.51000000000005,1246613.2207579603,0.05122416666666667,0.7464722769999504,61.43209359780541
GA,402.51000000000005,1315699.6955603592,0.06856944444444445,0.7294701720983973,35.34535352593062
