algorithm,makespan,energy,cost,reliability,load_balance
HEFT,150.07999999999998,2229.3,0.07397944444444444,0.9889153920577393,7.973901066246412
GA,156.38,2229.3,0.08097666666666667,0.9889153920577393,13.749115750788173
