algorithm,makespan,energy,cost,reliability,load_balance
HEFT,486.76,251095.80842715097,0.03859805555555556,0.9175292678483111,120.09438781195634
GA,471.96,232253.83610899228,0.04975416666666667,0.9186162658772921,67.21618181817743
