algorithm,makespan,energy,cost,reliability,load_balance
HEFT,420.4599999999999,1445497.06371593,0.06713694444444443,0.7044324752510316,75.17891850165425
GA,446.5,1457133.8091601348,0.10648611111111107,0.692789969529866,31.374054487982278
