algorithm,makespan,energy,cost,reliability,load_balance
HEFT,446.57,824248.0414940547,0.07658111111111113,0.7895775684639502,101.5732817805617
GA,495.57000000000005,839788.0179389393,0.14234138888888892,0.7772935505711934,44.75248067439499
