algorithm,makespan,energy,cost,reliability,load_balance
HEFT,506.85,3985.28,0.09169,0.9802708185840243,13.859175059625114
GA,500.41999999999996,3985.2799999999993,0.09539222222222224,0.9802708185840243,3.5654265756941665
