algorithm,makespan,energy,cost,reliability,load_balance
HEFT,755.3299999999999,316173.54625130736,0.07040249999999999,0.8877119226969765,64.22544894095067
GA,745.37,317952.71571166,0.07371527777777778,0.8880656575862901,89.51569522528811
