algorithm,makespan,energy,cost,reliability,load_balance
HEFT,414.91999999999996,420054.48537067376,0.05899361111111112,0.8714350007442733,105.65576698055814
GA,458.0,416425.2148689957,0.08514944444444443,0.8654490273297117,45.41760381449026
