algorithm,makespan,energy,cost,reliability,load_balance
HEFT,518.9799999999999,908762.5418513237,0.07258027777777777,0.7892984231915341,99.94745807525892
GA,549.98,907738.9945998036,0.12261694444444447,0.7815072907417614,42.33402065405438
