algorithm,makespan,energy,cost,reliability,load_balance
HEFT,76.28,3294.4199999999987,0.15714194444444446,0.9836628232005967,10.44020701326553
GA,99.66,3294.4199999999996,0.11565916666666667,0.9836628232005967,28.902624613979487
