algorithm,makespan,energy,cost,reliability,load_balance
HEFT,613.83,355810.80688464234,0.07503527777777778,0.8715632854179031,97.80355879261244
GA,613.57,350063.7617060808,0.08980666666666667,0.8715814141227777,67.66302597378107
