algorithm,makespan,energy,cost,reliability,load_balance
HEFT,561.6999999999999,1894999.5343243724,0.08568277777777777,0.6388022119390794,86.48394672106141
GA,561.9899999999999,1824883.0283279058,0.11012527777777781,0.6386836612503872,33.8593507631523
