algorithm,makespan,energy,cost,reliability,load_balance
HEFT,646.8899999999999,192308.47549042339,0.05574499999999999,0.9264314723467684,51.60493476080232
GA,476.1,179986.89827767276,0.044824722222222224,0.9327821495371753,38.6154445569818
