algorithm,makespan,energy,cost,reliability,load_balance
HEFT,209.72,692715.8913312989,0.007398055555555555,0.8651312927865088,26.492332275955675
GA,212.72,692084.4588661151,0.007398055555555555,0.8634718342942967,19.148627027510106
