algorithm,makespan,energy,cost,reliability,load_balance
HEFT,251.56,126439.66008109399,0.008495277777777779,0.9681599187792465,87.21924418015294
GA,256.56,113115.81622232616,0.009719444444444444,0.9677727322542022,46.63889408070723
