algorithm,makespan,energy,cost,reliability,load_balance
HEFT,383.80000000000007,2957.419999999999,0.06370611111111113,0.9853216922623824,12.45895762092482
GA,377.56999999999994,2957.4199999999996,0.06013972222222223,0.9853216922623824,6.762353510428126
