algorithm,makespan,energy,cost,reliability,load_balance
HEFT,564.55,207374.04260030112,0.05168777777777778,0.9224866266766634,44.16041770258368
GA,481.47,207992.53060419136,0.04372555555555556,0.9255573336952312,58.7327003607587
