algorithm,makespan,energy,cost,reliability,load_balance
HEFT,1047.81,402597.5455950984,0.10165111111111111,0.856052134418929,55.924738935465626
GA,904.0800000000002,404210.136105212,0.0886252777777778,0.8609879241760283,46.183275021014595
