algorithm,makespan,energy,cost,reliability,load_balance
HEFT,370.1,330814.16652256146,0.028196388888888892,0.9186287591434621,82.79960647803023
GA,325.41999999999996,280216.09996312455,0.02180777777777778,0.925219381870725,50.976657072134486
