algorithm,makespan,energy,cost,reliability,load_balance
HEFT,272.89,172595.6572245227,0.03341194444444445,0.9367728956753868,60.2407251900952
GA,296.27,172775.31616430957,0.044925,0.9350223932315302,43.193769061223236
