algorithm,makespan,energy,cost,reliability,load_balance
HEFT,269.33,4127.0199999999995,0.10837749999999999,0.979576346770048,7.986038598704615
GA,269.24,4127.0199999999995,0.10421500000000002,0.979576346770048,13.504393398869446
