algorithm,makespan,energy,cost,reliability,load_balance
HEFT,505.51,322072.4571225099,0.07412388888888888,0.8816606919474127,70.4450797227376
GA,530.2199999999999,324234.0677454641,0.08894972222222222,0.8799195466066209,57.831538108544194
