algorithm,makespan,energy,cost,reliability,load_balance
HEFT,481.88999999999993,269593.2990724024,0.05558111111111111,0.9059198886249359,111.25421461519043
GA,479.35999999999996,259295.0580982977,0.07086194444444445,0.9061032653674939,75.76655263514556
