algorithm,makespan,energy,cost,reliability,load_balance
HEFT,347.68999999999994,1160496.5377491442,0.033549166666666665,0.7721160626786546,49.4056488678629
GA,360.05999999999995,1174397.687468755,0.03344888888888889,0.7660275069728982,32.66666283368235
