algorithm,makespan,energy,cost,reliability,load_balance
HEFT,675.4600000000002,263543.60084979126,0.06901833333333333,0.9034959965550627,20.18761068081122
GA,601.2800000000001,264971.03860098455,0.060547500000000004,0.9061808311267764,35.24211436619546
