algorithm,makespan,energy,cost,reliability,load_balance
HEFT,683.9499999999998,232441.34154543458,0.05486916666666666,0.9128993914711978,79.09319286976168
GA,586.7099999999999,228710.42162226653,0.05520111111111111,0.9164571195283888,77.3940468748512
