algorithm,makespan,energy,cost,reliability,load_balance
HEFT,1016.99,342497.01526072033,0.08990277777777778,0.8738137733502943,96.38384939916031
GA,839.86,333840.451087086,0.08132388888888889,0.8800269033399345,45.859340288175375
