algorithm,makespan,energy,cost,reliability,load_balance
HEFT,374.02000000000004,347935.21897224756,0.026535,0.9096348715904934,94.77205562119389
GA,391.02000000000004,335340.00424530724,0.033179999999999994,0.9071640266122957,52.01273978555639
