algorithm,makespan,energy,cost,reliability,load_balance
HEFT,476.56999999999994,481960.19715886435,0.07554027777777776,0.8415953181911213,88.84006378505889
GA,518.5699999999999,495064.2058352776,0.11801222222222221,0.8359587577075901,60.2207354101005
