algorithm,makespan,energy,cost,reliability,load_balance
HEFT,887.5199999999999,320237.76138002524,0.07921638888888888,0.8824241878357112,65.58919143680097
GA,810.09,318222.9379945438,0.08111833333333333,0.8851614687954229,61.95624612041418
