algorithm,makespan,energy,cost,reliability,load_balance
HEFT,509.33000000000004,285074.4427974005,0.06250472222222223,0.8971519798538529,88.91975145159981
GA,505.62,276732.23968593014,0.08034611111111112,0.8974182940805498,50.21781725287209
