algorithm,makespan,energy,cost,reliability,load_balance
HEFT,239.10999999999999,3619.359999999999,0.10889388888888889,0.9820659637717623,9.208919589180907
GA,239.5,3619.3599999999988,0.12249972222222222,0.9820659637717623,16.759113512184523
