algorithm,makespan,energy,cost,reliability,load_balance
HEFT,92.78999999999999,1954.84,0.06132833333333333,0.9902734122426906,14.581969174291926
GA,98.44999999999999,1954.8400000000001,0.0454775,0.9902734122426906,31.310489376565165
