algorithm,makespan,energy,cost,reliability,load_balance
HEFT,259.97999999999996,253018.03757981383,0.02380388888888889,0.9301717801991947,73.05213838702235
GA,268.97999999999996,238088.36504572828,0.029553055555555555,0.9288332967750631,40.47871378370777
