algorithm,makespan,energy,cost,reliability,load_balance
HEFT,1019.9699999999999,397344.2603998157,0.10670055555555553,0.8581444817695442,43.4716804368085
GA,841.97,402336.88848771335,0.08830166666666667,0.8642762737552748,33.083974972787004
