algorithm,makespan,energy,cost,reliability,load_balance
HEFT,60.34,2745.1000000000004,0.11885055555555558,0.9863682651935098,8.770229972478562
GA,82.91,2745.1,0.09282916666666667,0.9863682651935098,24.749368546441357
