algorithm,makespan,energy,cost,reliability,load_balance
HEFT,573.25,972891.7563366769,0.05131611111111111,0.7845840297917006,89.96267405196801
GA,562.9900000000001,925417.506456598,0.08749722222222224,0.787164209383398,47.628586292877365
