algorithm,makespan,energy,cost,reliability,load_balance
HEFT,513.0199999999999,1740504.2831468557,0.07357916666666667,0.6578436433381875,82.3433267834972
GA,568.0199999999999,1846029.351466497,0.15815666666666664,0.6350903542844532,35.90488474168232
