algorithm,makespan,energy,cost,reliability,load_balance
HEFT,524.9499999999999,1771189.9553671777,0.08827277777777777,0.6571322414539186,80.75005805304684
GA,559.9499999999999,1818371.9664077146,0.11015277777777781,0.6425761164800741,35.594761376854294
