algorithm,makespan,energy,cost,reliability,load_balance
HEFT,425.08000000000004,413795.0197845112,0.05217500000000002,0.8799403129529627,107.4906065333928
GA,450.08000000000004,397261.7287815501,0.09011166666666666,0.876427581847003,42.67487644485141
