algorithm,makespan,energy,cost,reliability,load_balance
HEFT,123.14,3040.66,0.11199055555555557,0.9849116867021385,12.864011022357428
GA,123.91,3040.659999999999,0.1201877777777778,0.9849116867021385,26.344317152851012
