algorithm,makespan,energy,cost,reliability,load_balance
HEFT,462.65000000000003,3551.9,0.07174555555555558,0.9823972704930799,20.096537637115524
GA,450.4200000000001,3551.9,0.07030027777777777,0.9823972704930799,5.630259763101554
