algorithm,makespan,energy,cost,reliability,load_balance
HEFT,898.6899999999997,270320.3006709766,0.07612833333333331,0.8982101661801901,76.19602105753293
GA,673.47,253715.36717299954,0.06515833333333335,0.9063385203099535,40.565274455704945
