algorithm,makespan,energy,cost,reliability,load_balance
HEFT,552.3299999999999,971793.5041732296,0.07603222222222222,0.7691805127706233,105.1908689750484
GA,534.8499999999999,902053.4207347853,0.11661694444444447,0.773495056553331,57.97854107687796
