algorithm,makespan,energy,cost,reliability,load_balance
HEFT,516.9399999999999,542885.5382829729,0.10208166666666667,0.8173675562820769,87.87176913927853
GA,580.77,566642.978425194,0.15142583333333332,0.8090624264046689,51.50210803129
