algorithm,makespan,energy,cost,reliability,load_balance
HEFT,1133.89,414464.5239661696,0.11249861111111112,0.8506545219432159,61.553554460052624
GA,945.0500000000002,413008.4992328449,0.09637583333333334,0.8571043550024179,5.933256553810359
