algorithm,makespan,energy,cost,reliability,load_balance
HEFT,121.83,5385.04,0.22353833333333337,0.9734340516682682,13.976981018342148
GA,138.20999999999998,5385.04,0.1900022222222222,0.9734340516682682,34.914833593169384
