algorithm,makespan,energy,cost,reliability,load_balance
HEFT,636.84,1118446.0876044221,0.09997083333333333,0.7290393284044807,111.82117505655283
GA,607.6899999999999,1032789.6384176143,0.1504805555555555,0.7358716235437038,62.609726215937705
