algorithm,makespan,energy,cost,reliability,load_balance
HEFT,457.00000000000006,1606570.3163238515,0.09217416666666668,0.6664605039559801,92.02402063703992
GA,504.4800000000001,1655737.9973041546,0.17154749999999996,0.6465132409535423,36.409691273763826
