algorithm,makespan,energy,cost,reliability,load_balance
HEFT,233.23000000000002,781361.3442524547,0.015909722222222224,0.8419401062412245,34.87444740985665
GA,241.23000000000002,786762.4167806656,0.01769361111111111,0.8376403895648312,22.07435521897148
