algorithm,makespan,energy,cost,reliability,load_balance
HEFT,812.2399999999999,305806.93487146654,0.07718416666666666,0.8882688702553887,54.86377219987696
GA,727.9199999999998,304732.7729970327,0.0745936111111111,0.8912698815615496,32.079257576612726
