algorithm,makespan,energy,cost,reliability,load_balance
HEFT,58.3,1824.2399999999998,0.02533666666666667,0.9909202719575965,15.261741275955163
GA,70.41,1824.2399999999996,0.04904388888888889,0.9909202719575965,23.13400495988256
