algorithm,makespan,energy,cost,reliability,load_balance
HEFT,362.79999999999995,625545.9995589856,0.02901888888888889,0.8605041849061085,67.37807008984639
GA,370.34,611174.0938596964,0.03141972222222222,0.8584304631527224,38.61688474096239
