algorithm,makespan,energy,cost,reliability,load_balance
HEFT,345.33,185934.27564937883,0.03110083333333333,0.9422163121824039,110.58592049849746
GA,358.3299999999999,168190.7840538051,0.04076416666666667,0.9412369165917175,37.04360960408689
