algorithm,makespan,energy,cost,reliability,load_balance
HEFT,249.76000000000002,835151.4515534914,0.018488055555555556,0.8342044189520378,36.780654270573116
GA,257.99,838180.1586107988,0.014882222222222224,0.8298220489779115,21.101841904109502
