algorithm,makespan,energy,cost,reliability,load_balance
HEFT,896.09,373117.3383700299,0.08981555555555557,0.8684222669107668,48.931260628218745
GA,869.46,376660.1066179008,0.09106555555555557,0.8693478031625745,104.33568165621318
