algorithm,makespan,energy,cost,reliability,load_balance
HEFT,287.52,267982.57975097385,0.01882861111111111,0.9333599070994503,76.84057415356814
GA,292.52,251248.48157390946,0.026136388888888886,0.9326135177693101,44.58254706627545
