algorithm,makespan,energy,cost,reliability,load_balance
HEFT,71.25,1074.6599999999999,0.02952777777777778,0.994641110354506,15.968522669614746
GA,55.84,1074.66,0.025583611111111113,0.994641110354506,16.39248718925838
