algorithm,makespan,energy,cost,reliability,load_balance
HEFT,557.51,346094.03729081096,0.08739916666666667,0.8720696364041663,54.619675010148924
GA,534.9,342090.1720882408,0.09342777777777778,0.8736484634231887,53.46852997992639
