algorithm,makespan,energy,cost,reliability,load_balance
HEFT,203.53,2998.9800000000005,0.08466194444444444,0.985116963686766,11.050789160572586
GA,209.96,2998.9799999999996,0.07890305555555556,0.985116963686766,22.796727796205445
