algorithm,makespan,energy,cost,reliability,load_balance
HEFT,449.96,246223.37701128988,0.05263305555555555,0.9111337279630751,78.92985674454431
GA,435.66,235076.7373180921,0.06658583333333333,0.9121766613920425,38.721582390924354
