algorithm,makespan,energy,cost,reliability,load_balance
HEFT,309.73,4391.340000000001,0.13831666666666664,0.9782825937704475,15.474320144309138
GA,303.84000000000003,4391.34,0.12874888888888888,0.9782825937704475,23.862168765941743
