algorithm,makespan,energy,cost,reliability,load_balance
HEFT,425.3500000000001,268898.2725755261,0.06264250000000002,0.8996736432778576,51.39490573699196
GA,431.27000000000004,270376.55705242656,0.07174027777777778,0.8992476587215064,54.115574665973696
