algorithm,makespan,energy,cost,reliability,load_balance
HEFT,613.6300000000001,1088349.836856086,0.096365,0.7452344590344963,122.78503021237576
GA,663.6300000000001,1100250.5071952748,0.21126750000000002,0.7334055909824688,47.07729059127472
