algorithm,makespan,energy,cost,reliability,load_balance
HEFT,104.56,4711.639999999999,0.22367361111111114,0.9767171280777699,12.81441525417573
GA,135.2,4711.639999999999,0.21638138888888894,0.9767171280777699,39.78561670215718
