algorithm,makespan,energy,cost,reliability,load_balance
HEFT,255.74,434696.69132712914,0.0182975,0.9015404208655518,42.48435791369229
GA,259.65000000000003,430058.76703254384,0.017230833333333334,0.9004131188781541,30.407985203115693
