algorithm,makespan,energy,cost,reliability,load_balance
HEFT,50.99,1071.6399999999999,0.014883888888888891,0.9946561295486669,16.79240360852528
GA,50.99,1071.6399999999999,0.02280222222222223,0.9946561295486669,18.90800580356749
