algorithm,makespan,energy,cost,reliability,load_balance
HEFT,481.08,869022.5232393781,0.08378777777777778,0.7778487363440362,97.19670980218912
GA,536.0799999999999,911070.2021340098,0.13882666666666665,0.7642783681193881,57.11730913499497
