algorithm,makespan,energy,cost,reliability,load_balance
HEFT,550.1,538357.6235048175,0.08375555555555557,0.8355920194729611,119.1294937854742
GA,587.1,537763.1044966787,0.1423011111111111,0.8306599281124373,69.26675197801131
