algorithm,makespan,energy,cost,reliability,load_balance
HEFT,846.9499999999999,509762.67867052363,0.12285333333333334,0.8198751552582985,125.67558744072542
GA,865.66,506845.7386271746,0.1461877777777778,0.8186488840961914,86.6145439370812
