algorithm,makespan,energy,cost,reliability,load_balance
HEFT,540.89,574863.1803878791,0.10428472222222222,0.8100727666339909,105.63962690045182
GA,612.03,605015.0033495091,0.17067083333333333,0.8009044719597725,83.56314968333831
