algorithm,makespan,energy,cost,reliability,load_balance
HEFT,203.92000000000002,6094.68,0.23668194444444443,0.9699862333578592,7.5123967546981945
GA,228.01,6094.68,0.20866222222222225,0.9699862333578592,27.376175012834306
