algorithm,makespan,energy,cost,reliability,load_balance
HEFT,976.7600000000003,398068.1832794137,0.09389583333333336,0.859703256379322,74.46051168236764
GA,939.1500000000002,399913.2574775063,0.09620250000000002,0.8609975672947805,97.23240920598442
