algorithm,makespan,energy,cost,reliability,load_balance
HEFT,340.91999999999996,595698.22489147,0.025973888888888887,0.8691506574379876,70.08898676127208
GA,362.92,592363.2086134686,0.03395277777777778,0.8630533246039767,27.52414565893067
