algorithm,makespan,energy,cost,reliability,load_balance
HEFT,309.25000000000006,285045.8958447858,0.020151666666666672,0.9288682215636037,78.88302210393566
GA,318.25000000000006,276372.32681853895,0.023477222222222226,0.9275316139130263,55.50283166575078
