algorithm,makespan,energy,cost,reliability,load_balance
HEFT,391.92,137452.26301285977,0.033903611111111114,0.9482290424018482,63.19276198004537
GA,345.71000000000004,135302.96306152554,0.030394722222222226,0.9499833698137342,55.3916494909958
