algorithm,makespan,energy,cost,reliability,load_balance
HEFT,259.94,1874.44,0.049758055555555555,0.9906715821812077,17.149628761774018
GA,242.13,1874.4399999999998,0.041586111111111115,0.9906715821812077,5.449119194879112
