algorithm,makespan,energy,cost,reliability,load_balance
HEFT,447.71,414450.99524245603,0.030969444444444442,0.8961681645213457,114.1920447900524
GA,459.71,385383.98451197497,0.05681916666666668,0.8944491724059698,40.49295477816686
