algorithm,makespan,energy,cost,reliability,load_balance
HEFT,92.22,1867.0999999999997,0.0854166666666667,0.9907079404954446,16.21140656811329
GA,90.82,1867.1,0.05844666666666666,0.9907079404954446,22.969465446907265
