algorithm,makespan,energy,cost,reliability,load_balance
HEFT,580.2499999999999,329293.16418785,0.08941333333333333,0.8786512655567787,61.46397597664128
GA,514.22,315317.17720042006,0.08992166666666666,0.8833049334483641,61.198228499104204
