algorithm,makespan,energy,cost,reliability,load_balance
HEFT,276.83,4316.420000000001,0.10007861111111112,0.9786491270774761,4.795637712695628
GA,285.20000000000005,4316.42,0.11633250000000003,0.9786491270774761,19.322278730966058
