algorithm,makespan,energy,cost,reliability,load_balance
HEFT,1057.1000000000001,358797.99190237443,0.09633888888888889,0.8677226005670508,51.42195477938725
GA,919.2800000000002,357549.58737272647,0.08327416666666669,0.8725193914455823,124.80693076374672
