algorithm,makespan,energy,cost,reliability,load_balance
HEFT,787.4200000000002,6075.8799999999965,0.11525333333333333,0.9700774163493282,23.109273030539168
GA,765.96,6075.879999999999,0.11589972222222224,0.9700774163493282,7.892775177337848
