algorithm,makespan,energy,cost,reliability,load_balance
HEFT,1131.1,427798.2289275926,0.11436833333333332,0.847244127302722,58.93133433638398
GA,1027.9899999999998,428454.23776495876,0.10249916666666667,0.8507457169959357,84.27573335980715
