algorithm,makespan,energy,cost,reliability,load_balance
HEFT,843.29,339497.64900568005,0.08677861111111111,0.8783856015844915,29.05784733366649
GA,746.6800000000001,342613.27627631644,0.07481777777777779,0.8817866020839926,40.9152207823283
