algorithm,makespan,energy,cost,reliability,load_balance
HEFT,58.519999999999996,1222.04,0.02928666666666668,0.9939084293097717,11.566543635272668
GA,61.480000000000004,1222.04,0.03778027777777779,0.9939084293097717,17.40268595169531
