algorithm,makespan,energy,cost,reliability,load_balance
HEFT,244.68,227628.22388425702,0.016344444444444446,0.9422377949592243,64.20777035011676
GA,249.34000000000003,225270.0601588193,0.020916111111111114,0.941535524298339,56.65693885130047
