algorithm,makespan,energy,cost,reliability,load_balance
HEFT,466.97999999999996,457828.92042485764,0.06949638888888889,0.862828614776739,111.43144672847068
GA,481.97999999999996,449812.41976845515,0.10023916666666666,0.8607603090609205,82.62998567913063
