algorithm,makespan,energy,cost,reliability,load_balance
HEFT,430.95,250688.45657268824,0.04381555555555555,0.9124423259147171,108.40742011372784
GA,459.79,244070.50462167512,0.06385,0.910339565657379,55.26466754239484
