algorithm,makespan,energy,cost,reliability,load_balance
HEFT,204.17,3090.899999999999,0.09275944444444445,0.9846643079585099,6.874812075353659
GA,215.85999999999999,3090.8999999999996,0.09934222222222222,0.9846643079585099,28.149166664904516
