algorithm,makespan,energy,cost,reliability,load_balance
HEFT,577.12,551544.6145688938,0.06131611111111111,0.8514248830293044,149.49194412520475
GA,605.17,520411.90607597865,0.10304999999999999,0.8476122501021055,49.13532115494921
