algorithm,makespan,energy,cost,reliability,load_balance
HEFT,503.50000000000006,1700389.7327507448,0.07518305555555556,0.6653577586865203,77.47987101627373
GA,529.5,1727178.119282341,0.10579444444444448,0.654377812089249,40.372679195178826
