algorithm,makespan,energy,cost,reliability,load_balance
HEFT,398.26,218319.17403203936,0.03450888888888889,0.9298325154194362,122.12958532845349
GA,416.26,210801.0882861673,0.04202500000000001,0.9284945201850066,87.6410511180202
