algorithm,makespan,energy,cost,reliability,load_balance
HEFT,69.4,3073.7200000000003,0.13092055555555557,0.984748894255493,9.308790308956855
GA,80.87,3073.7199999999993,0.1053161111111111,0.984748894255493,22.639217819256523
