algorithm,makespan,energy,cost,reliability,load_balance
HEFT,514.74,905953.1617127092,0.06527694444444444,0.7873764574640035,100.97461477336284
GA,562.74,933994.7130824181,0.11307194444444446,0.7753747640447821,51.187814038581365
