algorithm,makespan,energy,cost,reliability,load_balance
HEFT,378.05999999999995,1270406.14952653,0.043928611111111106,0.7476206365872039,57.15546154740963
GA,400.65,1301362.6166729063,0.05016333333333333,0.7368895959364937,29.25069458839858
