algorithm,makespan,energy,cost,reliability,load_balance
HEFT,604.56,1068178.3089850468,0.10165638888888887,0.7377174402396326,109.30813839303828
GA,643.3499999999998,1072713.3316546201,0.19158999999999995,0.7286168996414188,35.65783390717406
