algorithm,makespan,energy,cost,reliability,load_balance
HEFT,124.99,5373.259999999999,0.2965538888888889,0.9734913886224682,11.55105419972567
GA,132.59,5373.26,0.2681352777777777,0.9734913886224682,34.22048794305078
