algorithm,makespan,energy,cost,reliability,load_balance
HEFT,97.54,2636.34,0.0962475,0.9869047981262046,12.247632679420132
GA,134.91,2636.34,0.07788833333333332,0.9869047981262046,39.37786027177369
