algorithm,makespan,energy,cost,reliability,load_balance
HEFT,411.61999999999995,400609.456901997,0.03531333333333333,0.8932796403834875,117.5484600902255
GA,435.61999999999995,373553.73327670904,0.05750416666666666,0.8898560241145899,39.0560737434013
