algorithm,makespan,energy,cost,reliability,load_balance
HEFT,217.39999999999998,3276.76,0.0793213888888889,0.9837496844627537,10.090158925550035
GA,225.37,3276.7600000000007,0.084915,0.9837496844627537,28.872011533663525
