algorithm,makespan,energy,cost,reliability,load_balance
HEFT,548.6300000000001,299159.32074439974,0.046802500000000004,0.8976017451279182,128.6816544533725
GA,586.1100000000001,293627.229769156,0.0739802777777778,0.8949144069261129,60.34819390124993
