algorithm,makespan,energy,cost,reliability,load_balance
HEFT,143.1,3791.1199999999994,0.13763694444444444,0.9812229275736327,14.533059095271948
GA,152.79999999999998,3791.119999999998,0.1341966666666667,0.9812229275736327,35.95067036927128
