algorithm,makespan,energy,cost,reliability,load_balance
HEFT,549.4000000000001,515994.4546596287,0.06959083333333337,0.8494209473991515,115.08951324766014
GA,509.89,459375.90964717884,0.10488388888888892,0.8548076552274294,52.244690890558445
