algorithm,makespan,energy,cost,reliability,load_balance
HEFT,120.80999999999999,208741.28689678005,0.006470277777777778,0.9532218607083698,23.410010677041424
GA,125.80999999999999,212931.11763770765,0.007965555555555556,0.9516979252047455,20.45260216654752
