algorithm,makespan,energy,cost,reliability,load_balance
HEFT,375.90999999999997,656164.6812534914,0.03124083333333334,0.8518633094003533,74.99376328840457
GA,389.90999999999997,641944.1307737682,0.03614888888888889,0.84805549764127,35.568211385864146
