algorithm,makespan,energy,cost,reliability,load_balance
HEFT,264.76,450720.4272926424,0.0084875,0.9076057415651472,47.12514451826042
GA,277.76,453012.74103542627,0.0084875,0.9038379441325606,26.002966841816566
