algorithm,makespan,energy,cost,reliability,load_balance
HEFT,44.01,591.02,0.008208611111111111,0.9970492620102216,15.536668174473885
GA,44.01,591.0199999999999,0.008208611111111111,0.9970492620102216,15.536668174473885
