algorithm,makespan,energy,cost,reliability,load_balance
HEFT,557.8100000000001,1862868.4258439254,0.060707222222222225,0.6525716091390151,78.35358244803155
GA,586.8100000000001,1900761.2811983437,0.07662083333333332,0.6405715847718438,37.19498869508872
