algorithm,makespan,energy,cost,reliability,load_balance
HEFT,408.34,419023.30871332716,0.06861527777777779,0.8629211149621644,87.11121699681773
GA,449.34,433624.29167223035,0.09842250000000001,0.8572788792150583,68.27104574171005
