algorithm,makespan,energy,cost,reliability,load_balance
HEFT,156.09,4050.0199999999986,0.1665986111111111,0.9799535562717242,14.704566963475441
GA,166.92,4050.02,0.14974888888888888,0.9799535562717242,29.329646143734266
