algorithm,makespan,energy,cost,reliability,load_balance
HEFT,328.4100000000001,169535.1068176974,0.019454166666666675,0.9531928832042645,112.55941274817621
GA,331.4100000000001,153938.0031079328,0.022621388888888892,0.9529641443620546,69.86231519158648
