algorithm,makespan,energy,cost,reliability,load_balance
HEFT,423.80999999999995,3257.4,0.061983055555555555,0.9838449160413437,13.446834819639403
GA,410.2,3257.3999999999996,0.05939416666666668,0.9838449160413437,4.238226830487816
