algorithm,makespan,energy,cost,reliability,load_balance
HEFT,615.8299999999999,211830.19831771753,0.05977777777777778,0.9200058962428213,47.82243850955323
GA,502.12000000000006,207886.3510117104,0.049399444444444454,0.9241999820205866,11.974713288147372
