algorithm,makespan,energy,cost,reliability,load_balance
HEFT,371.73,2836.9600000000005,0.053067222222222224,0.9859153302737733,12.88494211602573
GA,361.88,2836.9600000000005,0.05692611111111112,0.9859153302737733,5.1263697356576525
