algorithm,makespan,energy,cost,reliability,load_balance
HEFT,603.8,218179.92894998344,0.049757222222222224,0.9194636206449519,98.70166395085074
GA,586.3299999999999,220118.64390360378,0.05546888888888889,0.9201063663722603,121.18915160469876
