algorithm,makespan,energy,cost,reliability,load_balance
HEFT,1163.7,398171.5585803902,0.11601500000000001,0.8545584296540196,65.94573223492178
GA,907.08,395457.82166953303,0.09008833333333334,0.8633754762144702,99.07913941222282
