algorithm,makespan,energy,cost,reliability,load_balance
HEFT,1127.8400000000004,424082.3321304441,0.11863861111111115,0.8481525207398155,39.16477275562826
GA,929.3100000000001,426645.94463634316,0.0962888888888889,0.8549146838457156,33.200756391986005
