algorithm,makespan,energy,cost,reliability,load_balance
HEFT,761.5600000000001,5939.220000000001,0.11982305555555557,0.970740496763544,12.88618478578257
GA,757.4499999999998,5939.220000000002,0.12491000000000002,0.970740496763544,25.241552217194002
