algorithm,makespan,energy,cost,reliability,load_balance
HEFT,258.69,450591.2851675751,0.024306666666666667,0.8990699849388908,52.05941763132683
GA,264.69,438171.2548264008,0.025703333333333335,0.8973454266735272,30.017248099513417
