algorithm,makespan,energy,cost,reliability,load_balance
HEFT,199.36,670861.595505618,0.017475,0.8603389839624045,30.992803235282743
GA,214.36,697484.2609628662,0.016402222222222224,0.8521192475784869,17.65043175873727
