algorithm,makespan,energy,cost,reliability,load_balance
HEFT,317.1,170652.91999369286,0.029029166666666665,0.9448907184757772,94.34316652329865
GA,328.1000000000001,164177.95797013107,0.0411738888888889,0.9440595803979089,67.0214275837
