algorithm,makespan,energy,cost,reliability,load_balance
HEFT,310.09000000000003,2322.2200000000003,0.05346472222222222,0.9884560486803184,21.490510114932142
GA,295.40999999999997,2322.2200000000003,0.058022500000000005,0.9884560486803184,7.280303908491724
