algorithm,makespan,energy,cost,reliability,load_balance
HEFT,486.35999999999996,166875.0075252899,0.04009638888888889,0.9373163815505465,77.81428189392143
GA,440.98,162190.49956914145,0.04506027777777778,0.9390193433869019,44.51570584261996
