algorithm,makespan,energy,cost,reliability,load_balance
HEFT,479.89,472593.9973743983,0.07147138888888889,0.8521567416502438,101.70560029647663
GA,476.88,450348.1711122295,0.10907861111111111,0.8525672391768927,62.12271885818692
