algorithm,makespan,energy,cost,reliability,load_balance
HEFT,692.55,438132.23133347766,0.11739222222222225,0.8413687912233622,76.01657289931677
GA,722.99,444006.9671918007,0.12650722222222224,0.8393223826613408,79.22363381818043
