algorithm,makespan,energy,cost,reliability,load_balance
HEFT,412.78999999999996,6113.240000000003,0.16924555555555557,0.9698962228119575,15.445607558692624
GA,414.44999999999993,6113.2400000000025,0.18166555555555558,0.9698962228119575,32.741953755301246
