algorithm,makespan,energy,cost,reliability,load_balance
HEFT,132.01,964.6999999999998,0.021424444444444447,0.9951881143946104,7.9184610247193845
GA,123.8,964.6999999999998,0.022714999999999996,0.9951881143946104,4.882699902035076
