algorithm,makespan,energy,cost,reliability,load_balance
HEFT,235.09999999999997,86001.63887707358,0.023503055555555555,0.9689188662083699,70.34390781486813
GA,232.38,88053.72553576039,0.019098333333333332,0.9690242903159808,81.27583015058454
