algorithm,makespan,energy,cost,reliability,load_balance
HEFT,469.92,1631491.2743871298,0.10172583333333335,0.6536630986067709,84.4354209670852
GA,516.92,1703140.9379014156,0.2051658333333334,0.6342936889635081,40.25975566974173
