algorithm,makespan,energy,cost,reliability,load_balance
HEFT,596.79,592125.6574506945,0.12517111111111112,0.8088964238272176,101.13421260673033
GA,555.2299999999999,549062.0420906651,0.1685894444444444,0.8142931847520407,58.45568646062875
