algorithm,makespan,energy,cost,reliability,load_balance
HEFT,204.98000000000002,6080.419999999999,0.1914819444444444,0.9700553958419108,10.039679090986931
GA,250.87,6080.419999999997,0.19350916666666668,0.9700553958419108,42.37689712075831
