algorithm,makespan,energy,cost,reliability,load_balance
HEFT,396.96,693969.7444326885,0.04500888888888888,0.8399799974397734,78.2380424640652
GA,420.41999999999996,692482.572356215,0.047180277777777765,0.8336977103007595,35.69499212498049
