algorithm,makespan,energy,cost,reliability,load_balance
HEFT,82.75,2487.96,0.07111972222222224,0.9876372544670178,11.821792052760431
GA,69.36,2487.96,0.06287527777777778,0.9876372544670178,21.025484987310353
