algorithm,makespan,energy,cost,reliability,load_balance
HEFT,428.73,783931.2197653535,0.07968361111111114,0.8005057208300089,94.66862347613879
GA,465.73,789050.718764091,0.12172861111111109,0.7910836219904693,44.794826313038904
