algorithm,makespan,energy,cost,reliability,load_balance
HEFT,398.71,691455.7980236262,0.02820861111111111,0.8491016251592727,77.89394608176887
GA,417.71,684598.1664551962,0.028488888888888883,0.8439547496350098,37.08376773924008
