algorithm,makespan,energy,cost,reliability,load_balance
HEFT,713.4800000000001,5633.1799999999985,0.11719916666666665,0.9722270609518847,8.475027531912113
GA,714.3800000000001,5633.179999999999,0.1147877777777778,0.9722270609518847,11.690946283342631
