algorithm,makespan,energy,cost,reliability,load_balance
HEFT,925.3,423739.34112179826,0.09598805555555556,0.8557467495012775,38.44082595366542
GA,866.2600000000001,429098.2571745203,0.09017555555555556,0.8577700692204603,63.84077928722366
