algorithm,makespan,energy,cost,reliability,load_balance
HEFT,313.88,106131.98588632599,0.020269722222222224,0.9631478002391562,113.25875429740519
GA,326.88,98287.53435511503,0.022543055555555556,0.9626470935780463,57.67174719912687
