algorithm,makespan,energy,cost,reliability,load_balance
HEFT,339.73,176497.3615518206,0.03471944444444445,0.941548329268543,86.69014196715631
GA,351.73,174033.32141130982,0.03218888888888889,0.9406448765991117,67.53739704785787
