algorithm,makespan,energy,cost,reliability,load_balance
HEFT,125.52,1724.9599999999996,0.05690305555555556,0.9914122868885988,9.69502670739709
GA,119.62,1724.9599999999996,0.06817444444444445,0.9914122868885988,10.010366055815773
