algorithm,makespan,energy,cost,reliability,load_balance
HEFT,591.53,387367.4818352408,0.09230888888888888,0.8590841491826137,73.23287112014658
GA,657.81,396783.21206731425,0.11959611111111111,0.8545409968398701,59.76278714037453
