algorithm,makespan,energy,cost,reliability,load_balance
HEFT,336.99999999999994,131508.77735905047,0.028048333333333335,0.9519286447438936,72.92889339395371
GA,328.2,127939.90764777575,0.030744999999999998,0.952263782607647,38.199422661431235
