algorithm,makespan,energy,cost,reliability,load_balance
HEFT,53.67,660.56,0.009174444444444445,0.9967026482441159,18.710947775745264
GA,53.67,660.5600000000001,0.011257222222222222,0.9967026482441159,20.967100419466686
