algorithm,makespan,energy,cost,reliability,load_balance
HEFT,261.2,236330.91833843797,0.00991527777777778,0.9454729504674008,65.07918627526008
GA,265.2,226507.0722096531,0.009915277777777778,0.9448680413706602,44.784747473330704
