algorithm,makespan,energy,cost,reliability,load_balance
HEFT,500.4899999999999,890101.4900797218,0.07397305555555554,0.7850495831076347,100.99056083676831
GA,511.4699999999999,855910.8770602378,0.10549111111111112,0.7822960730915852,44.44974586155986
