algorithm,makespan,energy,cost,reliability,load_balance
HEFT,101.13,4026.8399999999997,0.2240602777777778,0.9800671394709153,12.304994248992639
GA,113.32,4026.8400000000006,0.17887416666666667,0.9800671394709153,32.0250502694073
