algorithm,makespan,energy,cost,reliability,load_balance
HEFT,280.40999999999997,89777.76498698333,0.01937888888888889,0.9677162159769299,84.8258895227945
GA,264.84000000000003,83814.31196193927,0.018424722222222224,0.968319097354014,54.139857775949125
