algorithm,makespan,energy,cost,reliability,load_balance
HEFT,413.21,417182.36659325764,0.056216666666666686,0.8771356706498756,113.4200771689034
GA,429.21,398999.5705598658,0.07693833333333334,0.8748930750800973,70.16112331626397
