algorithm,makespan,energy,cost,reliability,load_balance
HEFT,581.8199999999999,198081.2149118284,0.05173305555555556,0.9256869207928338,83.11869204136129
GA,568.43,197030.27947152682,0.051307777777777785,0.9261828515059999,79.65119563865105
