algorithm,makespan,energy,cost,reliability,load_balance
HEFT,381.38,2939.780000000001,0.05938555555555555,0.9854086014682797,11.031540765761894
GA,376.86999999999995,2939.7799999999997,0.06567972222222222,0.9854086014682797,10.94730522396568
