algorithm,makespan,energy,cost,reliability,load_balance
HEFT,626.0099999999999,346816.37870002066,0.07266583333333333,0.8787999459289157,127.90914537140354
GA,620.0299999999999,331322.01517668494,0.09939055555555557,0.8792204644030469,62.70247373509278
