algorithm,makespan,energy,cost,reliability,load_balance
HEFT,259.86999999999995,3739.339999999999,0.11033694444444447,0.9814769990777186,11.869359637920038
GA,250.54999999999998,3739.3399999999997,0.10148638888888888,0.9814769990777186,15.007899289088678
