algorithm,makespan,energy,cost,reliability,load_balance
HEFT,598.73,582366.8961468443,0.07335194444444448,0.8286422176976319,138.3561612153575
GA,653.73,586923.835084821,0.1367325,0.8213821572991753,75.78297081963731
