algorithm,makespan,energy,cost,reliability,load_balance
HEFT,136.2,3739.1400000000003,0.18499611111111114,0.9814779805552084,10.856084142851268
GA,157.15,3739.140000000001,0.15382583333333336,0.9814779805552084,31.19519027430351
