algorithm,makespan,energy,cost,reliability,load_balance
HEFT,410.0,307700.07395121956,0.06632138888888889,0.889006083864076,61.750301792206436
GA,489.24,317481.5536750879,0.08716000000000002,0.8833883213699296,69.01867035188997
