algorithm,makespan,energy,cost,reliability,load_balance
HEFT,171.0,4863.399999999998,0.18356000000000003,0.9759762762357206,10.562459861856674
GA,185.4,4863.400000000001,0.16342305555555559,0.9759762762357206,24.649657164620635
