algorithm,makespan,energy,cost,reliability,load_balance
HEFT,501.58,522951.6424697955,0.09679583333333333,0.8267596954535039,95.8485991355638
GA,573.13,544878.6247273743,0.1457275,0.8173489205142422,38.7146130410297
