algorithm,makespan,energy,cost,reliability,load_balance
HEFT,534.1600000000001,299342.5557510859,0.05084638888888889,0.8976534484774797,133.7143854853108
GA,533.5500000000001,280140.3440352357,0.07398722222222223,0.8976972550346367,57.91937795640716
