algorithm,makespan,energy,cost,reliability,load_balance
HEFT,371.74,338906.6375423684,0.031384722222222224,0.9108378397830743,85.40246331341972
GA,379.27,328268.1231312785,0.04148305555555556,0.9097411231484653,57.34913245493199
