algorithm,makespan,energy,cost,reliability,load_balance
HEFT,591.22,220314.9688779135,0.054489722222222224,0.918072238758129,45.16815913893326
GA,514.56,219287.98394745027,0.05016805555555555,0.9208917361151389,22.216874967765683
