algorithm,makespan,energy,cost,reliability,load_balance
HEFT,447.37,255692.17931466125,0.04896972222222222,0.911109674350166,111.35651613495408
GA,475.37,248554.721459074,0.06420916666666668,0.9090710727658032,54.92789117171193
