algorithm,makespan,energy,cost,reliability,load_balance
HEFT,183.3,2751.1,0.09067277777777778,0.9863386745894154,10.306967043842594
GA,190.74,2751.0999999999995,0.09715944444444445,0.9863386745894154,26.7248530331386
