algorithm,makespan,energy,cost,reliability,load_balance
HEFT,379.25999999999993,2940.02,0.06850527777777778,0.9854074189786673,8.000859849624463
GA,376.52,2940.02,0.05922138888888889,0.9854074189786673,6.197157278408642
