algorithm,makespan,energy,cost,reliability,load_balance
HEFT,578.5500000000001,228583.44115461066,0.054853888888888896,0.9162185051634022,44.12566675605783
GA,529.71,229118.26372921033,0.05281916666666667,0.9180101791724267,41.9877609151365
