algorithm,makespan,energy,cost,reliability,load_balance
HEFT,307.51000000000005,101265.57497317162,0.018781111111111113,0.9646244735120341,107.07375479858109
GA,315.07000000000005,94677.2267750024,0.023576388888888893,0.9643328151722075,62.92515686644467
