algorithm,makespan,energy,cost,reliability,load_balance
HEFT,162.82,1074.22,0.022889166666666665,0.9946432985673558,19.105500734954138
GA,144.10000000000002,1074.22,0.01869916666666667,0.9946432985673558,7.967853642397485
