algorithm,makespan,energy,cost,reliability,load_balance
HEFT,527.12,4097.42,0.08907805555555556,0.9797213347982193,11.144201407009906
GA,514.0699999999999,4097.419999999999,0.07566166666666668,0.9797213347982193,3.0326817065648934
