algorithm,makespan,energy,cost,reliability,load_balance
HEFT,839.45,297628.6170707011,0.08133722222222223,0.8898225661570967,53.71314984867927
GA,761.78,296229.72535377665,0.07609583333333333,0.8925913657318079,72.03182491093776
