algorithm,makespan,energy,cost,reliability,load_balance
HEFT,519.7800000000001,4023.54,0.08717111111111109,0.980083310712129,11.231234348903977
GA,517.1400000000001,4023.5400000000004,0.08141305555555554,0.980083310712129,12.719280312449596
