algorithm,makespan,energy,cost,reliability,load_balance
HEFT,815.4200000000001,299921.39583282237,0.07734027777777779,0.8897321647768429,50.231356325838384
GA,697.1500000000001,299262.8348992326,0.0677938888888889,0.8939512817324009,44.88757391157007
