algorithm,makespan,energy,cost,reliability,load_balance
HEFT,462.45,869556.2518758784,0.08493583333333334,0.781684556696501,115.1013188736411
GA,494.38999999999993,846416.6573757558,0.162265,0.7737358056735505,52.379087737932814
