algorithm,makespan,energy,cost,reliability,load_balance
HEFT,376.98,644011.721815481,0.01964916666666667,0.8653818710908867,67.86341601307515
GA,391.34000000000003,635952.292303368,0.0179,0.8614143909805462,29.61029072526437
