algorithm,makespan,energy,cost,reliability,load_balance
HEFT,53.72,1332.1800000000003,0.0185025,0.9933612346216373,19.6091551995778
GA,53.72,1332.1800000000003,0.020855,0.9933612346216373,20.787956498488846
