algorithm,makespan,energy,cost,reliability,load_balance
HEFT,619.27,378906.67308282334,0.08571472222222222,0.8648666031105018,118.25384777792945
GA,685.96,385976.25881975633,0.11117361111111113,0.8602646538852958,85.26600679218953
