algorithm,makespan,energy,cost,reliability,load_balance
HEFT,318.40000000000003,4716.66,0.14012888888888891,0.9766926127855234,12.232404783431358
GA,336.81,4716.659999999998,0.1111838888888889,0.9766926127855234,44.287696594459035
