algorithm,makespan,energy,cost,reliability,load_balance
HEFT,362.94000000000005,5573.5,0.16545944444444446,0.9725172167959717,10.109917249202129
GA,374.6,5573.499999999999,0.16118833333333338,0.9725172167959717,25.33654894613711
