algorithm,makespan,energy,cost,reliability,load_balance
HEFT,684.9900000000001,405933.8828888013,0.09919444444444446,0.8531110093841122,90.77598766036252
GA,694.5,405953.15812814975,0.12373444444444445,0.8524622093629955,79.23233354238299
