algorithm,makespan,energy,cost,reliability,load_balance
HEFT,972.84,395544.96790839196,0.09724555555555557,0.8600926181586649,26.596893302288716
GA,817.41,402461.20473201945,0.08535222222222222,0.8654566433146625,11.22151207874111
