algorithm,makespan,energy,cost,reliability,load_balance
HEFT,372.67999999999995,1242043.2082215303,0.028900000000000006,0.7616574233812992,52.438204953923446
GA,382.65999999999997,1235463.5472743427,0.02343277777777778,0.7568080684728234,22.106529791548088
