algorithm,makespan,energy,cost,reliability,load_balance
HEFT,210.71,200756.08029993833,0.015775833333333333,0.946563141542967,57.88530520204013
GA,212.71,191070.00912039867,0.020404166666666668,0.946260289796537,42.34602537428986
