algorithm,makespan,energy,cost,reliability,load_balance
HEFT,992.56,314685.80392117356,0.09557166666666665,0.8820106043280026,22.580493794423443
GA,748.8,305357.74591346155,0.07672472222222221,0.89065262363044,67.20825668522181
