algorithm,makespan,energy,cost,reliability,load_balance
HEFT,380.67,685871.708513936,0.05298972222222223,0.8408348598024565,88.07253564808882
GA,397.67,664154.4907083763,0.059133055555555564,0.8362731373001477,43.6210839817391
