algorithm,makespan,energy,cost,reliability,load_balance
HEFT,62.339999999999996,2503.3,0.087415,0.9875615055946065,9.014311151960245
GA,78.16,2503.3,0.08344583333333336,0.9875615055946065,24.279869779553938
