algorithm,makespan,energy,cost,reliability,load_balance
HEFT,531.2600000000001,927734.0886571547,0.05301666666666668,0.794932876474455,105.30334446179148
GA,555.71,911822.5886163646,0.08208166666666666,0.7887375892163371,42.85728334231967
