algorithm,makespan,energy,cost,reliability,load_balance
HEFT,1187.7200000000003,397671.9286616375,0.11328444444444447,0.8544268377886867,76.55035657439285
GA,939.5000000000002,389755.079478446,0.09285666666666668,0.862952525862424,63.605316012106975
