algorithm,makespan,energy,cost,reliability,load_balance
HEFT,684.5299999999999,5423.0,0.1163211111111111,0.973249311417666,6.800031862670513
GA,686.04,5423.0,0.1103825,0.973249311417666,11.19899549066791
