algorithm,makespan,energy,cost,reliability,load_balance
HEFT,371.17999999999995,1250207.463144566,0.043256666666666665,0.7485314938917073,57.07675493181639
GA,393.17999999999995,1277232.9401546367,0.04849833333333334,0.7380660202865262,27.72701320883904
