algorithm,makespan,energy,cost,reliability,load_balance
HEFT,192.41,638210.6361415727,0.008767777777777779,0.8730451554712143,25.737665800787294
GA,207.41,671974.6603346029,0.012979444444444446,0.864704023472082,15.726273019861956
