algorithm,makespan,energy,cost,reliability,load_balance
HEFT,847.1200000000001,317860.95462272165,0.08012027777777779,0.8840090312946657,53.3650272494387
GA,735.99,319886.8234894496,0.0710488888888889,0.8879473751184869,85.78426506844555
