algorithm,makespan,energy,cost,reliability,load_balance
HEFT,172.35,162956.36495503335,0.009879444444444444,0.9601547592122783,49.349871056906856
GA,172.35,151834.13507397735,0.009120277777777777,0.9601547592122783,34.02154552632787
