algorithm,makespan,energy,cost,reliability,load_balance
HEFT,542.6,313934.1947290822,0.06549805555555556,0.8893475277533109,119.26072985570013
GA,604.16,319290.34292240464,0.09078750000000001,0.8849784363298853,78.19505336930574
