algorithm,makespan,energy,cost,reliability,load_balance
HEFT,253.42000000000002,3832.6800000000003,0.09375416666666665,0.9810190506328308,9.136610421813996
GA,264.58,3832.6800000000007,0.10052027777777779,0.9810190506328308,20.667702028596633
