algorithm,makespan,energy,cost,reliability,load_balance
HEFT,685.95,379957.0874699322,0.07248361111111111,0.8679263657547608,139.3699070754311
GA,678.6700000000001,361340.63888193085,0.10205555555555558,0.868431993294624,55.67816164286114
