algorithm,makespan,energy,cost,reliability,load_balance
HEFT,359.02000000000004,624918.4881622194,0.03705805555555556,0.8576767489136459,70.04446738529977
GA,374.82,616031.8317058855,0.04070083333333334,0.8533512792727674,32.13201255205097
