algorithm,makespan,energy,cost,reliability,load_balance
HEFT,653.0299999999999,409707.415279543,0.12214916666666668,0.8494199280946262,33.48556266725791
GA,551.1599999999999,400492.64380579133,0.1002363888888889,0.8563706450522376,65.873518579168
