algorithm,makespan,energy,cost,reliability,load_balance
HEFT,264.27,467292.2391493548,0.02577305555555556,0.890666161653208,56.35691754202588
GA,274.27,453733.8634192584,0.023575833333333334,0.8878205852863293,26.53994773556368
