algorithm,makespan,energy,cost,reliability,load_balance
HEFT,55.69,1769.2400000000005,0.02457277777777778,0.9911928125049925,13.89050033644484
GA,57.42,1769.24,0.040647499999999996,0.9911928125049925,17.139438191850342
