algorithm,makespan,energy,cost,reliability,load_balance
HEFT,335.53999999999996,580285.6456458246,0.021009722222222218,0.874757302211092,65.26554677906995
GA,345.53999999999996,568511.0940556809,0.021076666666666664,0.8719625528278822,36.10795573469522
