algorithm,makespan,energy,cost,reliability,load_balance
HEFT,195.03000000000003,645126.2342203764,0.007322222222222223,0.8733986356897183,25.17543628347863
GA,196.03000000000003,638858.7548844565,0.007322222222222223,0.8728398393967643,18.508156031397068
