algorithm,makespan,energy,cost,reliability,load_balance
HEFT,461.07,440940.343136617,0.04276833333333333,0.8845852392876341,126.24989500820716
GA,478.19,410724.6549906941,0.05671583333333334,0.8821654989894758,52.56429576797671
