algorithm,makespan,energy,cost,reliability,load_balance
HEFT,95.61,2364.0600000000004,0.09978222222222227,0.9882492853031378,14.71061010234903
GA,96.92999999999999,2364.06,0.0811177777777778,0.9882492853031378,16.86130114344679
