algorithm,makespan,energy,cost,reliability,load_balance
HEFT,891.15,362061.12213432085,0.08820277777777778,0.8712171692241617,43.320007983224755
GA,857.5299999999999,363791.98648443783,0.08549027777777778,0.872389570219074,73.77633829126154
