algorithm,makespan,energy,cost,reliability,load_balance
HEFT,680.1700000000001,5237.4400000000005,0.09982111111111115,0.9741527111511308,17.499047593131085
GA,666.9200000000001,5237.44,0.09164888888888892,0.9741527111511308,11.89673064333223
