algorithm,makespan,energy,cost,reliability,load_balance
HEFT,353.0,5081.080000000001,0.10967527777777777,0.9749146015248495,18.276864180863033
GA,344.65,5081.079999999999,0.14054944444444445,0.9749146015248495,33.05088533501896
