algorithm,makespan,energy,cost,reliability,load_balance
HEFT,822.23,439633.4992398721,0.1395388888888889,0.8415145289185221,53.28873473821648
GA,657.56,400665.7998965874,0.11324722222222221,0.8526736462080027,45.36426370424817
