algorithm,makespan,energy,cost,reliability,load_balance
HEFT,1109.44,357163.37225086533,0.10841722222222223,0.8676611679816697,66.12816564571159
GA,844.6899999999999,349564.29519705457,0.07768305555555556,0.8768985252280378,112.6232153021746
