algorithm,makespan,energy,cost,reliability,load_balance
HEFT,1065.69,364560.32804098754,0.11055083333333335,0.86579977833294,39.96092706215236
GA,928.0800000000002,361094.1571739505,0.09897222222222224,0.8705786269139032,80.98497900845567
