algorithm,makespan,energy,cost,reliability,load_balance
HEFT,364.55,1220485.3711425045,0.04043361111111111,0.756110613010068,52.80851893960146
GA,377.4600000000001,1228291.8650188101,0.04421722222222223,0.7498890625443909,29.86277647215664
