algorithm,makespan,energy,cost,reliability,load_balance
HEFT,287.18,493399.6451702765,0.022126111111111114,0.8897538745065212,52.44519077170608
GA,289.18,481180.58641676465,0.0230525,0.8891846142095627,36.524334745879116
