algorithm,makespan,energy,cost,reliability,load_balance
HEFT,166.93,4392.9400000000005,0.17188944444444443,0.9782747675410022,14.595061022482911
GA,175.13,4392.9400000000005,0.17605777777777776,0.9782747675410022,24.079878313299947
