algorithm,makespan,energy,cost,reliability,load_balance
HEFT,496.95000000000005,511298.3100714357,0.09088444444444445,0.8355646125041992,107.56004172670262
GA,559.6400000000001,523016.8529233078,0.14057000000000003,0.8272254576603094,44.53536844931976
