algorithm,makespan,energy,cost,reliability,load_balance
HEFT,243.62999999999997,426279.76919919543,0.017894166666666666,0.9021121787204687,49.70739082187426
GA,253.62999999999997,422725.78042818274,0.02414472222222222,0.8992300336401218,31.442708253560912
