algorithm,makespan,energy,cost,reliability,load_balance
HEFT,52.58,1111.02,0.015430833333333333,0.9944603010367085,18.23902312119052
GA,52.58,1111.02,0.02540472222222222,0.9944603010367085,20.724782964640458
