algorithm,makespan,energy,cost,reliability,load_balance
HEFT,511.53999999999996,322629.47155647655,0.07726666666666666,0.8818342198461732,77.01117836299575
GA,504.94999999999993,318063.67687889887,0.09001777777777778,0.8822992454168457,58.546032133454005
