algorithm,makespan,energy,cost,reliability,load_balance
HEFT,291.07,4202.08,0.11487972222222224,0.979208780745184,13.244680873036211
GA,299.49,4202.079999999999,0.12300750000000002,0.979208780745184,39.21523392036023
