algorithm,makespan,energy,cost,reliability,load_balance
HEFT,151.47,2245.12,0.06964944444444444,0.9888371719438738,9.748381550654592
GA,160.19,2245.12,0.06687361111111112,0.9888371719438739,15.894710710529731
