algorithm,makespan,energy,cost,reliability,load_balance
HEFT,363.31,215502.76598497154,0.040853055555555566,0.9262191585853929,105.6312096653122
GA,373.58,208349.74134054282,0.052150833333333334,0.9254584894503692,78.5985192404139
