algorithm,makespan,energy,cost,reliability,load_balance
HEFT,173.65,94952.29311834149,0.009985833333333334,0.9722569087808178,63.71616323306714
GA,173.65,90921.90912755542,0.009891111111111113,0.9722569087808178,55.31660096984577
