algorithm,makespan,energy,cost,reliability,load_balance
HEFT,93.21000000000001,1284.6,0.03902916666666666,0.9935975833719228,12.478378729397733
GA,99.85,1284.6000000000004,0.03891027777777777,0.9935975833719228,21.71438479770627
