algorithm,makespan,energy,cost,reliability,load_balance
HEFT,396.54999999999995,205267.3691842138,0.021503055555555553,0.9411149401915687,130.61994470737284
GA,398.54999999999995,193366.63979425415,0.03075916666666667,0.9409643738467668,99.81781982871166
