algorithm,makespan,energy,cost,reliability,load_balance
HEFT,253.27000000000004,130767.34342796226,0.016279722222222223,0.961991946474117,82.72953315084732
GA,255.21000000000004,121549.97120018808,0.018739444444444447,0.9618426569091941,57.2920532852756
