algorithm,makespan,energy,cost,reliability,load_balance
HEFT,728.2500000000001,410065.99636113975,0.11792305555555557,0.8511746009069686,73.72489227575333
GA,650.65,391419.7577960501,0.1144113888888889,0.8564751286443035,61.55730638716138
