algorithm,makespan,energy,cost,reliability,load_balance
HEFT,337.44,5182.060000000002,0.13288,0.9744224913861983,9.626004122019838
GA,342.35,5182.06,0.13587166666666667,0.9744224913861983,17.769456489396944
