algorithm,makespan,energy,cost,reliability,load_balance
HEFT,445.34999999999997,6718.060000000002,0.17878861111111113,0.9669675901155265,13.88290154676402
GA,461.99,6718.060000000003,0.14506166666666667,0.9669675901155265,41.137648879793105
