algorithm,makespan,energy,cost,reliability,load_balance
HEFT,677.0799999999999,450448.4437289537,0.11115722222222223,0.8371520201120117,57.26996863228453
GA,672.9999999999999,450600.19283803855,0.13522055555555557,0.8374253111300441,62.832232117418386
