algorithm,makespan,energy,cost,reliability,load_balance
HEFT,519.15,917107.3525570644,0.06431527777777779,0.7870565326848087,105.32256249524372
GA,573.97,949850.2491070963,0.08751805555555557,0.7733700698513895,49.43987775571457
