algorithm,makespan,energy,cost,reliability,load_balance
HEFT,75.33,3337.8400000000006,0.15145916666666662,0.9834492931812022,11.056678831104461
GA,98.00999999999999,3337.840000000001,0.12380194444444442,0.9834492931812022,30.13104965356843
