algorithm,makespan,energy,cost,reliability,load_balance
HEFT,941.4299999999998,310485.141030135,0.09674999999999999,0.8840687923250813,46.56021835573084
GA,735.43,304208.20428864745,0.07645944444444444,0.8913836148544667,62.20400683771647
