algorithm,makespan,energy,cost,reliability,load_balance
HEFT,985.2900000000001,349205.88326279575,0.09816861111111112,0.8718854747451135,51.91638822825282
GA,830.2,348175.8455552879,0.07985944444444446,0.8773111153278885,83.82490660100173
