algorithm,makespan,energy,cost,reliability,load_balance
HEFT,627.51,330644.2388169113,0.059694444444444446,0.8910802395093833,155.12781025427296
GA,625.72,308096.711564278,0.09166472222222223,0.8912078513364698,65.92492483337175
