algorithm,makespan,energy,cost,reliability,load_balance
HEFT,103.61,2721.66,0.11439361111111111,0.9864838743287535,9.136092686883892
GA,125.05000000000001,2721.66,0.12051527777777778,0.9864838743287535,29.93109135302843
