algorithm,makespan,energy,cost,reliability,load_balance
HEFT,488.3700000000001,455730.3236890064,0.05709722222222223,0.8702468255866745,107.40014480902717
GA,510.4200000000001,444086.65232553595,0.08392277777777779,0.8671820043096674,50.2607995526003
