algorithm,makespan,energy,cost,reliability,load_balance
HEFT,570.8499999999999,206186.15944643947,0.05084416666666666,0.9228686152062772,57.302592436991866
GA,503.23999999999995,203895.7595580637,0.046748611111111116,0.9253677989623096,37.240391601951075
