algorithm,makespan,energy,cost,reliability,load_balance
HEFT,485.63999999999993,1659962.5409356724,0.09589138888888887,0.6601902684352462,80.46377707903972
GA,447.21999999999997,1470174.4083001649,0.14903638888888893,0.6766247793289383,32.91541033768853
