algorithm,makespan,energy,cost,reliability,load_balance
HEFT,246.92000000000002,420046.77579782926,0.008877222222222224,0.9125817577544381,43.49041454920027
GA,251.92000000000002,418762.6376627501,0.008747777777777778,0.911122794423941,34.31074264551989
