algorithm,makespan,energy,cost,reliability,load_balance
HEFT,53.21,543.62,0.00755027777777778,0.9972855906891603,14.68931976715648
GA,53.21,543.62,0.007550277777777779,0.9972855906891603,14.68931976715648
