algorithm,makespan,energy,cost,reliability,load_balance
HEFT,557.5700000000002,213436.74277669177,0.05213833333333334,0.9208696349786868,33.04205035506529
GA,491.1400000000001,213804.18375615915,0.04981333333333334,0.9233198236517504,29.583572440348306
