algorithm,makespan,energy,cost,reliability,load_balance
HEFT,418.37999999999994,1408273.6478082126,0.04398583333333334,0.7283491092919925,65.09415600655221
GA,443.37999999999994,1443089.0277639946,0.058555,0.7167882569921826,36.508650814575375
