algorithm,makespan,energy,cost,reliability,load_balance
HEFT,409.19000000000005,131642.08968938637,0.03077555555555556,0.9498215064386691,60.94420453715569
GA,352.05,129911.89081096437,0.027298055555555558,0.9519949012832686,74.89023122766638
