algorithm,makespan,energy,cost,reliability,load_balance
HEFT,522.3,475407.48049013974,0.03332,0.8854352030387076,127.52715265777715
GA,544.3,454112.3325739482,0.04423361111111111,0.8823239501415819,54.71512622971213
