algorithm,makespan,energy,cost,reliability,load_balance
HEFT,293.38,312936.49703456275,0.04650444444444444,0.8998816718713623,79.8343104080779
GA,323.38,309963.15127713524,0.07117749999999999,0.8955725899165055,46.07682018470169
