algorithm,makespan,energy,cost,reliability,load_balance
HEFT,405.66999999999996,404830.89156210714,0.061971666666666675,0.872638760262973,92.01578216081558
GA,424.65999999999997,399895.2253567559,0.08606972222222223,0.8699913586230676,61.52366216884904
