algorithm,makespan,energy,cost,reliability,load_balance
HEFT,142.32,3796.1400000000003,0.16852333333333333,0.9811982991872382,14.347847443083579
GA,166.26999999999998,3796.1399999999994,0.12149416666666665,0.9811982991872382,43.59645512634408
