algorithm,makespan,energy,cost,reliability,load_balance
HEFT,367.27000000000004,188430.9723908841,0.021256944444444446,0.9467937524115102,121.02209283993211
GA,375.27000000000004,176063.29344205506,0.028258611111111116,0.946187998271968,82.31076798806895
