algorithm,makespan,energy,cost,reliability,load_balance
HEFT,103.67999999999999,1153.6600000000003,0.060895833333333343,0.9942483047001399,15.145140604450368
GA,88.33,1153.6599999999999,0.04936444444444445,0.9942483047001399,17.450393313209716
