algorithm,makespan,energy,cost,reliability,load_balance
HEFT,241.92999999999995,128550.27524490553,0.0173225,0.95989017702174,76.05628178010205
GA,246.92999999999995,121219.21795650589,0.020261944444444444,0.9595062977319077,52.153126173249255
