algorithm,makespan,energy,cost,reliability,load_balance
HEFT,234.97,3330.6000000000004,0.09456944444444444,0.9834848946899988,13.539898448659068
GA,237.94,3330.6,0.11819916666666669,0.9834848946899988,28.027288105905438
