algorithm,makespan,energy,cost,reliability,load_balance
HEFT,480.03,273416.2029664813,0.05192694444444444,0.9067529930226815,127.80702383308764
GA,511.25,263504.08158435207,0.06428083333333333,0.9044911125594325,60.04310236048291
