algorithm,makespan,energy,cost,reliability,load_balance
HEFT,475.63,822440.5781174442,0.042521666666666666,0.8200493152364103,89.8965316344251
GA,505.63,826403.6040385263,0.062072777777777775,0.8122145090510494,38.64169559696975
