algorithm,makespan,energy,cost,reliability,load_balance
HEFT,334.5,1121322.6368310913,0.03143722222222223,0.7771353097137634,49.79154906939689
GA,346.5,1132530.591861472,0.029149722222222226,0.771189770628733,32.87295825031547
