algorithm,makespan,energy,cost,reliability,load_balance
HEFT,422.4,743279.5420454545,0.04747805555555556,0.8293767200390008,86.55207309857627
GA,428.4,711533.8790382819,0.0557936111111111,0.8277858444657932,43.68163941723592
