algorithm,makespan,energy,cost,reliability,load_balance
HEFT,471.03,840878.3672377556,0.07055055555555555,0.7936562864978861,95.83351647644956
GA,489.78,822060.4025480828,0.10616888888888887,0.7889086060632355,44.70729740805473
