algorithm,makespan,energy,cost,reliability,load_balance
HEFT,88.91999999999999,4158.080000000001,0.16146444444444447,0.9794242303755384,10.225312046662092
GA,120.7,4158.080000000001,0.13215000000000002,0.9794242303755384,32.47015433564561
