algorithm,makespan,energy,cost,reliability,load_balance
HEFT,484.6700000000001,315067.59021602327,0.07692305555555556,0.8865774422316453,97.86998685391615
GA,513.21,318917.8095711308,0.08903888888888889,0.8845555177229191,94.72649387088826
