algorithm,makespan,energy,cost,reliability,load_balance
HEFT,405.83,447380.42793780647,0.08221666666666666,0.8488849620719178,87.92073539795187
GA,454.65,458869.1622786758,0.1259413888888889,0.8422799818503879,58.03816129280803
