algorithm,makespan,energy,cost,reliability,load_balance
HEFT,177.75,5195.5199999999995,0.22388777777777777,0.9743569149591996,10.707561191357568
GA,190.56,5195.5199999999995,0.18769805555555563,0.9743569149591995,20.79858007973942
