algorithm,makespan,energy,cost,reliability,load_balance
HEFT,548.2299999999999,544154.3920070044,0.08733305555555557,0.8278484274412414,109.13169256873395
GA,597.3,554630.5924158713,0.14646750000000003,0.8213742720683144,62.47535153629256
