algorithm,makespan,energy,cost,reliability,load_balance
HEFT,167.98,4485.54,0.16403222222222225,0.9778219311633416,12.31444881362269
GA,185.63,4485.539999999999,0.14429805555555558,0.9778219311633417,32.41050502923397
