algorithm,makespan,energy,cost,reliability,load_balance
HEFT,735.8199999999999,430045.10880378354,0.11561694444444445,0.845598684607741,102.17063682179644
GA,656.56,405589.8294748385,0.11364527777777779,0.8509774916955263,43.25124804144796
