algorithm,makespan,energy,cost,reliability,load_balance
HEFT,334.96000000000004,5145.040000000001,0.13141527777777778,0.9746028736832205,10.657450780691278
GA,359.56,5145.04,0.14489138888888892,0.9746028736832205,41.60298169259368
