algorithm,makespan,energy,cost,reliability,load_balance
HEFT,151.24,4114.0199999999995,0.20906444444444447,0.9796400213019879,8.873181856019858
GA,170.32,4114.0199999999995,0.16852305555555555,0.9796400213019879,32.75733072535062
