algorithm,makespan,energy,cost,reliability,load_balance
HEFT,411.79,421605.3896646349,0.0732663888888889,0.8619617352198239,86.66884336128719
GA,439.79,418631.1112803838,0.12824388888888888,0.8581087837016276,42.33779741062745
