algorithm,makespan,energy,cost,reliability,load_balance
HEFT,264.14,81853.78299386689,0.010164999999999999,0.9751562152978175,120.2759926169807
GA,268.14,70034.1255314388,0.013623055555555555,0.9750002027847037,59.7818952526599
