algorithm,makespan,energy,cost,reliability,load_balance
HEFT,80.56,556.48,0.016658333333333334,0.9972214672872685,8.261852092600066
GA,77.59,556.48,0.016132777777777777,0.9972214672872685,9.2378677193387
