algorithm,makespan,energy,cost,reliability,load_balance
HEFT,749.4300000000001,452800.1976969163,0.12159944444444445,0.8344113273035128,15.137651969273776
GA,636.32,438591.2150490319,0.11588333333333334,0.8419960129203602,60.940096523436125
