algorithm,makespan,energy,cost,reliability,load_balance
HEFT,365.11000000000007,5431.74,0.11538638888888891,0.9732067813520457,14.035557841730844
GA,361.36,5431.739999999999,0.14443277777777777,0.9732067813520457,35.89664446614157
