algorithm,makespan,energy,cost,reliability,load_balance
HEFT,736.8000000000001,298540.93802931596,0.07246444444444446,0.8925171052194592,41.45411318554533
GA,651.3800000000001,302056.3155761614,0.06436972222222223,0.8955718734587201,58.30036792336734
