algorithm,makespan,energy,cost,reliability,load_balance
HEFT,532.98,4129.039999999999,0.07029777777777776,0.9795664530989087,11.293694405876808
GA,527.3700000000001,4129.04,0.0711875,0.9795664530989087,7.597280215094594
