algorithm,makespan,energy,cost,reliability,load_balance
HEFT,393.1,1302220.7155939965,0.02280388888888889,0.7563674317796052,51.437018484120124
GA,413.1,1335796.9746792545,0.02214777777777778,0.7467476267470805,28.1331816300779
