algorithm,makespan,energy,cost,reliability,load_balance
HEFT,452.22,262799.70229092037,0.05483000000000001,0.90522585760895,89.8095874515315
GA,474.36999999999995,261871.25941775404,0.07295,0.9036232177475394,63.437640457268856
