algorithm,makespan,energy,cost,reliability,load_balance
HEFT,259.57,3895.7200000000003,0.09979916666666669,0.980709882155583,9.751830231148563
GA,260.08000000000004,3895.720000000001,0.10271361111111114,0.980709882155583,20.705304875804167
