algorithm,makespan,energy,cost,reliability,load_balance
HEFT,164.64999999999998,282504.3175827513,0.008152222222222222,0.939985527606413,30.9709892854353
GA,169.64999999999998,280037.4453875626,0.010563888888888888,0.9384827533022779,20.42408026663387
