algorithm,makespan,energy,cost,reliability,load_balance
HEFT,406.53999999999996,3133.5000000000005,0.06672472222222223,0.9844545967959464,10.717143198321686
GA,395.17,3133.5000000000005,0.0678288888888889,0.9844545967959464,3.1337557339397333
