algorithm,makespan,energy,cost,reliability,load_balance
HEFT,570.07,211501.92878067604,0.04755138888888889,0.9213740412846432,58.44946307138614
GA,523.7399999999999,211441.2354985298,0.0437375,0.9230831147963381,66.5701013969484
