algorithm,makespan,energy,cost,reliability,load_balance
HEFT,730.9,422591.1989191408,0.10658888888888889,0.8460726909147573,64.51209198669659
GA,645.82,404510.88694992417,0.10617833333333335,0.8518510426570186,55.228302381374846
