algorithm,makespan,energy,cost,reliability,load_balance
HEFT,343.40000000000003,5278.359999999999,0.16660416666666666,0.97395341989462,8.719277083402208
GA,348.78,5278.360000000001,0.15292361111111114,0.97395341989462,22.7294131342754
