algorithm,makespan,energy,cost,reliability,load_balance
HEFT,721.46,438428.29537327087,0.1313286111111111,0.8399655499080664,49.99897563236389
GA,652.5300000000001,428540.6755551468,0.12140055555555558,0.8446102505351479,65.03570025103794
