algorithm,makespan,energy,cost,reliability,load_balance
HEFT,69.33,736.3599999999999,0.016603888888888887,0.9963249695150714,15.619719907860064
GA,56.91,736.3599999999999,0.010227222222222223,0.9963249695150714,11.201453668417964
