algorithm,makespan,energy,cost,reliability,load_balance
HEFT,143.87,76042.79870716619,0.007149999999999999,0.9786930694097798,51.758756867799676
GA,145.87,68328.3952149174,0.006989722222222223,0.9785364910452775,30.944000081945262
