algorithm,makespan,energy,cost,reliability,load_balance
HEFT,462.5,262369.43439999997,0.052316666666666664,0.9103756158179674,122.42381525288053
GA,479.37,246945.806934101,0.08190722222222223,0.9091478016022561,40.850296007845195
