algorithm,makespan,energy,cost,reliability,load_balance
HEFT,387.47,671074.8187214495,0.029900555555555555,0.8524618683781799,74.7645370634939
GA,411.47,675118.2104406154,0.04785000000000001,0.8459400371171514,37.753084245667715
