algorithm,makespan,energy,cost,reliability,load_balance
HEFT,51.95,1809.8799999999997,0.025137222222222224,0.9909914225874,13.787896734852916
GA,65.4,1809.8799999999999,0.04905777777777777,0.9909914225874,22.213129354636337
