algorithm,makespan,energy,cost,reliability,load_balance
HEFT,279.5,96944.82093023256,0.018879444444444445,0.9642279014693257,70.99312284768622
GA,278.63,95300.12744499875,0.019895555555555555,0.9642614571841629,59.62434423119469
