algorithm,makespan,energy,cost,reliability,load_balance
HEFT,158.15,1171.52,0.0407775,0.9941595222907238,9.987976104630352
GA,148.91000000000003,1171.52,0.03748277777777779,0.9941595222907238,3.281402139330073
