algorithm,makespan,energy,cost,reliability,load_balance
HEFT,509.55000000000007,543760.9248748897,0.10023916666666668,0.8160859489248761,87.5524682476171
GA,572.29,562907.7060755909,0.1499822222222222,0.8079347327686855,38.914526887997326
