algorithm,makespan,energy,cost,reliability,load_balance
HEFT,366.62,637248.3754296001,0.049243055555555554,0.8467440620037644,66.90106888340377
GA,304.61,517930.63307179674,0.046542222222222235,0.8637139857446796,38.56473725668852
