algorithm,makespan,energy,cost,reliability,load_balance
HEFT,81.30000000000001,3283.02,0.1592841666666667,0.9837188935795098,11.278944195147794
GA,86.81,3283.0200000000004,0.13423194444444445,0.9837188935795098,24.57870166842921
