algorithm,makespan,energy,cost,reliability,load_balance
HEFT,400.87,735448.150647342,0.0651563888888889,0.8161871498568708,92.92170452414975
GA,431.14,733583.9677830866,0.09183027777777779,0.8083194012453179,50.57462462089417
