algorithm,makespan,energy,cost,reliability,load_balance
HEFT,122.22,5340.620000000002,0.22163666666666665,0.9736502753818983,14.717772717709744
GA,146.69,5340.62,0.21262805555555558,0.9736502753818983,34.739129117389766
