algorithm,makespan,energy,cost,reliability,load_balance
HEFT,531.88,959557.9581296532,0.08752277777777778,0.7593294027631816,107.99331367024459
GA,587.32,989328.5195634406,0.1846216666666667,0.7459770823206999,49.38050259150383
