algorithm,makespan,energy,cost,reliability,load_balance
HEFT,257.88,142839.79300449823,0.021603333333333335,0.9555004923710056,87.78956446281886
GA,262.88,127940.597991479,0.02843527777777778,0.9551183686039056,40.54774822002186
