algorithm,makespan,energy,cost,reliability,load_balance
HEFT,443.59,796962.1098536937,0.06436416666666667,0.8074720802700811,96.03888414408577
GA,471.97999999999996,792851.7551803043,0.09605694444444443,0.8001695790219813,49.80492898812423
