algorithm,makespan,energy,cost,reliability,load_balance
HEFT,539.7899999999998,947653.7536078844,0.06454222222222221,0.7805915884836472,105.27869486816958
GA,551.7899999999998,918930.1019590787,0.11033333333333332,0.7775998645700137,53.65137294563497
