algorithm,makespan,energy,cost,reliability,load_balance
HEFT,748.8200000000002,247027.0917844075,0.059905277777777786,0.907581055024715,94.00141643436382
GA,702.6200000000001,246735.00456861465,0.05636555555555556,0.9092598155113285,121.71424906312328
