algorithm,makespan,energy,cost,reliability,load_balance
HEFT,160.88,85919.4714694182,0.008344722222222222,0.9755178702691378,58.0688656282964
GA,162.88,84504.5732441061,0.008918055555555556,0.9753617998958576,54.02073052806408
