algorithm,makespan,energy,cost,reliability,load_balance
HEFT,393.11,1314619.4455495917,0.04194777777777777,0.7413262998034383,56.41729461474403
GA,423.11,1372277.171468412,0.04386861111111111,0.7272286057882577,29.62561072808297
