algorithm,makespan,energy,cost,reliability,load_balance
HEFT,461.47,258432.70886514834,0.05709583333333333,0.9055543331319474,73.32787381733787
GA,451.52,251710.05873493978,0.06802416666666668,0.9062754413441134,50.57904302037696
