algorithm,makespan,energy,cost,reliability,load_balance
HEFT,410.7699999999999,742597.3786790661,0.06444333333333334,0.8158460549220387,89.6536761025987
GA,436.04,734808.8206127879,0.07516527777777779,0.8092753996613498,44.170542146869636
