algorithm,makespan,energy,cost,reliability,load_balance
HEFT,185.05,5106.780000000001,0.16938083333333337,0.9747893330472256,15.385197092768536
GA,209.81,5106.779999999999,0.15185,0.9747893330472256,48.718230498619995
