algorithm,makespan,energy,cost,reliability,load_balance
HEFT,595.6700000000001,573289.453405409,0.09383055555555556,0.8293883313943606,128.43465612098888
GA,599.72,544951.902237711,0.15929972222222227,0.8288510618497497,64.27728390535805
