algorithm,makespan,energy,cost,reliability,load_balance
HEFT,630.2099999999999,4928.479999999999,0.10509833333333334,0.9756587452205314,14.537003359243903
GA,625.3,4928.480000000001,0.09811111111111114,0.9756587452205314,6.841671335767828
