algorithm,makespan,energy,cost,reliability,load_balance
HEFT,1235.79,411350.9169519092,0.11564972222222222,0.8499123945879532,95.20895266027591
GA,998.9199999999998,401971.36695631285,0.10393555555555553,0.8580034144127957,77.03815418349544
