algorithm,makespan,energy,cost,reliability,load_balance
HEFT,347.7,206063.83963186655,0.03518361111111112,0.9277494239058657,91.82123252743422
GA,390.05,205337.62994487886,0.05156500000000001,0.9246115274557986,51.3789512210149
