algorithm,makespan,energy,cost,reliability,load_balance
HEFT,163.69,2281.6400000000003,0.08417944444444445,0.9886566267605538,12.817258175712045
GA,170.19,2281.6400000000003,0.08063444444444445,0.9886566267605538,18.77421997618771
