algorithm,makespan,energy,cost,reliability,load_balance
HEFT,407.94,403804.0952591067,0.05351666666666667,0.8806970348384475,105.48555430326309
GA,421.94,390237.6635540598,0.07052833333333333,0.8787264813242993,69.8817305166379
