algorithm,makespan,energy,cost,reliability,load_balance
HEFT,483.54,884366.1307027339,0.08134916666666665,0.7786942504112808,107.39092665876868
GA,537.54,909463.3965472335,0.16237694444444445,0.7653540054271686,53.20974273737301
