algorithm,makespan,energy,cost,reliability,load_balance
HEFT,351.33000000000004,184353.48225315235,0.025059166666666667,0.9417984377177285,103.28077500539143
GA,358.33000000000004,173903.79789579439,0.029624166666666667,0.9412711782390396,65.74663402573768
