algorithm,makespan,energy,cost,reliability,load_balance
HEFT,624.3499999999999,4834.3,0.08784916666666667,0.9761182911152448,18.34091123690422
GA,615.1600000000001,4834.299999999999,0.08754694444444446,0.9761182911152448,12.198402559351809
