algorithm,makespan,energy,cost,reliability,load_balance
HEFT,1055.21,348222.4722756608,0.0971825,0.8711865029195351,74.8401034985032
GA,971.22,347712.2603838471,0.09361611111111112,0.8741182631079654,141.15653282201762
