algorithm,makespan,energy,cost,reliability,load_balance
HEFT,826.8400000000001,311614.35911421804,0.08322944444444447,0.8861526960986292,40.52020761299237
GA,747.23,310951.28941557487,0.07681500000000001,0.8889790584899143,28.972631194514218
