algorithm,makespan,energy,cost,reliability,load_balance
HEFT,563.0400000000001,4225.6399999999985,0.09569444444444446,0.9790934367447073,24.458423906703427
GA,536.51,4225.639999999998,0.08556472222222222,0.9790934367447073,11.470822405855039
