algorithm,makespan,energy,cost,reliability,load_balance
HEFT,196.75,655121.170368488,0.010035555555555556,0.8705640013158265,27.78582857176735
GA,207.75,675018.8841877256,0.00881527777777778,0.8644567534826628,17.66357662708526
