algorithm,makespan,energy,cost,reliability,load_balance
HEFT,360.58,121201.31601863664,0.0208875,0.9606299613424484,156.46751129760665
GA,362.58,111356.46602129184,0.02197388888888889,0.9605531140194749,111.47821233317298
