algorithm,makespan,energy,cost,reliability,load_balance
HEFT,168.80999999999997,1243.8400000000001,0.030039722222222228,0.9938000991950755,10.595602861564775
GA,159.0,1243.84,0.026009166666666673,0.9938000991950755,3.0855253469493067
