algorithm,makespan,energy,cost,reliability,load_balance
HEFT,674.8000000000001,384582.84007113223,0.08831472222222223,0.8613844142813377,96.54205049762369
GA,636.57,371271.108314875,0.10622194444444445,0.8640229050974702,69.70628420123151
