algorithm,makespan,energy,cost,reliability,load_balance
HEFT,369.87,653207.0003785114,0.040954166666666666,0.8443788590285854,75.5114321128788
GA,390.65999999999997,648277.0212716941,0.058729722222222225,0.8387800199836908,36.06483747805539
