algorithm,makespan,energy,cost,reliability,load_balance
HEFT,266.47,904457.7819266709,0.02928777777777778,0.8138698623693281,44.661110257355254
GA,271.47,887791.0647585369,0.026600277777777775,0.8112696413821802,25.061221062942536
