algorithm,makespan,energy,cost,reliability,load_balance
HEFT,95.42,4751.360000000001,0.20684611111111115,0.9765231713166775,9.536807472849262
GA,128.49,4751.3600000000015,0.22237666666666672,0.9765231713166775,33.456366480305604
