algorithm,makespan,energy,cost,reliability,load_balance
HEFT,519.6,915072.1004811395,0.08984611111111113,0.7691826664790744,90.58717171729067
GA,495.76,841630.6611465225,0.1331575,0.77507304690458,43.788183732333685
