algorithm,makespan,energy,cost,reliability,load_balance
HEFT,101.37,4748.180000000001,0.24288694444444445,0.9765386981585396,12.485863357019461
GA,123.42,4748.18,0.18153944444444448,0.9765386981585396,35.07855502268927
