algorithm,makespan,energy,cost,reliability,load_balance
HEFT,527.7,940058.8297896534,0.08184944444444445,0.7705108057387962,104.80156590302367
GA,550.56,924173.521541703,0.16380250000000002,0.7648949307600846,48.70561088678427
