algorithm,makespan,energy,cost,reliability,load_balance
HEFT,297.30999999999995,148942.9646160573,0.00907138888888889,0.9638230107837045,104.14165359019414
GA,299.30999999999995,147302.60201797466,0.009492222222222221,0.9636688114382557,99.43735866471054
