algorithm,makespan,energy,cost,reliability,load_balance
HEFT,255.01999999999998,865089.2961728491,0.02836833333333334,0.8206596589466523,42.43486236367929
GA,267.02,870782.2776945548,0.025704444444444443,0.8143811331651226,22.535319742304452
