algorithm,makespan,energy,cost,reliability,load_balance
HEFT,433.15,173427.2639963061,0.03932638888888888,0.9360937942433847,41.54829559279981
GA,419.62,175809.63190505694,0.04200777777777778,0.9366005453193015,70.20665258126658
