algorithm,makespan,energy,cost,reliability,load_balance
HEFT,232.46,399379.31859244604,0.012453333333333334,0.9143699775418785,43.74487995846652
GA,235.66000000000003,391812.1920563524,0.01050888888888889,0.9134341419144915,31.26461155178281
