algorithm,makespan,energy,cost,reliability,load_balance
HEFT,286.59000000000003,185899.74562964513,0.04035444444444445,0.9313672604067248,57.22685733115178
GA,307.38,188432.33561064478,0.04940083333333334,0.9298194978553435,53.40288836490293
