algorithm,makespan,energy,cost,reliability,load_balance
HEFT,171.75,2335.540000000001,0.08577138888888888,0.9883902196996057,15.64971605173716
GA,157.56,2335.540000000001,0.08131611111111112,0.9883902196996057,15.438555111427085
