algorithm,makespan,energy,cost,reliability,load_balance
HEFT,754.0699999999998,471073.03079289716,0.1312163888888889,0.8289538457538894,42.06790698637478
GA,716.4499999999999,466747.446004606,0.126365,0.8314524232214985,60.31285670508873
