algorithm,makespan,energy,cost,reliability,load_balance
HEFT,196.67000000000002,5796.719999999999,0.18014111111111114,0.9714323958272588,7.724995361379404
GA,241.13,5796.719999999998,0.20543388888888892,0.9714323958272588,61.00245934933006
