algorithm,makespan,energy,cost,reliability,load_balance
HEFT,448.52,473836.6760010702,0.09078666666666668,0.8405402828804724,85.59794666540391
GA,487.03999999999996,478057.78568495397,0.1342475,0.8353757962388149,40.56545139236918
