algorithm,makespan,energy,cost,reliability,load_balance
HEFT,515.6,508012.56567106285,0.10068416666666669,0.8341336814166244,85.92754331412019
GA,508.06999999999994,492020.35739169794,0.13890083333333333,0.835139251309663,59.393637425793905
