algorithm,makespan,energy,cost,reliability,load_balance
HEFT,417.20000000000005,721648.2170661554,0.050480000000000004,0.8230091174955734,70.13094809170866
GA,452.55999999999995,750395.516572388,0.08381694444444446,0.8137490930430581,38.38137018158847
