algorithm,makespan,energy,cost,reliability,load_balance
HEFT,82.19,3397.5799999999995,0.19073777777777778,0.983155580745465,12.1749865825918
GA,94.38,3397.5800000000004,0.15329611111111113,0.983155580745465,30.777961767218354
