algorithm,makespan,energy,cost,reliability,load_balance
HEFT,464.41999999999996,838305.5794539425,0.06477611111111112,0.7979833072373923,102.59895892493172
GA,488.43,821414.5534672319,0.09224277777777777,0.7918757347864855,50.4982953870323
