algorithm,makespan,energy,cost,reliability,load_balance
HEFT,558.6600000000002,583574.2384097663,0.11028861111111113,0.8105878125487158,114.06272845639226
GA,594.8200000000002,582494.960038331,0.15721000000000002,0.8059116160455966,66.37096601363682
