algorithm,makespan,energy,cost,reliability,load_balance
HEFT,1052.0899999999997,400756.13402845757,0.10758694444444444,0.8561884287674708,17.967276504801834
GA,933.6899999999998,402485.2790647859,0.0996872222222222,0.8602529543655599,65.44912699952529
