algorithm,makespan,energy,cost,reliability,load_balance
HEFT,507.98,183790.5516949486,0.05000444444444445,0.930683887666063,30.8428364184187
GA,430.37,183596.2723005786,0.04376527777777778,0.93357759201086,40.94126392365857
