algorithm,makespan,energy,cost,reliability,load_balance
HEFT,640.47,4984.38,0.09799388888888891,0.9753860867070445,17.98038074309513
GA,643.48,4984.380000000001,0.09708722222222224,0.9753860867070445,25.498589993697053
