algorithm,makespan,energy,cost,reliability,load_balance
HEFT,1169.42,373122.8780164526,0.11834472222222223,0.8617431694390846,25.732386046899556
GA,867.13,361082.17181968107,0.08841388888888889,0.8722262741765154,17.532279515225603
