algorithm,makespan,energy,cost,reliability,load_balance
HEFT,696.2099999999999,419399.51378176117,0.09631527777777778,0.8486296558753035,94.45507207700085
GA,701.0199999999999,418123.2787224329,0.11375444444444444,0.8483031660044025,81.7627865819338
