algorithm,makespan,energy,cost,reliability,load_balance
HEFT,154.18,4206.8,0.1706138888888889,0.9791856716906464,14.3120939534833
GA,180.76,4206.799999999999,0.15566916666666672,0.9791856716906464,45.69529961239631
