algorithm,makespan,energy,cost,reliability,load_balance
HEFT,477.21,480233.99867982644,0.07506777777777777,0.8507851925130292,111.37136403155883
GA,509.21,475021.62469315215,0.10526666666666668,0.8464403047316309,63.59409872713558
