algorithm,makespan,energy,cost,reliability,load_balance
HEFT,92.25,1872.6,0.08837138888888892,0.9906806964016891,16.67353386857947
GA,89.25,1872.6000000000001,0.06930388888888891,0.9906806964016891,28.009136098780342
