algorithm,makespan,energy,cost,reliability,load_balance
HEFT,350.06,331895.59286979376,0.02919361111111111,0.914196629428057,95.61547746921869
GA,369.06,317592.6467241099,0.0433075,0.9114216917169883,50.39990911036779
