algorithm,makespan,energy,cost,reliability,load_balance
HEFT,151.38,2210.52,0.08368694444444444,0.9890082555729274,9.04722490996154
GA,158.21999999999997,2210.52,0.06341777777777778,0.9890082555729274,26.506410410637322
