algorithm,makespan,energy,cost,reliability,load_balance
HEFT,445.06,243000.61618658155,0.041250555555555554,0.9187768540355635,119.99116348417377
GA,473.34999999999997,234464.99883806906,0.058266111111111116,0.9166998295070229,59.999296662544296
