algorithm,makespan,energy,cost,reliability,load_balance
HEFT,685.3400000000001,216805.1253392477,0.056247222222222226,0.9189201944050512,109.96135139220507
GA,635.73,208349.9991505828,0.053474722222222215,0.9207455101180952,44.87859697747545
