algorithm,makespan,energy,cost,reliability,load_balance
HEFT,372.99,352468.0887691359,0.029670277777777778,0.9092139899714401,100.82323533251981
GA,388.99,342721.6245404766,0.043262777777777775,0.9068893789287952,69.96597017777049
