algorithm,makespan,energy,cost,reliability,load_balance
HEFT,83.45,1861.92,0.07151916666666668,0.9907336001633947,14.091352904056683
GA,93.25,1861.92,0.05792611111111111,0.9907336001633947,22.701541504194523
