algorithm,makespan,energy,cost,reliability,load_balance
HEFT,155.14,145069.11164109837,0.009738611111111113,0.9619815570171982,40.763309401143246
GA,155.14,143949.74216836406,0.009738611111111115,0.9619815570171982,39.317613610187486
