algorithm,makespan,energy,cost,reliability,load_balance
HEFT,642.31,443191.1729538696,0.10224055555555558,0.8435730308575727,116.62545504428142
GA,770.1400000000001,458759.3056327421,0.12892055555555554,0.8349902757562438,92.13672817379307
