algorithm,makespan,energy,cost,reliability,load_balance
HEFT,45.73,642.8,0.008927777777777778,0.9967911593691158,16.268905578116723
GA,45.73,642.8,0.008927777777777778,0.9967911593691158,16.268905578116723
