algorithm,makespan,energy,cost,reliability,load_balance
HEFT,206.22000000000003,354963.6223935603,0.00862138888888889,0.9245897068812344,39.58195649204196
GA,210.22000000000003,345334.5273047284,0.00862138888888889,0.9234069891572502,22.627966475904948
