algorithm,makespan,energy,cost,reliability,load_balance
HEFT,56.61,1124.3600000000001,0.03718722222222222,0.9943939727467024,10.20140374327638
GA,59.099999999999994,1124.3600000000001,0.02918333333333333,0.9943939727467024,18.049734208569387
