algorithm,makespan,energy,cost,reliability,load_balance
HEFT,298.28999999999996,276898.92430185387,0.021413055555555557,0.9321771567594349,79.31392042331957
GA,289.98,246525.49199944825,0.018945,0.933417403840609,38.627692651559364
