algorithm,makespan,energy,cost,reliability,load_balance
HEFT,188.21999999999997,100647.34810328338,0.012077222222222222,0.9716877218092468,68.81315587464778
GA,188.21999999999997,99218.38678142597,0.011509722222222222,0.9716877218092468,65.9622857071697
