algorithm,makespan,energy,cost,reliability,load_balance
HEFT,550.6400000000001,163843.5938181026,0.029312500000000005,0.9431329689306513,170.64573917915448
GA,494.45000000000005,148975.61751440994,0.04039666666666667,0.9452551385925045,114.35135169001431
