algorithm,makespan,energy,cost,reliability,load_balance
HEFT,221.13,1648.46,0.04231722222222223,0.9917915746224885,10.079210865274455
GA,214.97000000000003,1648.46,0.042197777777777785,0.9917915746224885,11.68708796065129
