algorithm,makespan,energy,cost,reliability,load_balance
HEFT,607.86,4797.08,0.10031250000000001,0.9762999636333248,5.70929359319813
GA,609.1399999999999,4797.08,0.11316361111111113,0.9762999636333248,9.407062949365898
