algorithm,makespan,energy,cost,reliability,load_balance
HEFT,841.96,335359.8119981947,0.08497388888888889,0.8795708156213937,45.571843189261784
GA,756.8500000000001,338021.7863645372,0.07436333333333335,0.8825703293814028,66.08639263620518
