algorithm,makespan,energy,cost,reliability,load_balance
HEFT,222.14999999999998,195118.67269862705,0.0091825,0.9553315748167063,48.04485014025957
GA,183.64999999999998,165983.83348761228,0.007050555555555555,0.9612345799071785,45.449014052378885
