algorithm,makespan,energy,cost,reliability,load_balance
HEFT,217.37,199375.02479643005,0.009572777777777777,0.9525963711871199,56.54559940142705
GA,223.37,193185.05278237903,0.009572777777777779,0.9516823174867558,40.77704679105636
