algorithm,makespan,energy,cost,reliability,load_balance
HEFT,46.22,670.04,0.009306111111111112,0.9966554056582473,18.708171788463634
GA,46.22,670.04,0.00930611111111111,0.9966554056582473,18.708171788463634
