algorithm,makespan,energy,cost,reliability,load_balance
HEFT,310.49,272350.49466971564,0.009966111111111111,0.9381959967914953,66.63476254616157
GA,316.65999999999997,263823.2811532874,0.009804166666666666,0.9372702667190085,41.18940065417315
