algorithm,makespan,energy,cost,reliability,load_balance
HEFT,55.49,667.7,0.009273611111111113,0.9966670665947098,19.5639774308975
GA,55.49,667.7,0.010116944444444446,0.9966670665947098,23.053824257954833
