algorithm,makespan,energy,cost,reliability,load_balance
HEFT,360.24,209634.21505107704,0.04116888888888889,0.9227172771634421,63.21835999985628
GA,387.32,216177.4692502324,0.049654166666666666,0.920720466180819,64.48976185355758
