algorithm,makespan,energy,cost,reliability,load_balance
HEFT,150.59,2280.52,0.08211166666666667,0.9886621632531658,6.00701435228612
GA,161.94,2280.52,0.07180222222222223,0.9886621632531658,29.41716445012528
