algorithm,makespan,energy,cost,reliability,load_balance
HEFT,246.36,826028.3425474914,0.01991333333333333,0.8307363523412841,36.793536003513786
GA,249.36,814854.7271013797,0.020404722222222227,0.829142868778527,23.440689481922178
