algorithm,makespan,energy,cost,reliability,load_balance
HEFT,320.21,184506.07644982976,0.03342111111111111,0.9387061387793811,100.00537824822936
GA,324.21,176921.90370438914,0.04810805555555556,0.9384058008715999,77.90874364096936
