algorithm,makespan,energy,cost,reliability,load_balance
HEFT,548.22,978706.5882492432,0.10949111111111112,0.7517378646830224,101.7086613214549
GA,572.4999999999999,974124.4271615717,0.1941863888888889,0.7459197934806975,55.85233619796187
