algorithm,makespan,energy,cost,reliability,load_balance
HEFT,118.78,6006.939999999999,0.26696722222222224,0.9704118596727391,11.881609294002331
GA,175.57,6006.94,0.2494269444444444,0.9704118596727391,42.76816928431064
