algorithm,makespan,energy,cost,reliability,load_balance
HEFT,164.73,1191.54,0.03729666666666666,0.9940600119031204,11.938194656926417
GA,154.5,1191.54,0.03447055555555555,0.9940600119031204,4.11524300619052
