algorithm,makespan,energy,cost,reliability,load_balance
HEFT,265.02,84351.27496038035,0.017651944444444442,0.9693068990013808,75.15031797448809
GA,255.64000000000004,78607.42587232045,0.019634722222222227,0.9696706511855285,37.034070237192864
