algorithm,makespan,energy,cost,reliability,load_balance
HEFT,602.9599999999999,1045546.2196497279,0.058938611111111115,0.7697954875476175,112.89688900396766
GA,663.96,1088887.4885836495,0.12076472222222222,0.7549147877575545,52.10253450277543
