algorithm,makespan,energy,cost,reliability,load_balance
HEFT,1040.5600000000004,387073.7748231722,0.0997694444444445,0.8605293119951614,81.44657732730913
GA,918.8000000000001,384416.87182194175,0.09149888888888891,0.8647306567661553,21.066000055381547
