algorithm,makespan,energy,cost,reliability,load_balance
HEFT,259.88,135819.04063413883,0.01582138888888889,0.9595964955631261,84.63164213224272
GA,273.88,134898.5124872207,0.017204166666666666,0.9585223491223863,72.4475841557191
