algorithm,makespan,energy,cost,reliability,load_balance
HEFT,468.9,1603099.5780550223,0.07656944444444441,0.6733069238696268,78.90084019016079
GA,500.43000000000006,1635473.028855184,0.12846055555555555,0.6598562966614021,35.99937008067443
