algorithm,makespan,energy,cost,reliability,load_balance
HEFT,271.28000000000003,147244.79076968448,0.018687777777777782,0.958019448566215,100.00867587364608
GA,281.28000000000003,134786.67711888513,0.022265555555555556,0.9572533394918509,62.78312301657419
