algorithm,makespan,energy,cost,reliability,load_balance
HEFT,117.08,1320.4,0.05860833333333333,0.9934197453214797,18.54715457576021
GA,98.18,1320.4,0.05419888888888889,0.9934197453214797,13.88965493760426
