algorithm,makespan,energy,cost,reliability,load_balance
HEFT,524.1300000000001,1753020.3062408182,0.06236305555555556,0.6669370602251277,74.53395560727516
GA,567.1300000000001,1835980.1446052939,0.11150416666666671,0.6488332039558086,33.9700304244593
