algorithm,makespan,energy,cost,reliability,load_balance
HEFT,234.35000000000002,1754.0599999999997,0.039605,0.9912680468945706,15.834981054614508
GA,223.85000000000002,1754.06,0.04029555555555556,0.9912680468945706,3.2798310423963533
