algorithm,makespan,energy,cost,reliability,load_balance
HEFT,414.7,137649.97398119123,0.031455833333333336,0.9484365376154744,82.45879390135818
GA,357.98999999999995,133541.03854856282,0.028263055555555555,0.9505904130593411,71.3348434614296
