algorithm,makespan,energy,cost,reliability,load_balance
HEFT,472.23,292351.80395146436,0.0658563888888889,0.8933700448574835,84.00366675670432
GA,471.47000000000014,285920.7714170573,0.07474638888888892,0.893424363407478,53.08066287668771
