algorithm,makespan,energy,cost,reliability,load_balance
HEFT,357.55999999999995,1208781.1528135135,0.04686055555555555,0.752768451348311,56.51698663651683
GA,372.55999999999995,1213910.9578054538,0.05882083333333332,0.745576451051271,28.508943304049204
