algorithm,makespan,energy,cost,reliability,load_balance
HEFT,297.59999999999997,508796.86075268814,0.01906972222222222,0.8876352277001269,52.64381836930141
GA,299.59999999999997,492565.6963951936,0.016640555555555554,0.8870673229033185,30.24069506983018
