algorithm,makespan,energy,cost,reliability,load_balance
HEFT,53.83,1282.16,0.017807777777777777,0.9936097053363838,17.958989617027903
GA,53.83,1282.16,0.02380527777777778,0.9936097053363838,19.18848272675145
