algorithm,makespan,energy,cost,reliability,load_balance
HEFT,352.54999999999995,604385.2491561479,0.023985,0.871179184983646,64.7076571344897
GA,359.0299999999999,588636.761301284,0.02978694444444444,0.8693745794872653,35.30752521766383
