algorithm,makespan,energy,cost,reliability,load_balance
HEFT,835.44,494912.8498276358,0.1218825,0.8238595604052459,109.78473300054065
GA,867.19,498842.4805867227,0.14900000000000002,0.821769612479308,92.07682972077492
