algorithm,makespan,energy,cost,reliability,load_balance
HEFT,406.52,6192.879999999997,0.14010722222222224,0.969510087020772,11.017745426615848
GA,410.27,6192.879999999997,0.15450888888888895,0.969510087020772,28.911603701134045
