algorithm,makespan,energy,cost,reliability,load_balance
HEFT,435.51,1447251.2661706964,0.04434611111111112,0.7201829514598436,57.67536702856741
GA,392.45,1279263.8831698303,0.06068916666666667,0.7403060479300468,32.847890173709594
