algorithm,makespan,energy,cost,reliability,load_balance
HEFT,557.18,984894.5705337592,0.06753194444444444,0.7686352033405465,110.6951963795724
GA,600.18,990084.1732646871,0.1517911111111111,0.7581312161075316,35.12381994200728
