algorithm,makespan,energy,cost,reliability,load_balance
HEFT,122.08,5976.12,0.32519333333333333,0.9705614116629997,10.7297035516575
GA,159.72,5976.12,0.26792805555555566,0.9705614116629997,37.86788557156698
