algorithm,makespan,energy,cost,reliability,load_balance
HEFT,559.3399999999999,1030790.6782815461,0.1017113888888889,0.7377619997187056,121.01181399229435
GA,628.63,1066325.7511572784,0.21078805555555558,0.721583771567142,49.03835289584983
