algorithm,makespan,energy,cost,reliability,load_balance
HEFT,201.17,344963.449719143,0.008611111111111111,0.9260987579209896,37.43809703600624
GA,205.17,336487.18301895994,0.00861111111111111,0.9249141098473618,21.138533839962168
