algorithm,makespan,energy,cost,reliability,load_balance
HEFT,852.98,325339.88140401884,0.08545666666666668,0.8816670399272474,29.202663691291203
GA,770.1500000000001,331390.28719080705,0.07545333333333334,0.884593023671991,127.23243677092199
