algorithm,makespan,energy,cost,reliability,load_balance
HEFT,533.6499999999999,4064.6600000000003,0.07536222222222222,0.9798818262967542,17.98553006354454
GA,517.47,4064.6599999999994,0.07621527777777778,0.9798818262967542,9.774051957436422
