algorithm,makespan,energy,cost,reliability,load_balance
HEFT,627.64,1108630.5980657702,0.1055086111111111,0.7334003104812237,116.717780170648
GA,621.2,1045331.43916613,0.23799916666666665,0.7349132602490591,52.788236240502144
