algorithm,makespan,energy,cost,reliability,load_balance
HEFT,385.98999999999995,1319577.3942330112,0.06075611111111111,0.7253646391594106,65.73962804229187
GA,397.87,1303069.191394174,0.08106333333333333,0.7198704598744889,32.20948494676241
