algorithm,makespan,energy,cost,reliability,load_balance
HEFT,562.3000000000001,337806.24458474125,0.09293333333333333,0.8741567251577009,35.4488419869294
GA,489.78999999999996,328414.12215439277,0.09490527777777777,0.8792422693409442,57.320579684413055
