algorithm,makespan,energy,cost,reliability,load_balance
HEFT,638.6,2162526.3202317567,0.09815888888888889,0.593618512968436,100.45028652570005
GA,701.5999999999999,2283009.8790193843,0.18943666666666667,0.5701599177763894,47.40025687677364
