algorithm,makespan,energy,cost,reliability,load_balance
HEFT,443.73,450171.5404863318,0.08634583333333332,0.8573035692023138,101.15728406793058
GA,497.73,462059.2431639645,0.14073944444444444,0.8499283730911689,57.179551239931925
