algorithm,makespan,energy,cost,reliability,load_balance
HEFT,631.2600000000001,222404.458923423,0.05679333333333334,0.9166690289102043,60.60498274344555
GA,594.91,220755.79795263146,0.05844694444444444,0.9180028351203695,56.300920655586715
