algorithm,makespan,energy,cost,reliability,load_balance
HEFT,376.24,2907.18,0.07470222222222225,0.9855692361616908,11.574115876961573
GA,373.87,2907.1800000000007,0.06649972222222222,0.9855692361616908,9.21183070838802
