algorithm,makespan,energy,cost,reliability,load_balance
HEFT,445.5400000000001,268009.60355972534,0.0625988888888889,0.8994854512372576,44.85574049502632
GA,395.39000000000004,256685.6157464782,0.06996611111111113,0.9031014356821354,22.6592415315631
