algorithm,makespan,energy,cost,reliability,load_balance
HEFT,63.379999999999995,1180.3400000000001,0.02850527777777778,0.9941156808225022,10.613552323169968
GA,61.22,1180.3400000000001,0.02506666666666667,0.9941156808225022,20.584140810747158
