algorithm,makespan,energy,cost,reliability,load_balance
HEFT,266.27000000000004,250513.30360160745,0.020864444444444442,0.9354073276626558,71.65853817178152
GA,274.65000000000003,235168.51137811763,0.023779444444444447,0.9341539739538196,36.15656472781488
