algorithm,makespan,energy,cost,reliability,load_balance
HEFT,523.2099999999999,176611.38907895488,0.038710555555555554,0.9339701505405626,92.65607049729658
GA,482.5399999999999,174128.87847639568,0.03722555555555555,0.9354907697177437,88.98724365510668
