algorithm,makespan,energy,cost,reliability,load_balance
HEFT,346.93,2734.3,0.06353055555555556,0.9864215305179812,4.997148353477884
GA,349.66,2734.2999999999997,0.06511972222222223,0.9864215305179812,9.06447783015289
