algorithm,makespan,energy,cost,reliability,load_balance
HEFT,98.63000000000001,700.4799999999999,0.02255805555555556,0.996503726248602,10.733334368529976
GA,95.34,700.4799999999999,0.022522499999999997,0.996503726248602,7.888552887993252
