algorithm,makespan,energy,cost,reliability,load_balance
HEFT,209.97,70810.79578034958,0.010722777777777779,0.9774720313124916,96.89513038159691
GA,209.48000000000002,57908.02143402712,0.011651944444444446,0.9774911899520593,20.01129077129542
