algorithm,makespan,energy,cost,reliability,load_balance
HEFT,421.44999999999993,1411403.2396013762,0.038849999999999996,0.7274197465806583,61.916754276158926
GA,449.4599999999999,1454198.06886041,0.03369694444444444,0.7144959142236098,27.771104311809793
