algorithm,makespan,energy,cost,reliability,load_balance
HEFT,172.86999999999998,1337.56,0.04617638888888889,0.9933345135638257,7.459331962939668
GA,173.47,1337.56,0.041541944444444444,0.9933345135638257,4.364680209744281
