algorithm,makespan,energy,cost,reliability,load_balance
HEFT,317.95,100007.1175342035,0.023079166666666664,0.9640821212318873,94.56778450755134
GA,288.77,88822.47186342071,0.024465555555555556,0.9652080548508223,15.889185001125758
