algorithm,makespan,energy,cost,reliability,load_balance
HEFT,471.7700000000001,464317.23965067737,0.06522277777777777,0.8618493427377003,115.67649229460294
GA,501.45000000000005,450894.6405224848,0.10943194444444444,0.8577662950404589,51.727581065778296
