algorithm,makespan,energy,cost,reliability,load_balance
HEFT,247.56999999999996,224334.2616633679,0.012502222222222222,0.9479438579997782,61.949078214826294
GA,256.57,218235.89071208637,0.009617222222222221,0.9465798012008627,41.48151200635451
