algorithm,makespan,energy,cost,reliability,load_balance
HEFT,481.42999999999995,250184.4584467108,0.02679861111111111,0.9271228480762227,155.6157006802793
GA,498.42999999999995,226113.56894649193,0.04852694444444444,0.9258628180174916,60.28274745788739
