algorithm,makespan,energy,cost,reliability,load_balance
HEFT,136.57000000000002,1880.8799999999999,0.08264388888888889,0.9906396830698398,13.475097667284544
GA,130.24,1880.8799999999999,0.06918194444444445,0.9906396830698398,10.330994973518141
