algorithm,makespan,energy,cost,reliability,load_balance
HEFT,150.95999999999998,4117.0599999999995,0.1938105555555556,0.9796251308868316,9.567799620776624
GA,170.23,4117.0599999999995,0.19172694444444455,0.9796251308868316,32.70820085111174
