algorithm,makespan,energy,cost,reliability,load_balance
HEFT,518.03,520648.7415400652,0.07164472222222223,0.8450874211449456,132.9621763259512
GA,552.03,502263.9177580929,0.11124777777777778,0.8405026275192857,57.537590263525395
