algorithm,makespan,energy,cost,reliability,load_balance
HEFT,992.3,353684.3254056233,0.09591083333333333,0.8705601708426477,60.9942199447347
GA,799.31,353495.85897836887,0.07509305555555557,0.8773065533219501,78.75003026454439
