algorithm,makespan,energy,cost,reliability,load_balance
HEFT,201.09,345166.730966234,0.008854444444444446,0.9259872623427045,37.68567350867461
GA,206.09,339851.3387840264,0.008854444444444446,0.9245068673547641,23.932670625868113
