algorithm,makespan,energy,cost,reliability,load_balance
HEFT,44.26,566.6199999999999,0.007869722222222222,0.9971709094405292,14.427874591282459
GA,44.26,566.62,0.010572222222222222,0.9971709094405292,14.938320199509196
