algorithm,makespan,energy,cost,reliability,load_balance
HEFT,189.81,324567.5421737527,0.0073727777777777784,0.9311303507118682,34.7408754265523
GA,191.81,317627.89729419735,0.0073727777777777784,0.9305346179422332,24.351829226847588
