algorithm,makespan,energy,cost,reliability,load_balance
HEFT,387.2600000000001,208479.09742808453,0.04148666666666667,0.9257250598796302,76.29080565039094
GA,378.0800000000001,198655.71283855272,0.04886055555555557,0.9264051620665614,42.37023953453989
