algorithm,makespan,energy,cost,reliability,load_balance
HEFT,393.41,376112.11095294985,0.04238611111111112,0.8913051765476956,94.99711112932154
GA,407.54,359050.0530745448,0.06290277777777778,0.8892923899158808,43.541022376413416
