algorithm,makespan,energy,cost,reliability,load_balance
HEFT,97.2,2478.9600000000005,0.12938333333333332,0.9876816991434665,13.499635797556415
GA,116.07,2478.96,0.10853777777777779,0.9876816991434665,29.912551769003816
