algorithm,makespan,energy,cost,reliability,load_balance
HEFT,422.81999999999994,745314.0070242655,0.06543416666666665,0.8162550594527391,80.58705816850515
GA,421.41999999999996,714142.9407479473,0.08857166666666666,0.8166208236444352,50.30165926586511
