algorithm,makespan,energy,cost,reliability,load_balance
HEFT,688.1299999999999,401551.9001787453,0.10561555555555555,0.8530813216375555,61.578341841337114
GA,595.1599999999999,383433.05630418705,0.09710777777777779,0.8594498532128033,56.838389551303365
