algorithm,makespan,energy,cost,reliability,load_balance
HEFT,982.06,389554.68823697127,0.0969875,0.8613220523072744,44.72445667640918
GA,827.7099999999999,394566.27839460684,0.08431694444444444,0.8666563045505302,40.33444216795371
