algorithm,makespan,energy,cost,reliability,load_balance
HEFT,422.24,770010.378339333,0.06466777777777778,0.8054462559051152,93.29014083663154
GA,448.24,754339.1172809209,0.11082277777777776,0.7987727433644887,34.841910014343085
