algorithm,makespan,energy,cost,reliability,load_balance
HEFT,91.86000000000001,4556.9800000000005,0.23234444444444446,0.977472715543153,9.856831668662851
GA,128.55,4556.98,0.17484138888888887,0.977472715543153,30.66134134582178
