algorithm,makespan,energy,cost,reliability,load_balance
HEFT,689.33,664777.1525974497,0.13221805555555557,0.7899070489503638,105.00620486428409
GA,584.48,582406.7709416918,0.18875111111111115,0.8032703072088325,60.77780444646988
