algorithm,makespan,energy,cost,reliability,load_balance
HEFT,214.54999999999998,5973.499999999998,0.20192,0.9705741261007718,15.372665879736012
GA,221.99999999999997,5973.499999999998,0.18561166666666665,0.9705741261007718,31.62665631367523
