algorithm,makespan,energy,cost,reliability,load_balance
HEFT,949.73,324959.9077737883,0.09370388888888889,0.8795986104983241,52.21665211724443
GA,762.1699999999998,321937.63271973445,0.07430583333333333,0.88622252768241,77.06704326969688
