algorithm,makespan,energy,cost,reliability,load_balance
HEFT,536.73,4277.080000000001,0.08922222222222223,0.9788416462944165,1.8773474194547068
GA,547.2300000000001,4277.080000000001,0.0883025,0.9788416462944165,8.584021978847304
