algorithm,makespan,energy,cost,reliability,load_balance
HEFT,84.32,3609.5,0.15815944444444446,0.9821143808172466,12.051581106114584
GA,94.97999999999999,3609.5,0.11633805555555557,0.9821143808172466,27.248944828268712
