algorithm,makespan,energy,cost,reliability,load_balance
HEFT,457.66,820203.1533889788,0.07613805555555554,0.7948285881225269,92.87031061404063
GA,485.66,818292.1880327801,0.12211694444444446,0.787738733951641,45.83999556662705
