algorithm,makespan,energy,cost,reliability,load_balance
HEFT,484.96000000000004,493223.74385516334,0.07480333333333333,0.843276820026802,107.56910435467366
GA,542.96,504893.2379180787,0.13622222222222224,0.835487409900819,55.40292385485324
