algorithm,makespan,energy,cost,reliability,load_balance
HEFT,190.07,5004.04,0.19410055555555555,0.9752902109670911,13.95761052854917
GA,201.92,5004.04,0.19649694444444443,0.9752902109670911,41.94709523117582
