algorithm,makespan,energy,cost,reliability,load_balance
HEFT,269.98,253122.72360915624,0.019209722222222222,0.9382384042089507,74.72789295169505
GA,274.98,237552.6764855626,0.02107777777777778,0.9374881136418258,46.04859055027273
