algorithm,makespan,energy,cost,reliability,load_balance
HEFT,51.75,1295.46,0.02947305555555555,0.9935436324879255,7.806798506216659
GA,64.57,1295.46,0.026554444444444443,0.9935436324879255,17.528716902557356
