algorithm,makespan,energy,cost,reliability,load_balance
HEFT,422.1499999999999,1486899.426009712,0.09274944444444444,0.6843126329951166,85.24757224569343
GA,453.97999999999996,1499934.9985241643,0.15064833333333336,0.6705133942163835,39.42007520718698
