algorithm,makespan,energy,cost,reliability,load_balance
HEFT,421.03000000000003,722848.08353324,0.03412527777777778,0.8417774591249161,76.12948244059847
GA,438.03000000000003,723377.322717622,0.04169027777777779,0.8372106228044899,47.92626110103937
