algorithm,makespan,energy,cost,reliability,load_balance
HEFT,46.7,1940.4199999999998,0.02695027777777777,0.9903448135296987,13.294974398397022
GA,57.39,1940.4199999999998,0.036513055555555556,0.9903448135296987,17.94201347340478
