algorithm,makespan,energy,cost,reliability,load_balance
HEFT,470.34000000000003,877737.619955777,0.09438638888888891,0.7627565256480965,99.37578550663378
GA,506.47,886330.0871325053,0.1715294444444444,0.7539886229603668,57.392956434446646
