algorithm,makespan,energy,cost,reliability,load_balance
HEFT,302.94,1015802.7576747871,0.024533333333333338,0.7970428799064254,45.41448114198634
GA,317.94,1030458.9354280683,0.039553611111111116,0.7894278787480029,22.140172615126094
