algorithm,makespan,energy,cost,reliability,load_balance
HEFT,665.86,5093.139999999999,0.10456333333333334,0.9748558159467805,20.31457009964359
GA,644.1400000000001,5093.14,0.10033083333333334,0.9748558159467805,8.012887016134336
