algorithm,makespan,energy,cost,reliability,load_balance
HEFT,967.7799999999999,344528.5630101882,0.09889249999999998,0.8735205706501229,43.47124058884608
GA,850.3100000000001,341861.6863614446,0.08535638888888888,0.8776347273376081,42.49270162824037
