algorithm,makespan,energy,cost,reliability,load_balance
HEFT,96.97,1251.98,0.047495277777777775,0.9937596523541371,11.317785545010874
GA,92.44,1251.98,0.03183027777777778,0.9937596523541371,8.224537221023441
