algorithm,makespan,energy,cost,reliability,load_balance
HEFT,274.63,145224.452099188,0.01612611111111111,0.9575865216243227,93.70888748062876
GA,276.63,130487.39261829879,0.020001666666666668,0.9574333200373165,52.36788894787666
