algorithm,makespan,energy,cost,reliability,load_balance
HEFT,184.66,169223.1043539478,0.009294444444444445,0.9608628462695906,48.638610036163655
GA,191.66000000000003,162260.77433997707,0.010243611111111113,0.9597872823100183,29.34099679487162
