algorithm,makespan,energy,cost,reliability,load_balance
HEFT,488.59000000000003,522356.8686833542,0.08525,0.8343829578006687,123.53283022304907
GA,558.1500000000001,529010.3711367913,0.14749000000000004,0.8251480947247107,55.91868426191136
