algorithm,makespan,energy,cost,reliability,load_balance
HEFT,345.22,608745.331093216,0.032894444444444455,0.862933541115688,73.62043773038098
GA,357.79,590898.3726767099,0.03525138888888889,0.8594694488928465,35.60279021323669
