algorithm,makespan,energy,cost,reliability,load_balance
HEFT,399.2099999999999,140740.57025124622,0.029741111111111107,0.9473206950371962,72.37161984046872
GA,375.54999999999995,136799.83594727732,0.030730555555555556,0.9482176637216116,37.75336927569071
