algorithm,makespan,energy,cost,reliability,load_balance
HEFT,214.46,1649.4800000000005,0.04171277777777778,0.9917865164983561,6.3426414055975195
GA,211.44,1649.4800000000005,0.04249777777777779,0.9917865164983561,8.845686331012796
