algorithm,makespan,energy,cost,reliability,load_balance
HEFT,253.02999999999997,836722.570209066,0.010808611111111109,0.8382611434642768,32.44921739462771
GA,255.02999999999997,832168.4026977217,0.010060000000000001,0.8371888556112715,24.861545400126268
