algorithm,makespan,energy,cost,reliability,load_balance
HEFT,339.71,137257.24938918487,0.03159555555555556,0.9491580030250628,30.363891247115646
GA,331.78,137119.18473084574,0.03280861111111111,0.9494591236988364,26.287882347829648
