algorithm,makespan,energy,cost,reliability,load_balance
HEFT,422.27000000000004,1405020.6394960573,0.03752083333333335,0.7300300363508971,57.422415234204195
GA,458.12,1480681.787479263,0.06499666666666667,0.7134709198061812,27.62198629506793
