algorithm,makespan,energy,cost,reliability,load_balance
HEFT,402.11999999999995,454729.3278871978,0.08686805555555556,0.8409892512554179,69.39614016343656
GA,472.66,487006.7442770702,0.12579944444444444,0.8315508730165206,58.82744180723255
