algorithm,makespan,energy,cost,reliability,load_balance
HEFT,403.7099999999999,731841.4393252581,0.06186166666666666,0.8152409216814825,87.38091677264678
GA,420.7099999999999,713470.2912457511,0.09194361111111113,0.8108180521799598,43.83977818730492
