algorithm,makespan,energy,cost,reliability,load_balance
HEFT,112.24000000000001,5126.300000000002,0.22966027777777787,0.9746941982509738,12.951841595141794
GA,123.32000000000001,5126.300000000001,0.18938555555555556,0.9746941982509738,32.39198767012877
