algorithm,makespan,energy,cost,reliability,load_balance
HEFT,475.5699999999999,867830.7874760812,0.08603833333333334,0.7785410184613183,101.65030085598812
GA,470.74999999999994,811377.7017100371,0.1535475,0.7797427666781716,52.583005591313714
