algorithm,makespan,energy,cost,reliability,load_balance
HEFT,69.42999999999999,2534.6,0.05914694444444445,0.9874069643121518,11.466189973134057
GA,82.36,2534.6000000000004,0.07273444444444445,0.9874069643121518,24.571419069330226
