algorithm,makespan,energy,cost,reliability,load_balance
HEFT,293.03,523098.231204996,0.03624555555555555,0.8718603648050258,62.798975168049175
GA,311.55,518689.245418071,0.05085250000000001,0.8667086521722074,29.097999790959463
