algorithm,makespan,energy,cost,reliability,load_balance
HEFT,368.90999999999997,638204.6186061641,0.039274722222222225,0.8611980308615006,71.31376182551054
GA,382.71,623590.5996968985,0.042963611111111105,0.8574033651457802,27.731698991072502
