algorithm,makespan,energy,cost,reliability,load_balance
HEFT,385.39,2982.22,0.06744611111111112,0.985199519947382,9.381191733107952
GA,379.53,2982.22,0.06468222222222222,0.985199519947382,7.508135032527448
