algorithm,makespan,energy,cost,reliability,load_balance
HEFT,618.27,209141.15148721435,0.054471111111111116,0.9210707748706428,63.67269816543555
GA,560.1800000000001,204779.6243171838,0.05076277777777778,0.9232134633345376,32.41635736784746
