algorithm,makespan,energy,cost,reliability,load_balance
HEFT,751.2099999999999,422647.49867547024,0.09159416666666667,0.8530755207042915,148.77180990170334
GA,793.1099999999999,418975.12506461906,0.11537611111111112,0.8502207987458411,79.34253727622132
