algorithm,makespan,energy,cost,reliability,load_balance
HEFT,436.35999999999996,1482902.106242552,0.06788666666666666,0.7015521791173969,71.54311803933123
GA,469.97999999999996,1533365.2633303544,0.07768,0.6866182624012076,36.31911599156469
