algorithm,makespan,energy,cost,reliability,load_balance
HEFT,1084.5099999999998,449231.031120045,0.10645805555555554,0.8434930639247399,46.5015816935294
GA,1001.7700000000003,455435.81722351443,0.10377055555555559,0.8462893132501074,118.58714980974972
