algorithm,makespan,energy,cost,reliability,load_balance
HEFT,714.28,5674.919999999997,0.10151888888888888,0.9720241783358015,6.047547712365254
GA,718.28,5674.919999999998,0.12078527777777776,0.9720241783358015,9.275812632864088
