algorithm,makespan,energy,cost,reliability,load_balance
HEFT,510.8300000000001,540530.2112052934,0.09136305555555553,0.82524315726072,114.88881464086631
GA,590.85,562944.0596936618,0.16108277777777782,0.8147447540571123,62.02398780243549
