algorithm,makespan,energy,cost,reliability,load_balance
HEFT,580.5499999999998,575380.4351563172,0.10597666666666666,0.8173005348903764,109.89423818494762
GA,584.87,552485.7512780618,0.1711447222222222,0.8167358119513912,46.062664413998746
