algorithm,makespan,energy,cost,reliability,load_balance
HEFT,808.49,316901.56709421263,0.07702055555555556,0.885332852645203,38.92684206731045
GA,730.88,318496.7754487741,0.07512277777777777,0.8880855504798196,55.373462657365636
