algorithm,makespan,energy,cost,reliability,load_balance
HEFT,376.4899999999999,210429.10616483833,0.041860277777777774,0.9251834840551305,82.7438043861032
GA,412.59999999999997,211209.93974793988,0.057391388888888895,0.9225146706963813,43.35446945158677
