algorithm,makespan,energy,cost,reliability,load_balance
HEFT,472.37999999999994,470473.24531097827,0.06682055555555554,0.8546767087254067,108.97288228423315
GA,517.3100000000001,474088.0307745839,0.1207316666666667,0.84855464032946,59.146957261834984
