algorithm,makespan,energy,cost,reliability,load_balance
HEFT,171.71,4567.659999999999,0.18365972222222227,0.9774205198937792,12.045671127698395
GA,182.73,4567.659999999999,0.22858388888888892,0.9774205198937792,29.457687727484654
