algorithm,makespan,energy,cost,reliability,load_balance
HEFT,481.82,1617948.9534473454,0.0653238888888889,0.6829355410998325,70.68356625318822
GA,503.52,1636725.8685057203,0.09278861111111113,0.6735164895910699,34.77338005559815
