algorithm,makespan,energy,cost,reliability,load_balance
HEFT,193.92000000000002,105305.22003919144,0.016268888888888892,0.9632263963063317,48.01223205377683
GA,206.92000000000002,106310.29523487338,0.017669722222222226,0.9622251615864721,39.75266601571702
