algorithm,makespan,energy,cost,reliability,load_balance
HEFT,214.15000000000003,3143.760000000001,0.08551611111111111,0.9844040955704983,10.27911196831435
GA,221.65999999999997,3143.760000000001,0.09832249999999998,0.9844040955704983,17.939861442369843
