algorithm,makespan,energy,cost,reliability,load_balance
HEFT,389.26,244134.72637825622,0.04987416666666667,0.9127230363452193,93.5541154989224
GA,411.26,248212.98173904582,0.062246944444444445,0.9111180565977283,93.5816835615511
