algorithm,makespan,energy,cost,reliability,load_balance
HEFT,441.27000000000004,1533585.583950869,0.09378333333333334,0.675414704314178,81.45898890233705
GA,475.72,1570136.4763095935,0.1571516666666667,0.6606861254102024,41.66210942667163
