algorithm,makespan,energy,cost,reliability,load_balance
HEFT,594.56,2013311.592488563,0.09413305555555555,0.6135241814754747,92.9543218562801
GA,657.5600000000001,2140835.7838828396,0.19881833333333335,0.5892789547863766,44.90065421111712
