algorithm,makespan,energy,cost,reliability,load_balance
HEFT,691.7,5306.280000000001,0.13212444444444446,0.9738174654870412,19.39636134261615
GA,672.0900000000001,5306.280000000001,0.12223638888888885,0.9738174654870412,6.684796182382899
