algorithm,makespan,energy,cost,reliability,load_balance
HEFT,1300.93,433292.03838023567,0.13240694444444445,0.8420377769583407,44.69005435590039
GA,947.9300000000002,427459.8307153482,0.09893333333333336,0.8540116872352772,54.40778521192228
