algorithm,makespan,energy,cost,reliability,load_balance
HEFT,124.6,41460.85802568219,0.008398611111111112,0.9854717681841054,44.933676587462394
GA,124.6,42719.61227929374,0.007956666666666667,0.9854717681841054,50.41664300274926
