algorithm,makespan,energy,cost,reliability,load_balance
HEFT,103.36,609.9799999999999,0.013883333333333333,0.9969547462203023,18.45665440069426
GA,79.25,609.98,0.011627222222222223,0.9969547462203023,2.805712921879216
