algorithm,makespan,energy,cost,reliability,load_balance
HEFT,268.01,1961.4199999999996,0.0466875,0.9902408327833628,22.745888089938347
GA,250.83000000000004,1961.4199999999996,0.04425,0.9902408327833628,6.2082277395942
