algorithm,makespan,energy,cost,reliability,load_balance
HEFT,424.51,141240.41054392123,0.031125000000000003,0.9470149492668605,81.45371712410261
GA,377.41999999999996,134847.18091251125,0.028971666666666666,0.9488004276609522,39.960208958412615
