algorithm,makespan,energy,cost,reliability,load_balance
HEFT,500.12,488035.2414620492,0.06351555555555558,0.8556344828925935,119.66976379464725
GA,551.01,490201.43024627503,0.10949805555555556,0.8486958515700603,56.079581013651186
