algorithm,makespan,energy,cost,reliability,load_balance
HEFT,56.77,642.18,0.016892499999999998,0.9967942494264994,10.996577308417379
GA,56.77,642.18,0.011764444444444444,0.9967942494264994,20.096999731658595
