algorithm,makespan,energy,cost,reliability,load_balance
HEFT,128.86,68512.26439546797,0.006773611111111111,0.9801371187629045,45.40681617727831
GA,128.86,66547.90058978737,0.006773611111111111,0.9801371187629045,41.233089152662686
