algorithm,makespan,energy,cost,reliability,load_balance
HEFT,526.73,1798417.695061986,0.09428555555555554,0.6458179668308359,88.78998306542205
GA,560.73,1827393.330444242,0.1480513888888889,0.6319167614979037,37.25741972418338
