algorithm,makespan,energy,cost,reliability,load_balance
HEFT,675.1599999999999,235626.6564666153,0.06278583333333332,0.9115580506014594,47.97942684109512
GA,577.93,235570.62793071824,0.05936138888888889,0.9151101851753229,83.9808585333586
