algorithm,makespan,energy,cost,reliability,load_balance
HEFT,423.44999999999993,781574.8448931394,0.08683305555555557,0.790922257391332,89.62194082094013
GA,430.6,756863.4525081282,0.14280027777777782,0.7891146959053009,57.013548579906754
