algorithm,makespan,energy,cost,reliability,load_balance
HEFT,211.47999999999996,1648.86,0.04388361111111112,0.9917895910413228,4.192909689781857
GA,209.42999999999998,1648.86,0.039449166666666674,0.9917895910413228,4.089501803398543
