algorithm,makespan,energy,cost,reliability,load_balance
HEFT,379.21,132557.15703699796,0.028248055555555557,0.9512914466810926,93.46972878959262
GA,381.53000000000003,135182.37800435093,0.028384166666666672,0.9512031709308987,109.19595322171973
