algorithm,makespan,energy,cost,reliability,load_balance
HEFT,698.4300000000001,5442.499999999999,0.12076916666666665,0.973154424235628,14.737169278166494
GA,695.14,5442.499999999999,0.1071513888888889,0.973154424235628,13.145966111321014
