algorithm,makespan,energy,cost,reliability,load_balance
HEFT,1003.48,388489.24071232113,0.10247333333333333,0.8607895754089536,25.01870150507411
GA,841.9700000000003,393029.2558285926,0.08653194444444448,0.8663686224152963,54.07296883224862
