algorithm,makespan,energy,cost,reliability,load_balance
HEFT,45.83,511.0999999999999,0.007098611111111111,0.9974477625104181,15.759356255359332
GA,45.83,511.09999999999997,0.011174444444444447,0.9974477625104181,16.332400606871403
