algorithm,makespan,energy,cost,reliability,load_balance
HEFT,115.75999999999999,107626.58033863165,0.005965277777777778,0.9734344410419667,31.227293830878136
GA,115.75999999999999,106843.92138908085,0.005965277777777778,0.9734344410419667,30.24472648247955
