algorithm,makespan,energy,cost,reliability,load_balance
HEFT,620.5700000000002,382091.12183959916,0.08611805555555557,0.8632276789847462,112.81232781546026
GA,649.23,377312.4283227824,0.10233194444444445,0.8612507377938049,56.06001981295201
