algorithm,makespan,energy,cost,reliability,load_balance
HEFT,394.53999999999996,1309266.2016018655,0.027159722222222227,0.7503256250061456,52.344017062336945
GA,416.53999999999996,1348005.8408796275,0.025938888888888893,0.7398350670431583,28.45709482768306
