algorithm,makespan,energy,cost,reliability,load_balance
HEFT,559.08,566319.2958968305,0.08142861111111112,0.8307576194641221,142.80086339462378
GA,599.2800000000001,551986.5786443733,0.16151972222222222,0.8254313341519258,70.76721076588603
