algorithm,makespan,energy,cost,reliability,load_balance
HEFT,533.47,564323.8238888786,0.0998877777777778,0.8159690937840178,112.4433314589324
GA,605.57,593685.6789636211,0.13813333333333333,0.8066101604354714,88.44521190874798
