algorithm,makespan,energy,cost,reliability,load_balance
HEFT,190.29000000000002,5348.02,0.2247944444444444,0.9736142509881646,11.95782531441232
GA,207.88,5348.02,0.22937333333333337,0.9736142509881646,40.40774809674502
