algorithm,makespan,energy,cost,reliability,load_balance
HEFT,392.56000000000006,1341158.2211891178,0.06282055555555556,0.7225351569796298,66.7174093583012
GA,404.56000000000006,1327594.825959067,0.074595,0.7170073409578441,35.723638437723096
