algorithm,makespan,energy,cost,reliability,load_balance
HEFT,89.44,587.38,0.01645777777777778,0.9970674084719225,12.359003128623819
GA,78.93,587.38,0.011471666666666668,0.9970674084719225,4.024188323956362
