algorithm,makespan,energy,cost,reliability,load_balance
HEFT,215.29,66268.84123740072,0.008965277777777779,0.9802025941092901,99.5320837301554
GA,215.29,65586.3905894375,0.007905833333333334,0.9802025941092901,97.04064281698331
