algorithm,makespan,energy,cost,reliability,load_balance
HEFT,178.39,4463.92,0.16381972222222224,0.9779276394275291,14.264908224964735
GA,182.83,4463.92,0.14340750000000002,0.9779276394275291,45.13661492255115
