algorithm,makespan,energy,cost,reliability,load_balance
HEFT,602.3899999999999,593776.840369196,0.0966572222222222,0.8229943034647852,140.3462777427673
GA,646.73,588534.7042351522,0.18315888888888895,0.8171763146500505,73.8225361904028
