algorithm,makespan,energy,cost,reliability,load_balance
HEFT,175.44,298361.97417920653,0.007076111111111112,0.9360361326416549,30.607538087902775
GA,181.71,297619.5755324418,0.006916944444444444,0.9341599525583844,18.465712098001806
