algorithm,makespan,energy,cost,reliability,load_balance
HEFT,249.36,1889.98,0.04751388888888889,0.9905946099896805,11.25019518349202
GA,243.94000000000003,1889.9800000000002,0.04008083333333333,0.9905946099896805,5.387060886977248
