algorithm,makespan,energy,cost,reliability,load_balance
HEFT,397.03000000000003,142545.25224794095,0.0335688888888889,0.9461456099991498,48.88466801223741
GA,346.65000000000003,140322.3529785086,0.031011111111111114,0.9480542050869252,29.3391132563114
