algorithm,makespan,energy,cost,reliability,load_balance
HEFT,628.0400000000001,420501.24328068283,0.10385333333333333,0.8471841445419238,52.47436665036697
GA,656.7500000000001,422704.29537875904,0.11281138888888889,0.8452405648600587,31.45082803247909
