algorithm,makespan,energy,cost,reliability,load_balance
HEFT,408.65,6381.160000000001,0.15643861111111113,0.9685978196964538,9.08443527610353
GA,427.07,6381.16,0.14522388888888887,0.9685978196964538,32.07750335404195
