algorithm,makespan,energy,cost,reliability,load_balance
HEFT,722.26,285557.9314235871,0.06647805555555555,0.8964940705120842,57.15458008768853
GA,677.1,285734.01871215476,0.06943527777777778,0.8981149609485415,52.99200718032863
