algorithm,makespan,energy,cost,reliability,load_balance
HEFT,491.90000000000003,882113.9897336857,0.08136722222222224,0.7748337412983831,95.24875578678942
GA,542.5400000000001,915326.4328713091,0.1444452777777778,0.7623789021238969,47.51595237964146
