algorithm,makespan,energy,cost,reliability,load_balance
HEFT,547.5600000000001,560862.0082182775,0.10034388888888891,0.8200660444130781,113.50870697146249
GA,595.64,568541.6729568195,0.15275361111111113,0.8137816436577877,67.79801323293577
