algorithm,makespan,energy,cost,reliability,load_balance
HEFT,464.4,1586898.3087855298,0.07118555555555556,0.6856417623324322,80.21918340961071
GA,481.86,1570356.265844851,0.10382944444444447,0.6780227751088183,34.29122817517484
