algorithm,makespan,energy,cost,reliability,load_balance
HEFT,585.31,1958926.9756368417,0.08334749999999998,0.6234674004452454,80.61902924473902
GA,615.14,1996007.3571707257,0.14214611111111114,0.6116775588108097,34.734041673367955
