algorithm,makespan,energy,cost,reliability,load_balance
HEFT,73.39,3120.3199999999997,0.10619222222222223,0.9845194744915718,11.271922582668738
GA,95.05000000000001,3120.3199999999997,0.0879172222222222,0.9845194744915718,26.299253270400005
