algorithm,makespan,energy,cost,reliability,load_balance
HEFT,524.6700000000001,918753.7134008043,0.05168750000000002,0.7944919700333432,104.80490275282088
GA,559.6700000000001,923861.2020833709,0.09410416666666666,0.7856433049910582,51.87596201109541
