algorithm,makespan,energy,cost,reliability,load_balance
HEFT,414.07000000000005,252402.72939358078,0.05149666666666668,0.9106870175252338,102.82346160844254
GA,447.14,247126.21103010242,0.07464277777777777,0.9082808881829778,53.404052013199994
