algorithm,makespan,energy,cost,reliability,load_balance
HEFT,180.2,2772.0600000000004,0.05905388888888889,0.9862353117126277,5.8143220646459355
GA,194.84,2772.0600000000004,0.061754722222222225,0.9862353117126277,17.303989579202337
