algorithm,makespan,energy,cost,reliability,load_balance
HEFT,180.93,2527.100000000001,0.06776916666666667,0.9874439927675926,11.270982892238944
GA,183.65000000000003,2527.1,0.07399777777777779,0.9874439927675926,14.656508975780794
