algorithm,makespan,energy,cost,reliability,load_balance
HEFT,425.75000000000006,218979.39377568997,0.03795111111111111,0.9237435399799349,82.12388742451425
GA,431.08000000000004,212566.8297763756,0.060388333333333336,0.923349739698674,43.04654524050514
