algorithm,makespan,energy,cost,reliability,load_balance
HEFT,58.01,1987.9199999999998,0.02761,0.9901096345650929,13.441474273499962
GA,62.849999999999994,1987.9199999999998,0.04754944444444444,0.9901096345650929,22.908350463700828
