algorithm,makespan,energy,cost,reliability,load_balance
HEFT,341.93999999999994,602774.6509329121,0.02926972222222222,0.8643146484737421,72.84218717099897
GA,348.93999999999994,574363.7784146271,0.0305975,0.8623807504355907,31.193608830253
