algorithm,makespan,energy,cost,reliability,load_balance
HEFT,432.09000000000003,763592.761994029,0.05060666666666666,0.8204292500653412,88.47536369719427
GA,466.07,772675.9464243569,0.07618944444444443,0.811556557051074,42.56144659418329
