algorithm,makespan,energy,cost,reliability,load_balance
HEFT,70.84,2765.9999999999995,0.09804805555555555,0.9862651950953036,10.409399830860071
GA,88.85000000000001,2766.0,0.08647444444444446,0.9862651950953036,27.245469555328324
