algorithm,makespan,energy,cost,reliability,load_balance
HEFT,379.07000000000005,655209.2879679216,0.026516944444444447,0.8563798939051478,72.37096597969851
GA,395.07000000000005,649761.231503278,0.032279722222222224,0.8520064344585008,39.141706006416506
