algorithm,makespan,energy,cost,reliability,load_balance
HEFT,108.47999999999999,4650.259999999998,0.1988563888888889,0.9770169285664089,15.241807208988302
GA,142.28,4650.26,0.17761916666666666,0.9770169285664089,36.89807132684755
