algorithm,makespan,energy,cost,reliability,load_balance
HEFT,474.8100000000001,861938.3496556521,0.08687388888888889,0.7799268076870923,98.88727520964012
GA,522.8100000000001,887732.5582142656,0.1365577777777778,0.7680386665742113,52.533380708932846
