algorithm,makespan,energy,cost,reliability,load_balance
HEFT,350.65,600538.7208327393,0.02878333333333333,0.8633312725217124,60.88558503058116
GA,365.65,605155.6102830574,0.028312222222222218,0.8591972120960226,40.14857600013617
