algorithm,makespan,energy,cost,reliability,load_balance
HEFT,48.8,1801.2,0.025016666666666666,0.9910344325484497,13.796622249082235
GA,49.18,1801.2,0.02870638888888889,0.9910344325484497,16.795691219726177
