algorithm,makespan,energy,cost,reliability,load_balance
HEFT,416.46,1378312.6571579503,0.03700944444444444,0.7401458630339055,53.23451581919355
GA,401.12,1297456.3158157158,0.031524722222222225,0.7474481056551151,26.459347042822877
