algorithm,makespan,energy,cost,reliability,load_balance
HEFT,146.56,4076.4800000000005,0.18575861111111108,0.9798239169920568,10.511941146461325
GA,171.39000000000004,4076.4800000000005,0.18127638888888892,0.9798239169920568,33.26895249327818
