algorithm,makespan,energy,cost,reliability,load_balance
HEFT,572.82,556017.8479277958,0.07641333333333333,0.8328757563336611,125.15583680456139
GA,617.82,559666.4337671166,0.11021500000000004,0.8269005873092544,72.60811565922458
