algorithm,makespan,energy,cost,reliability,load_balance
HEFT,968.99,375030.19454277144,0.10278305555555556,0.8653116049357986,34.68530560626503
GA,808.9000000000001,378978.1510075411,0.08409666666666668,0.8708704937837993,38.31106400245233
