algorithm,makespan,energy,cost,reliability,load_balance
HEFT,78.47,3152.6399999999994,0.12133583333333336,0.9843603889989481,14.776999127894891
GA,93.21000000000001,3152.6399999999994,0.09406083333333336,0.9843603889989481,33.55934137536652
