algorithm,makespan,energy,cost,reliability,load_balance
HEFT,379.40000000000003,687720.0780969952,0.04766638888888889,0.8359223107003046,88.13904736759378
GA,400.40000000000003,670854.1797952048,0.06521805555555556,0.8303237450215855,42.38860216435051
