algorithm,makespan,energy,cost,reliability,load_balance
HEFT,815.4000000000001,274476.13182487123,0.0753825,0.8969452998481455,28.232964627659427
GA,647.4,269655.28027494595,0.0652611111111111,0.9029930700119239,22.81816874773258
