algorithm,makespan,energy,cost,reliability,load_balance
HEFT,143.10999999999999,4236.859999999999,0.15658916666666667,0.9790385111435834,7.910858544852553
GA,175.15999999999997,4236.859999999998,0.14855250000000003,0.9790385111435834,39.927336870662096
