algorithm,makespan,energy,cost,reliability,load_balance
HEFT,463.5899999999999,473409.1518798938,0.07486944444444443,0.8491345709414728,104.37349344222089
GA,503.0999999999999,471512.9939972172,0.12034083333333333,0.8437836129656286,48.55265348052565
