algorithm,makespan,energy,cost,reliability,load_balance
HEFT,415.1,207421.3516020236,0.02333055555555556,0.9390693005448186,121.33511898133321
GA,365.22,178597.80228355512,0.023417222222222225,0.9428240491738487,84.52707688537275
