algorithm,makespan,energy,cost,reliability,load_balance
HEFT,88.89999999999999,1146.34,0.036090833333333336,0.9942846948540277,10.274742871304785
GA,83.31,1146.34,0.03721555555555556,0.9942846948540277,11.13075140256552
