algorithm,makespan,energy,cost,reliability,load_balance
HEFT,197.54999999999998,62368.229460895964,0.0089375,0.9794422519471752,80.15748389888495
GA,199.54999999999998,55306.37399148083,0.0112325,0.979363899701151,40.177517241196796
