algorithm,makespan,energy,cost,reliability,load_balance
HEFT,509.02000000000004,335585.60809005535,0.08365611111111113,0.8764864797594508,57.6195913947678
GA,543.13,342807.25688140956,0.08703527777777778,0.8740979837995021,69.05067206407189
