algorithm,makespan,energy,cost,reliability,load_balance
HEFT,534.63,174996.66139199072,0.04582388888888889,0.9330500830439322,41.86066132619825
GA,458.14,172068.28838346357,0.040911944444444445,0.9359092147472964,57.32918134190767
