algorithm,makespan,energy,cost,reliability,load_balance
HEFT,445.36,785300.70767469,0.06559916666666667,0.8084539167850676,85.73497935251756
GA,417.89,713853.907798703,0.09024555555555555,0.8155918768943181,54.769190427287526
