algorithm,makespan,energy,cost,reliability,load_balance
HEFT,443.24999999999994,780959.9696785109,0.059561666666666666,0.8092637461794998,84.80436833506677
GA,412.91999999999996,694429.7101617747,0.09362250000000001,0.8171563757912281,37.786103756497226
