algorithm,makespan,energy,cost,reliability,load_balance
HEFT,96.57,3819.020000000002,0.16231916666666665,0.981086056522214,12.386215994943212
GA,122.25999999999999,3819.020000000001,0.13995055555555555,0.981086056522214,40.24744670197385
