algorithm,makespan,energy,cost,reliability,load_balance
HEFT,318.98999999999995,96971.60807548824,0.0232675,0.9637204654708645,69.17751922891327
GA,325.98999999999995,93524.47099604283,0.025044444444444442,0.9634506615148493,17.10319560783891
