algorithm,makespan,energy,cost,reliability,load_balance
HEFT,170.89999999999998,1130.6399999999999,0.027423888888888893,0.9943627492661693,20.23422348398869
GA,145.82999999999998,1130.6399999999999,0.02825305555555556,0.9943627492661693,4.0587929240107785
