algorithm,makespan,energy,cost,reliability,load_balance
HEFT,159.35,2389.38,0.08230861111111111,0.9881241808628966,8.435736799897377
GA,175.30999999999997,2389.38,0.07146194444444445,0.9881241808628966,23.56448474020657
