algorithm,makespan,energy,cost,reliability,load_balance
HEFT,384.5799999999999,221846.74065214,0.047463611111111116,0.9188305121706416,70.41646068721634
GA,364.79999999999995,211627.18618421056,0.05563888888888889,0.9202856205512198,42.825344882274024
