algorithm,makespan,energy,cost,reliability,load_balance
HEFT,807.5499999999997,292337.2915980434,0.0736436111111111,0.892215842300779,64.2648143102687
GA,738.6799999999998,293553.07447067735,0.0672425,0.8946771070927447,104.90578546962982
