algorithm,makespan,energy,cost,reliability,load_balance
HEFT,410.53999999999996,386518.60566570854,0.040322222222222225,0.8940911066468872,101.61074363922678
GA,423.53999999999996,368616.2042546158,0.058196111111111115,0.892233329902666,53.260627198553834
