algorithm,makespan,energy,cost,reliability,load_balance
HEFT,103.75,2389.359999999999,0.08543333333333336,0.9881242796753197,14.439674280721615
GA,103.95,2389.36,0.08101888888888889,0.9881242796753197,31.317718201256827
