algorithm,makespan,energy,cost,reliability,load_balance
HEFT,310.94,168742.7413970541,0.024307500000000006,0.9444501241992522,89.89036384674388
GA,321.94,158413.68531403368,0.03581583333333334,0.9436193736737992,44.75897513747542
