algorithm,makespan,energy,cost,reliability,load_balance
HEFT,188.68,4868.679999999999,0.20391888888888887,0.9759505108021331,14.709121376433968
GA,195.51000000000002,4868.68,0.16708166666666668,0.9759505108021331,47.77800970809339
