algorithm,makespan,energy,cost,reliability,load_balance
HEFT,528.2900000000001,523195.40216547734,0.08296583333333336,0.8375080528381569,113.98271715301111
GA,575.7599999999999,536315.8530464082,0.12926305555555553,0.8311711073228149,81.44938491429302
