algorithm,makespan,energy,cost,reliability,load_balance
HEFT,411.63,213939.82615455627,0.03456833333333333,0.9335409964865301,121.02625382240711
GA,427.63,201595.95248228608,0.045477222222222224,0.9323468284416199,65.75181040419017
