algorithm,makespan,energy,cost,reliability,load_balance
HEFT,626.3000000000001,201285.65449465116,0.057593055555555564,0.9229926570835884,26.343870096602444
GA,506.4,195149.67363744078,0.04834527777777778,0.927429962018767,20.73122986382304
