algorithm,makespan,energy,cost,reliability,load_balance
HEFT,381.72,3004.5400000000004,0.0753938888888889,0.9850895778158409,5.562082194046866
GA,393.91999999999996,3004.5400000000004,0.07341416666666667,0.9850895778158409,17.61202122604517
