algorithm,makespan,energy,cost,reliability,load_balance
HEFT,378.06,696349.0066391578,0.06659500000000002,0.820670819993909,86.31988904217864
GA,413.06,703722.0008957539,0.10794500000000001,0.8115305876567608,44.769900232574535
