algorithm,makespan,energy,cost,reliability,load_balance
HEFT,249.59,824464.1103008934,0.0081875,0.8423770180934774,31.61703674405934
GA,256.59000000000003,828933.7488990219,0.0081875,0.8386116098646198,17.262651300872527
