algorithm,makespan,energy,cost,reliability,load_balance
HEFT,350.59999999999997,196009.51882487163,0.03157777777777778,0.9351218849070333,104.54970506209678
GA,350.01,182334.98174337874,0.03544805555555555,0.9351660237016683,64.53041586282062
