algorithm,makespan,energy,cost,reliability,load_balance
HEFT,629.44,187593.80597038637,0.054248055555555556,0.9279672850464957,37.82578430559419
GA,467.34999999999997,176274.46297207658,0.043563611111111115,0.9340034004697672,30.973119932182097
