algorithm,makespan,energy,cost,reliability,load_balance
HEFT,628.5600000000001,4921.040000000002,0.08883583333333334,0.9756950404009398,10.134189656800414
GA,621.4399999999998,4921.040000000001,0.08995722222222223,0.9756950404009398,5.596224918043638
