algorithm,makespan,energy,cost,reliability,load_balance
HEFT,892.7699999999999,331472.17141032964,0.07876,0.8796485731183254,96.01646260754804
GA,815.0799999999998,328728.0590494184,0.08055333333333334,0.8823864208886903,66.17092834722297
