algorithm,makespan,energy,cost,reliability,load_balance
HEFT,55.18,601.1400000000001,0.008349166666666668,0.996998812593945,16.207057051984812
GA,55.18,601.1400000000001,0.00834916666666667,0.996998812593945,16.20705705198481
