algorithm,makespan,energy,cost,reliability,load_balance
HEFT,186.05,316259.61768341844,0.006964166666666667,0.9330814340534165,32.487970315514836
GA,183.51000000000002,311371.82404228655,0.006961944444444446,0.9338401509437892,31.487759358444702
