algorithm,makespan,energy,cost,reliability,load_balance
HEFT,688.1499999999999,5421.3600000000015,0.09568722222222223,0.9732572920947403,9.150624750984587
GA,687.0900000000001,5421.360000000001,0.10394638888888887,0.9732572920947403,9.067903101967318
