algorithm,makespan,energy,cost,reliability,load_balance
HEFT,927.09,397323.788413207,0.09605138888888891,0.8614543615355974,30.664797406798527
GA,850.6599999999999,402875.6994568924,0.0880588888888889,0.8640920296948249,77.71994467316613
