algorithm,makespan,energy,cost,reliability,load_balance
HEFT,102.99000000000001,4812.379999999999,0.22085444444444444,0.9762252795428098,14.651447491933041
GA,119.25,4812.380000000002,0.17041083333333337,0.9762252795428098,35.21862855762329
