algorithm,makespan,energy,cost,reliability,load_balance
HEFT,621.5699999999999,1087006.498946217,0.10069166666666668,0.7421187560769087,111.03053987702242
GA,620.9399999999999,1037359.042306825,0.18242194444444448,0.7422683822999503,50.659090496170506
