algorithm,makespan,energy,cost,reliability,load_balance
HEFT,212.17,702529.5686477824,0.00876638888888889,0.8631979844633377,27.828722085583927
GA,217.17,703306.6608647604,0.007862777777777778,0.8604401657762927,16.382951501508927
