algorithm,makespan,energy,cost,reliability,load_balance
HEFT,276.71,249483.5501066098,0.009324722222222222,0.9439319521705016,68.68068757845978
GA,284.71,239139.82385585332,0.009324722222222222,0.9427244922109561,41.09641808702229
