algorithm,makespan,energy,cost,reliability,load_balance
HEFT,216.74,199174.93093106948,0.008641944444444445,0.9539702428513952,57.6382887750553
GA,218.74,190764.54681356862,0.008641944444444445,0.9536650212117497,43.55190726305795
