algorithm,makespan,energy,cost,reliability,load_balance
HEFT,518.8,188327.67338087893,0.042528888888888894,0.9325888970974353,144.8982163163738
GA,515.06,176501.18345435482,0.04754638888888889,0.9327284228327059,30.346763006950194
