algorithm,makespan,energy,cost,reliability,load_balance
HEFT,113.61,5487.88,0.2176352777777778,0.9729336405456258,14.734302185278295
GA,125.96000000000001,5487.88,0.20917944444444442,0.9729336405456258,24.967707070753768
