algorithm,makespan,energy,cost,reliability,load_balance
HEFT,568.6,1004657.3213330987,0.09006749999999998,0.7510345672362304,102.69048069663346
GA,604.6700000000001,1019130.0163891051,0.16285444444444444,0.7424156629567568,56.705162249178386
