algorithm,makespan,energy,cost,reliability,load_balance
HEFT,345.49999999999994,133140.36219971057,0.02740361111111111,0.9504672245245981,50.219181262408725
GA,325.81,132041.57435315062,0.029350000000000005,0.951216107381991,37.4467991511513
