algorithm,makespan,energy,cost,reliability,load_balance
HEFT,420.8699999999999,1417202.9413833248,0.043962222222222215,0.7205889609740198,64.62912511165852
GA,456.8699999999999,1481713.3596865626,0.05157416666666667,0.7041763901621211,30.055907482609378
