algorithm,makespan,energy,cost,reliability,load_balance
HEFT,485.99,840680.9616658778,0.041977777777777774,0.816255385954828,92.0302820933274
GA,508.99,836570.8615493429,0.07005861111111113,0.8102698002891576,47.12397516212576
