algorithm,makespan,energy,cost,reliability,load_balance
HEFT,485.49,1659553.6942882447,0.08699249999999999,0.6674048804903746,82.51135348525229
GA,509.49,1661266.9991560185,0.1016886111111111,0.6572318702533954,33.756631611844476
