algorithm,makespan,energy,cost,reliability,load_balance
HEFT,466.3099999999999,1571073.3935150434,0.056472222222222215,0.6939165296419527,71.71808373830302
GA,483.55999999999995,1568536.798887418,0.07373083333333334,0.6862978237925086,30.46085859792559
