algorithm,makespan,energy,cost,reliability,load_balance
HEFT,372.06000000000006,113553.1534429931,0.02177166666666667,0.9640728660879482,154.93151161615472
GA,373.76000000000005,106040.3977686216,0.02102305555555556,0.9640073113619402,120.17523299332524
