algorithm,makespan,energy,cost,reliability,load_balance
HEFT,203.51,190680.5414475947,0.01688277777777778,0.9474446126881448,50.85416439437383
GA,207.48000000000002,185537.4778773858,0.019068055555555557,0.946842986966723,38.84871284332769
