algorithm,makespan,energy,cost,reliability,load_balance
HEFT,53.12,1213.96,0.01686055555555556,0.9939485840214356,17.931078883306345
GA,53.12,1213.9599999999998,0.024772222222222227,0.9939485840214356,19.432194675829976
