algorithm,makespan,energy,cost,reliability,load_balance
HEFT,291.34,502075.10393354844,0.01740916666666667,0.8914110698926097,55.493960202454616
GA,298.34,490791.5737748876,0.021791944444444444,0.8894165437992525,31.574173596571786
