algorithm,makespan,energy,cost,reliability,load_balance
HEFT,219.79000000000002,396328.5447927568,0.02329111111111111,0.9027500169938806,50.22439726111141
GA,242.92000000000002,407743.6498435699,0.028862222222222223,0.8960928895571186,29.159097118361956
