algorithm,makespan,energy,cost,reliability,load_balance
HEFT,439.90999999999997,1481624.3191334591,0.04886305555555556,0.7101530278410534,67.74460834557856
GA,463.90999999999997,1505979.295229678,0.06465500000000002,0.699328423117245,31.76529994397588
