algorithm,makespan,energy,cost,reliability,load_balance
HEFT,395.08000000000004,380574.10053660016,0.0534138888888889,0.8861424167869746,91.2778692327262
GA,413.08000000000004,381548.4788418709,0.0738275,0.8835939981109883,73.54273187519394
