algorithm,makespan,energy,cost,reliability,load_balance
HEFT,110.03,2687.4,0.11465361111111111,0.986652873490791,14.52705011349517
GA,113.43,2687.4000000000005,0.08435972222222222,0.986652873490791,25.603233877774112
