algorithm,makespan,energy,cost,reliability,load_balance
HEFT,506.13,1737448.525813526,0.0965211111111111,0.6431212521316981,85.5942677798047
GA,537.13,1763107.348630685,0.17604944444444443,0.6304874680399467,40.44950107329351
