algorithm,makespan,energy,cost,reliability,load_balance
HEFT,318.21999999999997,108647.27691534159,0.023593055555555558,0.9623949130766172,116.61421782955968
GA,325.61999999999995,97887.92346907436,0.028283888888888886,0.9621100863387833,37.74072601315454
