algorithm,makespan,energy,cost,reliability,load_balance
HEFT,472.66,481984.6075191469,0.07262333333333335,0.8470370861394699,107.01032895434285
GA,551.5,504367.7327470535,0.13132388888888888,0.8364193306214719,44.15847411596102
