algorithm,makespan,energy,cost,reliability,load_balance
HEFT,316.78000000000003,4805.240000000001,0.1553511111111111,0.9762601314073915,8.624002633845349
GA,325.21,4805.240000000002,0.14714444444444444,0.9762601314073915,21.915657644706872
