algorithm,makespan,energy,cost,reliability,load_balance
HEFT,590.85,365683.63173394266,0.08978694444444445,0.8674848771440915,93.19139405967549
GA,600.48,368257.58997801755,0.1014913888888889,0.8668168241617902,96.78684834470023
