algorithm,makespan,energy,cost,reliability,load_balance
HEFT,415.98,1390248.864392519,0.04894166666666668,0.7296204584328109,59.42141432123201
GA,341.74,1118850.4740153337,0.04639527777777779,0.7651241276133146,31.610128885999252
