algorithm,makespan,energy,cost,reliability,load_balance
HEFT,312.44999999999993,286346.1468394943,0.020256666666666666,0.9271669801741267,76.60691073047303
GA,318.30999999999995,274024.36668656336,0.027462499999999997,0.9262980758195309,49.00182212598493
