algorithm,makespan,energy,cost,reliability,load_balance
HEFT,58.58,1100.66,0.024726388888888888,0.9945118154145131,10.803065595005892
GA,58.58,1100.6599999999996,0.028655555555555556,0.9945118154145131,19.69859012509948
