algorithm,makespan,energy,cost,reliability,load_balance
HEFT,322.67,2522.62,0.05555083333333333,0.9874661117607625,7.288037573082795
GA,326.6,2522.62,0.05761111111111111,0.9874661117607625,13.431920624641382
