algorithm,makespan,energy,cost,reliability,load_balance
HEFT,501.94,168153.893572937,0.04424305555555556,0.9356157596337185,29.931578085137254
GA,440.58,168097.84080076264,0.03867416666666667,0.9379149553729633,70.53974317125537
