algorithm,makespan,energy,cost,reliability,load_balance
HEFT,334.23,585949.9313347096,0.03576083333333333,0.8622541622332281,66.6790938718922
GA,348.23,577566.7708411107,0.05241027777777777,0.858399903572198,34.91853142667898
