algorithm,makespan,energy,cost,reliability,load_balance
HEFT,302.57,97304.96182701524,0.02022111111111111,0.9640381600894807,76.07869346932821
GA,281.48,92090.61865851925,0.02042638888888889,0.9648517658119751,47.61016068025816
