algorithm,makespan,energy,cost,reliability,load_balance
HEFT,141.07,1071.0000000000002,0.033364722222222226,0.9946593124533741,5.053352022832629
GA,139.92000000000002,1071.0,0.03149388888888889,0.9946593124533741,8.836977235835045
