algorithm,makespan,energy,cost,reliability,load_balance
HEFT,664.1100000000001,468449.3554381052,0.10802527777777779,0.8332919650217985,77.35082929650557
GA,742.0400000000001,476754.16228235676,0.14431861111111113,0.8281130500830973,65.7316502911649
