algorithm,makespan,energy,cost,reliability,load_balance
HEFT,396.11000000000007,6024.100000000003,0.16077472222222225,0.9703286019069884,13.497901358041892
GA,403.86,6024.100000000001,0.1573558333333334,0.9703286019069884,19.530614749669326
