algorithm,makespan,energy,cost,reliability,load_balance
HEFT,553.4399999999999,313716.9985364267,0.07384277777777778,0.885402973783893,77.98708838876561
GA,606.6199999999999,325946.5567076588,0.09258166666666666,0.8816441168822102,72.53332641669914
