algorithm,makespan,energy,cost,reliability,load_balance
HEFT,241.27999999999997,75300.05371352784,0.009074166666666668,0.9775971557402922,113.75358807527786
GA,242.27999999999997,70514.72280006603,0.010773333333333333,0.9775580526361298,94.88873695017759
