algorithm,makespan,energy,cost,reliability,load_balance
HEFT,300.93999999999994,121032.77869342724,0.028931388888888885,0.9549464627695462,24.61482344712903
GA,303.69999999999993,121920.27889364504,0.029844999999999993,0.9548410424993624,38.79818982031677
