algorithm,makespan,energy,cost,reliability,load_balance
HEFT,641.25,1136746.1948070175,0.09954611111111111,0.7338155325537178,126.70759383511263
GA,682.25,1133685.2612092341,0.18829638888888894,0.7242507549098349,49.077280993117576
