algorithm,makespan,energy,cost,reliability,load_balance
HEFT,509.0999999999999,929952.3460616773,0.09596333333333334,0.7606837341097427,106.01864409225996
GA,550.0999999999999,933810.3003090345,0.17579472222222225,0.7507687480522004,42.54273295663261
