algorithm,makespan,energy,cost,reliability,load_balance
HEFT,481.17999999999995,1634695.565692672,0.07040472222222223,0.6816154748587946,79.81241795809383
GA,523.18,1696073.182805153,0.11057305555555558,0.6635377045980275,30.638471666056486
