algorithm,makespan,energy,cost,reliability,load_balance
HEFT,1080.5300000000002,341728.3731131945,0.09449777777777779,0.8730224565922587,78.24781700895365
GA,892.2100000000002,329346.3030004147,0.08934805555555557,0.8796235914535901,49.54464720498727
