algorithm,makespan,energy,cost,reliability,load_balance
HEFT,361.20000000000005,5509.139999999998,0.15683444444444442,0.9728302231963654,16.447093045363903
GA,367.66,5509.14,0.15130305555555557,0.9728302231963654,31.433250110352887
