algorithm,makespan,energy,cost,reliability,load_balance
HEFT,773.3400000000001,446917.7659244318,0.11701250000000002,0.8380539509196663,69.96108729654142
GA,755.52,444325.25614146545,0.13440833333333332,0.8392495326402625,79.29271372578947
