algorithm,makespan,energy,cost,reliability,load_balance
HEFT,641.3199999999998,4951.880000000001,0.08468083333333333,0.9755445998249764,22.8938630787087
GA,630.7099999999999,4951.880000000002,0.09027083333333333,0.9755445998249764,12.04421991385632
