algorithm,makespan,energy,cost,reliability,load_balance
HEFT,904.6700000000001,338029.1337504284,0.08795416666666667,0.8769020328291539,44.308517898179964
GA,789.6899999999999,340611.9803593816,0.0763638888888889,0.880944369289962,95.31586659628084
