algorithm,makespan,energy,cost,reliability,load_balance
HEFT,198.03,5310.419999999999,0.2104016666666667,0.9737973076741397,14.400202530404446
GA,200.61999999999998,5310.419999999998,0.20110388888888894,0.9737973076741397,35.31708150810313
