algorithm,makespan,energy,cost,reliability,load_balance
HEFT,431.70000000000005,464824.76712995145,0.08914777777777778,0.8409455209513503,78.29759221234075
GA,487.18999999999994,482467.73519571417,0.13326111111111114,0.8335123165465381,43.15096352245991
