algorithm,makespan,energy,cost,reliability,load_balance
HEFT,445.37,471095.88371466415,0.08384388888888891,0.8445659941175482,96.13389370863605
GA,497.9,482133.394838321,0.1329363888888889,0.8374973328036889,54.557940817538196
