algorithm,makespan,energy,cost,reliability,load_balance
HEFT,314.07,1061036.8869360334,0.037046944444444445,0.7789035915599815,49.21658442476963
GA,321.57,1053812.887085238,0.03925805555555556,0.7751738129503288,29.919759806604745
