algorithm,makespan,energy,cost,reliability,load_balance
HEFT,237.87,120364.37575146087,0.009215277777777777,0.9695950198243976,83.68040302245204
GA,238.87,110354.23594423746,0.009215277777777777,0.9695174553254329,59.042759021383326
