algorithm,makespan,energy,cost,reliability,load_balance
HEFT,436.09,764881.9941525832,0.04227,0.826958141592997,88.54857653031107
GA,463.03,765723.8906550333,0.06963583333333331,0.819859741750267,45.95478857138969
