algorithm,makespan,energy,cost,reliability,load_balance
HEFT,597.33,1047699.0980027791,0.07186305555555557,0.76369743174827,117.66608803768716
GA,633.33,1045766.682093064,0.16141333333333335,0.7549501185963567,52.44890050721104
