algorithm,makespan,energy,cost,reliability,load_balance
HEFT,437.22,475422.52666849643,0.08454388888888892,0.8400532468891796,90.96780212205122
GA,469.73,471701.02013922896,0.135715,0.8356949707514287,41.09046129679409
