algorithm,makespan,energy,cost,reliability,load_balance
HEFT,137.73000000000002,1811.0800000000004,0.05731833333333333,0.9909854766567023,13.456394921587073
GA,130.51999999999998,1811.0800000000006,0.04400694444444444,0.9909854766567023,31.657208951065602
