algorithm,makespan,energy,cost,reliability,load_balance
HEFT,337.16,185054.9688871753,0.030339444444444443,0.9392360940634215,99.69045067285606
GA,352.16,178547.12116651525,0.03930666666666667,0.9381096867301142,68.71089587903799
