algorithm,makespan,energy,cost,reliability,load_balance
HEFT,314.01000000000005,287850.34435209073,0.017016666666666666,0.9296897041132568,79.58141646295321
GA,319.01000000000005,268282.8509137645,0.01779388888888889,0.9289462497713539,37.989019548416884
