algorithm,makespan,energy,cost,reliability,load_balance
HEFT,431.0400000000001,429027.8949517447,0.05197361111111111,0.8763942782316655,117.76042606354083
GA,468.99000000000007,418786.0186784367,0.08505,0.8710889354950859,57.47252781402028
