algorithm,makespan,energy,cost,reliability,load_balance
HEFT,219.36,6143.64,0.18299500000000002,0.9697488097897635,10.247716412287502
GA,249.98000000000002,6143.64,0.1905413888888889,0.9697488097897635,53.33947517239616
