algorithm,makespan,energy,cost,reliability,load_balance
HEFT,584.2099999999999,579701.2810804333,0.10757666666666667,0.8097779538061259,88.22596794595117
GA,588.7900000000001,573300.4608434248,0.15206444444444445,0.8091847658921734,64.62276714388929
