algorithm,makespan,energy,cost,reliability,load_balance
HEFT,232.85,219381.05591582565,0.01761638888888889,0.9421205878679637,61.93290108052424
GA,241.85,207717.58457721726,0.018106666666666667,0.9407649105433685,31.50984305869093
