algorithm,makespan,energy,cost,reliability,load_balance
HEFT,76.44,1003.8,0.026558611111111106,0.9949935741351763,15.864415474051773
GA,61.27,1003.8,0.03022361111111111,0.9949935741351763,19.753660884335677
