algorithm,makespan,energy,cost,reliability,load_balance
HEFT,763.51,427699.2403897788,0.11113194444444445,0.8460740446321457,88.48236942020874
GA,684.3399999999999,404425.9038635766,0.10762388888888888,0.8514497449988719,46.95104758834305
