algorithm,makespan,energy,cost,reliability,load_balance
HEFT,375.84999999999997,5736.039999999998,0.14288583333333335,0.9717271731316087,9.518769053071624
GA,373.96999999999997,5736.04,0.13807444444444447,0.9717271731316087,14.04367956463993
