algorithm,makespan,energy,cost,reliability,load_balance
HEFT,860.83,309460.8085800913,0.07370305555555556,0.8864331191722657,87.78673718164944
GA,776.96,305418.4359169069,0.07869444444444446,0.8894119188452496,47.923652737105364
