algorithm,makespan,energy,cost,reliability,load_balance
HEFT,64.0,1320.5600000000002,0.024764166666666667,0.9934189505860013,13.78273727046506
GA,83.55,1320.5600000000002,0.026514722222222224,0.9934189505860013,29.023810569944118
