algorithm,makespan,energy,cost,reliability,load_balance
HEFT,419.96,381557.22533098387,0.020680277777777777,0.9119887723530312,105.56867726548117
GA,437.31,363744.41281928157,0.01731527777777778,0.9094606022446331,49.31874322117979
