algorithm,makespan,energy,cost,reliability,load_balance
HEFT,432.18,444989.6681706697,0.07726944444444443,0.8501510834987082,77.3171020080077
GA,481.37000000000006,462564.92313604924,0.11311194444444445,0.8434863160072202,47.371750051234834
