algorithm,makespan,energy,cost,reliability,load_balance
HEFT,886.0199999999999,330517.8264711857,0.08336944444444445,0.879740413223329,73.14093991511629
GA,816.7799999999999,331243.5000489728,0.08270833333333333,0.8821803194943507,98.19903067240524
