algorithm,makespan,energy,cost,reliability,load_balance
HEFT,599.37,4602.720000000001,0.09688972222222222,0.9772491930938746,22.035067506136652
GA,582.98,4602.719999999999,0.1037813888888889,0.9772491930938746,8.33850905937826
