algorithm,makespan,energy,cost,reliability,load_balance
HEFT,789.67,6228.779999999999,0.11857972222222227,0.9693360755781459,11.38581390737322
GA,788.3500000000003,6228.779999999998,0.12787555555555558,0.969336075578146,11.91830909427474
