algorithm,makespan,energy,cost,reliability,load_balance
HEFT,945.7,435009.15594797494,0.09709305555555556,0.8523681027298636,31.80832281023326
GA,913.5699999999997,437178.58872336,0.09497166666666665,0.8534642704619948,29.22808922936988
