algorithm,makespan,energy,cost,reliability,load_balance
HEFT,390.09999999999997,397447.0478082543,0.06252777777777778,0.8727955002591465,89.88818872864591
GA,430.09999999999997,398585.81490351085,0.10048444444444446,0.8672274458372509,38.82520958840188
