algorithm,makespan,energy,cost,reliability,load_balance
HEFT,156.85999999999999,4025.4,0.16137916666666668,0.9800741959797229,10.465014014961147
GA,165.07000000000002,4025.3999999999996,0.15449638888888892,0.9800741959797229,34.46747991464805
