algorithm,makespan,energy,cost,reliability,load_balance
HEFT,397.74999999999994,369249.55876807036,0.03064833333333333,0.9062689161844264,101.91496556770582
GA,403.74999999999994,343559.31606191944,0.04367694444444444,0.9053993155000032,48.82521322704763
