algorithm,makespan,energy,cost,reliability,load_balance
HEFT,49.32,626.72,0.008704444444444443,0.9968713046001242,18.348924764138086
GA,49.32,626.72,0.008704444444444445,0.9968713046001242,18.34892476413809
