algorithm,makespan,energy,cost,reliability,load_balance
HEFT,248.15,225425.80028208744,0.008893888888888889,0.9488436939469174,63.43476511346125
GA,255.15,214708.51475602586,0.008893888888888889,0.9477815839023477,37.06696046796032
