algorithm,makespan,energy,cost,reliability,load_balance
HEFT,324.86,317708.76337499224,0.03946194444444445,0.9025532389397631,76.60288419015306
GA,343.86,312415.4461408713,0.04975027777777778,0.8998136433884778,43.61777343679218
