algorithm,makespan,energy,cost,reliability,load_balance
HEFT,527.43,518131.7570672885,0.07808333333333331,0.8422422485524331,118.21580007025287
GA,574.56,516915.72004664433,0.12805083333333334,0.8359149546163372,45.70846456529323
