algorithm,makespan,energy,cost,reliability,load_balance
HEFT,145.88,3969.259999999999,0.14204111111111112,0.9803493414213905,12.10536490913567
GA,152.5,3969.2599999999993,0.1391377777777778,0.9803493414213905,31.785251604845495
