algorithm,makespan,energy,cost,reliability,load_balance
HEFT,409.60999999999996,379269.4986206391,0.03214999999999999,0.9044766408174058,104.50205506551852
GA,434.60999999999996,363517.7631669772,0.041559166666666675,0.9008659604291519,37.70495095143342
