algorithm,makespan,energy,cost,reliability,load_balance
HEFT,74.63,1732.8,0.08189444444444445,0.9913734242886647,11.56008592816968
GA,80.39,1732.8,0.06850277777777777,0.9913734242886647,20.069090662010574
