algorithm,makespan,energy,cost,reliability,load_balance
HEFT,491.61,1688610.6367038912,0.1082988888888889,0.6434377456387657,80.85151665498742
GA,439.45000000000005,1468135.9061781778,0.16747472222222215,0.6652797833266479,42.95149049669752
