algorithm,makespan,energy,cost,reliability,load_balance
HEFT,48.06,607.02,0.008430833333333335,0.9969695012597334,17.775325020469623
GA,48.06,607.02,0.008430833333333334,0.9969695012597334,17.775325020469623
