algorithm,makespan,energy,cost,reliability,load_balance
HEFT,159.98000000000002,148111.12995374424,0.009451388888888891,0.9634884295210286,42.38312938245596
GA,159.98000000000002,147429.6738967371,0.008054166666666668,0.9634884295210286,41.51686520258968
