algorithm,makespan,energy,cost,reliability,load_balance
HEFT,330.71999999999997,133664.21256652154,0.0299375,0.9505098064100839,32.90408789193221
GA,357.17,133889.06201528682,0.032543888888888886,0.9495046988305683,31.706650196239075
