algorithm,makespan,energy,cost,reliability,load_balance
HEFT,234.67000000000002,1814.6,0.049127500000000004,0.990968035465796,5.274653227148365
GA,237.92,1814.6,0.055466944444444444,0.990968035465796,9.781003697644392
