algorithm,makespan,energy,cost,reliability,load_balance
HEFT,531.0300000000001,967282.2878556767,0.07905361111111112,0.7657147252134334,119.25077906690807
GA,569.03,953547.6199497392,0.15725805555555558,0.7564600168193437,44.511544769216165
