algorithm,makespan,energy,cost,reliability,load_balance
HEFT,378.71,652737.7591296771,0.030311388888888895,0.8586784136728127,71.45099908723822
GA,390.7100000000001,638124.9264160119,0.033382499999999996,0.8553874113327846,32.01244505354834
