algorithm,makespan,energy,cost,reliability,load_balance
HEFT,536.63,960065.3887594804,0.10332722222222221,0.7508435283435031,96.19945730714657
GA,588.63,994956.8446222587,0.1684730555555556,0.7384528682264652,42.22965705018941
