algorithm,makespan,energy,cost,reliability,load_balance
HEFT,57.39,719.56,0.009993888888888887,0.9964086643276435,18.35604136069331
GA,57.39,719.56,0.009993888888888889,0.9964086643276435,18.35604136069332
