algorithm,makespan,energy,cost,reliability,load_balance
HEFT,189.81,324883.4539276118,0.008773611111111112,0.9292539677245584,34.59366345896447
GA,193.81,323434.388473247,0.00877361111111111,0.9280652835660275,27.080282373852395
