algorithm,makespan,energy,cost,reliability,load_balance
HEFT,257.09000000000003,129638.58703177876,0.009513333333333335,0.9672560795737214,89.64750749463144
GA,258.09000000000003,117806.80413809138,0.008836666666666668,0.9671787021824924,59.708514109319935
