algorithm,makespan,energy,cost,reliability,load_balance
HEFT,339.53000000000003,184001.51759785588,0.03317,0.9412399285546698,104.5342592423993
GA,354.58,173406.83487506345,0.042204166666666675,0.9401073576252055,59.560365401714215
