algorithm,makespan,energy,cost,reliability,load_balance
HEFT,79.36,2937.5800000000004,0.12630944444444445,0.9854194410225132,12.853190512507252
GA,79.69,2937.5800000000004,0.08476277777777778,0.9854194410225132,24.277311920654274
