algorithm,makespan,energy,cost,reliability,load_balance
HEFT,421.28000000000003,740841.843287125,0.04985583333333333,0.8223970264382647,82.18258299654417
GA,441.68,736694.2783463141,0.06495277777777778,0.8170459037173016,44.18287238851724
