algorithm,makespan,energy,cost,reliability,load_balance
HEFT,499.37999999999994,474385.23673354957,0.06083194444444445,0.8622400213809228,113.0217235682297
GA,541.3799999999999,481188.37049761706,0.09545805555555555,0.8564651935904347,72.10450516437928
