algorithm,makespan,energy,cost,reliability,load_balance
HEFT,145.97,3615.3800000000006,0.1523913888888889,0.9820855070788965,13.827063061860482
GA,143.0,3615.38,0.1622288888888889,0.9820855070788965,22.965385393021386
