algorithm,makespan,energy,cost,reliability,load_balance
HEFT,370.39,659111.5148357137,0.04210611111111111,0.8486041973675067,81.43542931663018
GA,397.66,658359.4822209927,0.06182416666666667,0.841231154548105,39.02737037396257
