algorithm,makespan,energy,cost,reliability,load_balance
HEFT,453.11999999999995,836839.2147996116,0.07982833333333332,0.790816597236,106.20797289066557
GA,473.11999999999995,808636.9054151166,0.12119777777777781,0.7857715324415082,53.044234575242825
