algorithm,makespan,energy,cost,reliability,load_balance
HEFT,1076.6500000000005,407501.9287697953,0.10027694444444449,0.854123057620484,74.07522184689482
GA,978.59,405614.9467601345,0.09747111111111112,0.8574798489370776,22.157584668310253
