algorithm,makespan,energy,cost,reliability,load_balance
HEFT,362.0,667799.4769889503,0.06869694444444445,0.8213026513544984,78.8037359309404
GA,351.1,618583.4681572203,0.10330694444444442,0.8241723568593865,47.954273480686616
