algorithm,makespan,energy,cost,reliability,load_balance
HEFT,498.66999999999996,1654067.8060440773,0.05713305555555556,0.6833987283994489,63.48023664139587
GA,523.73,1697423.5528612072,0.0775186111111111,0.6725255336326021,34.633474259532704
