algorithm,makespan,energy,cost,reliability,load_balance
HEFT,124.74,418178.7160493827,0.008224722222222222,0.9133932209815694,18.933607937311088
GA,126.74,415341.53053495346,0.0074688888888888895,0.9122248255912876,13.367421009470915
