algorithm,makespan,energy,cost,reliability,load_balance
HEFT,743.14,225656.69988158357,0.056655833333333336,0.9150186787322038,94.78540864324351
GA,656.82,220890.90565147222,0.05964027777777778,0.9181835158567225,119.09710670289185
