algorithm,makespan,energy,cost,reliability,load_balance
HEFT,62.12,2615.7200000000007,0.07435333333333333,0.9870065532562783,10.471571942722491
GA,91.26999999999998,2615.7200000000003,0.08066416666666666,0.9870065532562783,31.758393651737325
