algorithm,makespan,energy,cost,reliability,load_balance
HEFT,450.07000000000005,788736.0422378742,0.041437777777777796,0.8212500896668038,90.55189845837204
GA,474.69000000000005,783797.3287197961,0.0627777777777778,0.814805373321823,44.232089849789354
