algorithm,makespan,energy,cost,reliability,load_balance
HEFT,47.56,1154.8,0.01603888888888889,0.9942426375009547,16.426669454117555
GA,47.56,1154.8000000000002,0.023296944444444447,0.9942426375009547,16.876017866554243
