algorithm,makespan,energy,cost,reliability,load_balance
HEFT,283.20000000000005,492602.3226694916,0.01762277777777778,0.8911793331415205,56.79852337926157
GA,289.12000000000006,485485.6747371334,0.023726111111111118,0.8894926811140323,41.88482464430131
