algorithm,makespan,energy,cost,reliability,load_balance
HEFT,256.35999999999996,437554.9497971602,0.010657222222222222,0.9074779596727911,46.05898337016072
GA,261.96999999999997,432397.80215291824,0.010468888888888889,0.9058503166490874,31.25115771887757
