algorithm,makespan,energy,cost,reliability,load_balance
HEFT,389.9199999999999,695879.3787443577,0.04885083333333333,0.8394476189032254,86.41226223468593
GA,406.9199999999999,682821.2726334411,0.05957777777777778,0.8348934225018535,50.769059665851984
