algorithm,makespan,energy,cost,reliability,load_balance
HEFT,70.62,3288.3199999999993,0.12407611111111112,0.9836928253742352,9.733923056225386
GA,99.25,3288.3199999999997,0.1139925,0.9836928253742352,33.85699413138891
