algorithm,makespan,energy,cost,reliability,load_balance
HEFT,479.56000000000006,843279.8110142632,0.05768333333333335,0.8039430866962248,95.45433904142168
GA,512.5600000000001,847161.894119713,0.09040944444444445,0.7954981156252489,42.80429541939461
