algorithm,makespan,energy,cost,reliability,load_balance
HEFT,522.6899999999999,941860.5687883832,0.11229111111111115,0.748569520257458,91.48484975710812
GA,523.8,912597.0103092782,0.16670750000000006,0.7483036755806722,56.23690683100694
