algorithm,makespan,energy,cost,reliability,load_balance
HEFT,338.18,314852.3009048436,0.02935555555555556,0.9124488955231141,79.52692448682606
GA,358.14,311518.9609649858,0.04804111111111112,0.9095395468510543,48.01811725796838
