algorithm,makespan,energy,cost,reliability,load_balance
HEFT,533.7499999999999,942279.7891334894,0.07100722222222222,0.7698044172270652,100.0158957280606
GA,561.6399999999999,936265.182341001,0.14016138888888888,0.7629646340129838,40.28652353990664
