algorithm,makespan,energy,cost,reliability,load_balance
HEFT,99.83,4511.3,0.19685222222222223,0.9776959958090188,12.984916400633916
GA,118.91000000000001,4511.300000000001,0.17754,0.9776959958090188,31.610776884185782
