algorithm,makespan,energy,cost,reliability,load_balance
HEFT,404.04,734658.5306405307,0.06179194444444444,0.8158219062362152,89.55384179498911
GA,439.04,739707.0169005102,0.10251333333333333,0.8067356787415061,42.42152823344877
