algorithm,makespan,energy,cost,reliability,load_balance
HEFT,92.17,3664.9800000000005,0.18263472222222224,0.9818419800717381,15.305870470735584
GA,98.13,3664.98,0.13799999999999998,0.9818419800717381,28.08674914116171
