algorithm,makespan,energy,cost,reliability,load_balance
HEFT,125.07,2871.620000000001,0.11507944444444446,0.985744485951125,13.08028604108743
GA,123.84,2871.6200000000003,0.09842777777777777,0.985744485951125,24.721759705099206
