algorithm,makespan,energy,cost,reliability,load_balance
HEFT,325.29,348884.3526084417,0.0519536111111111,0.8921080691366592,95.78845100880724
GA,349.29,334714.53376850183,0.08720194444444444,0.8886889430746346,53.13538344016475
