algorithm,makespan,energy,cost,reliability,load_balance
HEFT,352.53000000000003,192138.66774458915,0.028616388888888886,0.9391891334327438,111.51835005953056
GA,359.53000000000003,176179.25257975693,0.041190000000000004,0.938663334755392,57.55436957471482
