algorithm,makespan,energy,cost,reliability,load_balance
HEFT,186.43,2599.3399999999997,0.09666527777777777,0.9870873924033078,13.751932266828131
GA,189.16,2599.3399999999997,0.08572222222222221,0.9870873924033078,26.453011947062446
