algorithm,makespan,energy,cost,reliability,load_balance
HEFT,386.33,215823.825123599,0.043158888888888886,0.9239785702310861,89.11205465992961
GA,381.95,211598.3989003796,0.0502088888888889,0.9243023890518393,78.78984216617917
