algorithm,makespan,energy,cost,reliability,load_balance
HEFT,391.31,207988.13447139095,0.03255194444444445,0.936134608822565,123.84464911446806
GA,411.62,197979.5225693601,0.04408694444444444,0.934614812327175,78.53787839544141
