algorithm,makespan,energy,cost,reliability,load_balance
HEFT,109.7,5594.580000000002,0.1873341666666667,0.9724147188830563,12.080894536515887
GA,152.32999999999998,5594.580000000001,0.19597111111111112,0.9724147188830563,43.623710775616935
