algorithm,makespan,energy,cost,reliability,load_balance
HEFT,586.2,1045922.7557830095,0.10969694444444447,0.7368362470610007,108.07022116578914
GA,550.31,939784.1670694698,0.171905,0.7453474451426164,42.201861901862465
