algorithm,makespan,energy,cost,reliability,load_balance
HEFT,646.4399999999999,2177070.0535393846,0.09641416666666665,0.590337306211765,95.59290330395018
GA,720.4399999999999,2342583.5469018933,0.20073611111111114,0.5630306566589303,47.53939225575592
