algorithm,makespan,energy,cost,reliability,load_balance
HEFT,194.99,646881.3838145547,0.009411111111111113,0.8715256346972343,26.1557116432052
GA,200.65,655118.2982805881,0.008932500000000003,0.8683743313246679,19.75331085306304
