algorithm,makespan,energy,cost,reliability,load_balance
HEFT,393.03,369711.98964455636,0.03908083333333334,0.8987136642242926,97.29548312357569
GA,414.03,359352.26981136634,0.05973750000000001,0.8956990536943343,52.38145686134232
