algorithm,makespan,energy,cost,reliability,load_balance
HEFT,121.6,2668.08,0.11542222222222226,0.9867481887620237,16.427379381183513
GA,118.38999999999999,2668.0799999999995,0.07629583333333334,0.9867481887620237,36.798288094239744
