algorithm,makespan,energy,cost,reliability,load_balance
HEFT,394.69,227414.87623197952,0.0410025,0.9206295034923913,100.20216717787524
GA,412.69,220488.51913058228,0.05395388888888889,0.9193047510580321,59.16352007058789
