algorithm,makespan,energy,cost,reliability,load_balance
HEFT,1073.5100000000002,434096.8269042673,0.10610083333333335,0.8474834228312106,54.25091174349053
GA,1003.12,435181.49967102637,0.10011027777777778,0.8498729595677438,46.5376860726873
