algorithm,makespan,energy,cost,reliability,load_balance
HEFT,823.25,6417.1,0.118885,0.9684237783063415,14.268247673301268
GA,815.66,6417.1,0.11411027777777777,0.9684237783063415,13.958742481565592
