algorithm,makespan,energy,cost,reliability,load_balance
HEFT,362.15999999999997,210454.94513474702,0.04136416666666666,0.9263703298873168,93.5126319866542
GA,379.87999999999994,206090.6404917342,0.05611444444444444,0.9250580376801492,64.73019497167783
