algorithm,makespan,energy,cost,reliability,load_balance
HEFT,462.2800000000001,147135.40282945405,0.028880000000000006,0.9456231034937698,106.42975915284848
GA,451.27,142091.37975048198,0.03481611111111111,0.9460396476248336,71.03163872528917
