algorithm,makespan,energy,cost,reliability,load_balance
HEFT,218.07999999999998,375717.2946625092,0.011520555555555555,0.9192973966494414,41.88870143683754
GA,219.07999999999998,365630.32773416105,0.00997222222222222,0.91900326854552,30.61659277623502
