algorithm,makespan,energy,cost,reliability,load_balance
HEFT,540.41,1845848.1064747137,0.10070305555555556,0.6287233148872923,88.49098138963984
GA,596.3499999999999,1951260.9306279868,0.16978416666666668,0.606612182911535,43.57745437905626
