algorithm,makespan,energy,cost,reliability,load_balance
HEFT,1028.8999999999999,345208.5062688308,0.09818416666666667,0.8721788263577926,46.229490587719
GA,852.0799999999999,340064.6866960848,0.0890286111111111,0.8783694394381145,76.10108628221627
