algorithm,makespan,energy,cost,reliability,load_balance
HEFT,389.80999999999995,747940.7556758418,0.09657805555555557,0.7875852973914734,86.19044925888007
GA,414.12,739652.6348159953,0.1617602777777778,0.7814822829085852,45.824918790514594
