algorithm,makespan,energy,cost,reliability,load_balance
HEFT,400.95,732492.2067340068,0.07798416666666669,0.8018356638739139,79.81162673948214
GA,425.92,735752.5830437641,0.12756333333333333,0.7954542053412014,45.40341220901546
