algorithm,makespan,energy,cost,reliability,load_balance
HEFT,406.03,3127.8599999999983,0.06633194444444444,0.9844823588070186,10.949384685908138
GA,395.62,3127.859999999999,0.07827805555555555,0.9844823588070186,4.496119623260317
