algorithm,makespan,energy,cost,reliability,load_balance
HEFT,662.88,233172.3833876418,0.06026083333333333,0.9123912305751487,32.63421823791712
GA,569.79,230575.6993629232,0.05330000000000001,0.9157949436615809,16.709873328863555
