algorithm,makespan,energy,cost,reliability,load_balance
HEFT,529.76,541417.8127831471,0.10828388888888889,0.8247893983193739,106.00567236395102
GA,574.3,548179.2244123281,0.16130972222222217,0.8189325131913654,60.62873916991292
