algorithm,makespan,energy,cost,reliability,load_balance
HEFT,202.2,5772.280000000002,0.1637202777777778,0.9715511121194467,12.878380268237674
GA,229.17,5772.280000000002,0.15744083333333336,0.9715511121194467,37.02280556179754
