algorithm,makespan,energy,cost,reliability,load_balance
HEFT,234.87,399986.7076254949,0.0076566666666666675,0.917425409413689,41.91074069357243
GA,251.87,411320.107515782,0.009260833333333336,0.9124481655642898,24.496023607529573
