algorithm,makespan,energy,cost,reliability,load_balance
HEFT,52.54,664.16,0.009224444444444447,0.9966847077579124,17.05218025980559
GA,52.54,664.16,0.009224444444444447,0.9966847077579124,17.052180259805585
