algorithm,makespan,energy,cost,reliability,load_balance
HEFT,38.12,544.72,0.007565555555555556,0.9972801056334955,13.495151279793658
GA,38.12,544.72,0.007565555555555556,0.9972801056334955,13.495151279793646
