algorithm,makespan,energy,cost,reliability,load_balance
HEFT,186.87,319425.0936479906,0.009655833333333336,0.9300147804538483,33.603516027572525
GA,188.87,314266.15899825277,0.009135833333333333,0.9294197614207584,25.161559885407264
