algorithm,makespan,energy,cost,reliability,load_balance
HEFT,205.97,353348.7122396466,0.011276944444444447,0.923606836052358,38.27896516617904
GA,209.97,350237.22960422916,0.009415555555555555,0.9224253755982104,29.18476336897776
