algorithm,makespan,energy,cost,reliability,load_balance
HEFT,339.25,5182.659999999999,0.1216827777777778,0.974419568123109,7.857765835692191
GA,352.82,5182.659999999999,0.13896166666666668,0.974419568123109,23.12877548330526
