algorithm,makespan,energy,cost,reliability,load_balance
HEFT,654.5799999999999,411909.2989703321,0.11246111111111112,0.8494688560915972,58.12700921258548
GA,620.4200000000001,409013.704006963,0.1125116666666667,0.8517934594728686,74.82759002247384
