algorithm,makespan,energy,cost,reliability,load_balance
HEFT,307.91999999999996,182843.85756040527,0.03711527777777778,0.9321409889874119,54.819040162025026
GA,324.58,183088.72234888162,0.04308083333333333,0.9308994590166453,38.06509265155451
