algorithm,makespan,energy,cost,reliability,load_balance
HEFT,375.74,345688.8845212115,0.02189361111111111,0.9158770025647169,96.38674194575034
GA,389.14,328560.2651744874,0.028139166666666666,0.9139154657900295,49.68495784691781
