algorithm,makespan,energy,cost,reliability,load_balance
HEFT,59.67,1366.32,0.042414444444444435,0.9931916823305871,8.735987255790459
GA,68.66,1366.3200000000002,0.02793055555555556,0.9931916823305871,20.290163955309314
