algorithm,makespan,energy,cost,reliability,load_balance
HEFT,117.66,1698.3799999999994,0.05656555555555556,0.9915440543372793,8.152700582366204
GA,123.86,1698.3799999999997,0.05309777777777779,0.9915440543372793,17.411693474296435
