algorithm,makespan,energy,cost,reliability,load_balance
HEFT,348.89,184333.16208547106,0.022703055555555556,0.9429964131636264,108.36384765488638
GA,358.89,169472.2484326674,0.030985555555555558,0.9422423177114947,52.08077181510603
