algorithm,makespan,energy,cost,reliability,load_balance
HEFT,320.77,104794.12395174112,0.019470277777777774,0.9638438295855797,116.04212166278242
GA,322.77,102519.06286209993,0.020847499999999998,0.9637667251634309,104.20465408672173
