algorithm,makespan,energy,cost,reliability,load_balance
HEFT,823.2900000000002,327215.81717256375,0.07693555555555558,0.8823525379006857,55.20822100617494
GA,744.1999999999999,327836.4105348024,0.07552888888888888,0.8851483685026271,31.16021608825369
