algorithm,makespan,energy,cost,reliability,load_balance
HEFT,42.86,563.9599999999999,0.007832777777777777,0.99718417190182,14.996314480027115
GA,42.86,563.9599999999999,0.007832777777777777,0.99718417190182,14.996314480027117
