algorithm,makespan,energy,cost,reliability,load_balance
HEFT,199.49,337758.9545841897,0.009224722222222224,0.9273832207265718,33.33550727168379
GA,202.49,336022.75425946957,0.008021944444444444,0.9264933600361469,26.50078148383612
