algorithm,makespan,energy,cost,reliability,load_balance
HEFT,730.3300000000002,429955.9617296291,0.10168361111111113,0.8438008263269088,72.53153519824524
GA,643.07,410268.65241731075,0.10895611111111111,0.8497118389293289,45.37864347827701
