algorithm,makespan,energy,cost,reliability,load_balance
HEFT,176.04000000000002,4926.880000000001,0.2041163888888889,0.9756665505217144,9.69148836178771
GA,189.54000000000002,4926.880000000001,0.20399277777777783,0.9756665505217144,40.719800916343715
