algorithm,makespan,energy,cost,reliability,load_balance
HEFT,447.0,486670.12355704705,0.09561638888888889,0.8367044309076771,93.69602990299713
GA,520.0,515378.1399038461,0.13981805555555557,0.8269885742125643,69.04446175895164
