algorithm,makespan,energy,cost,reliability,load_balance
HEFT,478.58,286242.40436290693,0.06921722222222222,0.8936137894509716,58.15147265055778
GA,464.73,281672.2128978116,0.07902611111111112,0.8946044622610689,46.363326948292695
