algorithm,makespan,energy,cost,reliability,load_balance
HEFT,253.41,3703.4799999999996,0.0833011111111111,0.9816529936810979,13.313448356562509
GA,261.02,3703.4799999999987,0.08854,0.9816529936810979,34.042974416799375
