algorithm,makespan,energy,cost,reliability,load_balance
HEFT,293.55,500178.3746891501,0.013010555555555556,0.8969036825517614,52.427776664934264
GA,295.55,488967.63332769414,0.010326944444444444,0.8963298478416224,37.34229036761395
