algorithm,makespan,energy,cost,reliability,load_balance
HEFT,212.84000000000003,3111.579999999999,0.10548361111111113,0.9845624989326843,12.774712674990841
GA,211.41,3111.5799999999986,0.1098502777777778,0.9845624989326843,19.336386822701474
