algorithm,makespan,energy,cost,reliability,load_balance
HEFT,446.85,249709.56217970233,0.04806277777777779,0.9131550390898061,106.85466240914072
GA,484.82000000000005,252231.50051565532,0.06803611111111112,0.9103854479277116,80.5915404546727
