algorithm,makespan,energy,cost,reliability,load_balance
HEFT,566.8499999999999,197058.69420481607,0.042598333333333335,0.9262343487041524,80.7058082895318
GA,535.9699999999999,192600.00352631675,0.04767333333333333,0.9273791402493776,31.099177239920643
