algorithm,makespan,energy,cost,reliability,load_balance
HEFT,328.81,2452.860000000001,0.06376583333333333,0.9878106000158038,15.695838885938318
GA,318.65999999999997,2452.86,0.06258861111111112,0.9878106000158038,11.525957299359849
