algorithm,makespan,energy,cost,reliability,load_balance
HEFT,505.72999999999996,924632.8043817846,0.1132327777777778,0.7557583475486326,100.17152611170695
GA,546.7299999999999,941013.5919375196,0.19071111111111114,0.7459075604963951,53.67426954594093
