algorithm,makespan,energy,cost,reliability,load_balance
HEFT,492.91999999999996,484051.56548730016,0.0824247222222222,0.8495864307172567,105.1005763304845
GA,531.92,489113.12817716954,0.1301472222222222,0.8443015174673959,64.10692213014129
