algorithm,makespan,energy,cost,reliability,load_balance
HEFT,175.32999999999998,4913.18,0.1819402777777778,0.9757333859695131,12.417752195278066
GA,200.86,4913.18,0.15008277777777776,0.9757333859695131,40.06301415166696
