algorithm,makespan,energy,cost,reliability,load_balance
HEFT,1216.7699999999998,452377.2487158625,0.12443027777777776,0.8384821382275244,34.85079530417261
GA,1069.05,452007.48082877323,0.11046694444444446,0.8434512277063161,47.47532411685046
