algorithm,makespan,energy,cost,reliability,load_balance
HEFT,246.34,222241.1254363887,0.008108333333333334,0.9501927692234085,61.468839246673035
GA,249.34,214418.08430255874,0.008108333333333334,0.9497367861388764,46.14557831833223
