algorithm,makespan,energy,cost,reliability,load_balance
HEFT,50.17,653.12,0.009071111111111113,0.9967397262722777,18.63321156787883
GA,50.17,653.12,0.009071111111111113,0.9967397262722777,18.633211567878828
