algorithm,makespan,energy,cost,reliability,load_balance
HEFT,85.28,3267.64,0.16291444444444445,0.9837945444711655,12.125336160953603
GA,87.7,3267.6400000000003,0.12955916666666667,0.9837945444711655,24.891347043928544
