algorithm,makespan,energy,cost,reliability,load_balance
HEFT,402.89,716913.8034451092,0.04687861111111112,0.8301271476368135,85.61540378943631
GA,419.71999999999997,697647.6815257794,0.07191416666666667,0.8256684320767266,38.31546632336101
