algorithm,makespan,energy,cost,reliability,load_balance
HEFT,1177.46,385675.4220185824,0.10879722222222224,0.8580833840575466,68.78750583015302
GA,951.1500000000001,378314.1240918888,0.0941338888888889,0.8658863626399165,107.7150380634014
