algorithm,makespan,energy,cost,reliability,load_balance
HEFT,719.1899999999999,1244310.6012319415,0.09345388888888886,0.722147115330619,126.42809286118384
GA,695.27,1152024.189480346,0.16208916666666667,0.7276959275322888,56.10164824213163
