algorithm,makespan,energy,cost,reliability,load_balance
HEFT,412.2300000000001,416855.84906484245,0.05596972222222221,0.8770430500135106,113.33254553892863
GA,450.24000000000007,406594.3437722104,0.09676944444444445,0.8717254112662273,53.32267646133303
