algorithm,makespan,energy,cost,reliability,load_balance
HEFT,225.97,114116.98818427225,0.008061666666666668,0.9707499129920312,78.46012504086755
GA,230.97,105880.60016452352,0.010349444444444446,0.9703616906764738,54.29470185938956
