algorithm,makespan,energy,cost,reliability,load_balance
HEFT,984.92,404865.85083052434,0.10026805555555555,0.8574537819458902,31.008133879139947
GA,856.97,410024.4106328109,0.08823500000000002,0.861853479624474,11.627810054634958
