algorithm,makespan,energy,cost,reliability,load_balance
HEFT,489.18,1696164.6994357905,0.1020452777777778,0.6489629835741288,89.15767620104528
GA,508.15999999999997,1673388.3451471976,0.1652691666666667,0.6411275858371773,40.08721896045091
