algorithm,makespan,energy,cost,reliability,load_balance
HEFT,476.51000000000005,268003.8358061741,0.06047694444444445,0.9055260802775006,104.87083034449024
GA,467.28999999999996,254096.30730381564,0.06605722222222223,0.9061942427023225,56.18100568697573
