algorithm,makespan,energy,cost,reliability,load_balance
HEFT,389.53,677046.256334557,0.036235555555555556,0.8487817439363197,76.07063796487486
GA,403.53,669005.6640398481,0.046489444444444444,0.8449877067125178,45.46669627387153
