algorithm,makespan,energy,cost,reliability,load_balance
HEFT,58.58,1857.6200000000003,0.025800277777777776,0.9907549011647833,16.140642946856335
GA,58.58,1857.62,0.0514711111111111,0.9907549011647833,23.409990558812915
