algorithm,makespan,energy,cost,reliability,load_balance
HEFT,78.44999999999999,3520.9000000000005,0.13004055555555558,0.9825495538716633,9.855777365577953
GA,94.53,3520.9,0.12613055555555555,0.9825495538716633,28.845940717316456
