algorithm,makespan,energy,cost,reliability,load_balance
HEFT,413.06999999999994,735387.4803544193,0.06174194444444445,0.8141108035061185,80.76068157093785
GA,453.06999999999994,763438.0106164609,0.08872055555555555,0.8037565935341547,47.21428430720019
