algorithm,makespan,energy,cost,reliability,load_balance
HEFT,525.4499999999999,200320.3827576363,0.04805916666666666,0.9263354990177376,79.76028376746581
GA,556.0200000000001,198849.08611201038,0.05248583333333334,0.9252034682342145,44.80055877627722
