algorithm,makespan,energy,cost,reliability,load_balance
HEFT,481.33000000000004,839390.2163172875,0.0639186111111111,0.7973352888592983,86.29428138642793
GA,515.67,858659.1773033141,0.09032444444444446,0.7886214955879051,47.74494210672156
