algorithm,makespan,energy,cost,reliability,load_balance
HEFT,718.49,415842.99482247495,0.1103463888888889,0.848634408214683,70.00782975343338
GA,668.1800000000002,402923.3673411357,0.11734333333333337,0.8520568747324381,50.46097047294496
