algorithm,makespan,energy,cost,reliability,load_balance
HEFT,207.89,6088.180000000002,0.21542361111111114,0.9700177584227228,13.082752497722588
GA,232.10000000000002,6088.180000000002,0.21880333333333338,0.9700177584227229,43.943426807468406
