algorithm,makespan,energy,cost,reliability,load_balance
HEFT,497.49,514646.30939315364,0.10236555555555556,0.8237409331699135,68.31531765765762
GA,529.98,524900.6844786595,0.1468791666666667,0.8194699091666271,40.41407345632624
