algorithm,makespan,energy,cost,reliability,load_balance
HEFT,39.230000000000004,463.08000000000004,0.008540833333333336,0.9976872784709373,7.8394091431871145
GA,37.97,463.08000000000004,0.009468055555555556,0.9976872784709373,10.372274512922832
