algorithm,makespan,energy,cost,reliability,load_balance
HEFT,201.89,103283.72995195404,0.00847111111111111,0.9720484792440199,69.54562613339327
GA,201.89,102582.40130764277,0.00847111111111111,0.9720484792440199,68.0758467761196
