algorithm,makespan,energy,cost,reliability,load_balance
HEFT,456.21000000000004,169527.5344249359,0.04051166666666667,0.9366885899085924,56.84814303622123
GA,403.59,167259.91833296168,0.036803055555555554,0.9386622083600661,24.65242178772709
