algorithm,makespan,energy,cost,reliability,load_balance
HEFT,332.05,2442.420000000001,0.05834555555555557,0.9878621650749609,18.801832135902792
GA,317.78,2442.42,0.0647813888888889,0.9878621650749609,16.173847975461296
