algorithm,makespan,energy,cost,reliability,load_balance
HEFT,241.13,412274.3400655248,0.009445555555555556,0.9140957076911506,44.24590164636717
GA,246.13,403769.2392638037,0.008790555555555555,0.9126343239775775,26.266627045948788
