algorithm,makespan,energy,cost,reliability,load_balance
HEFT,38.38,420.38,0.005838611111111112,0.9979003074449246,10.97639993551414
GA,38.38,420.38,0.005838611111111112,0.9979003074449246,10.97639993551414
