algorithm,makespan,energy,cost,reliability,load_balance
HEFT,899.6899999999999,518027.7674754638,0.11880472222222221,0.8183692813962442,138.11519123543218
GA,904.41,513191.39651264355,0.1477986111111111,0.8180603234905125,107.02437796395466
