algorithm,makespan,energy,cost,reliability,load_balance
HEFT,460.64,467260.6126910386,0.07301611111111111,0.8539942655745592,109.05880386095996
GA,502.64,466544.7884171575,0.11688138888888891,0.8482746634968695,56.211919669378545
