algorithm,makespan,energy,cost,reliability,load_balance
HEFT,1050.3799999999999,425090.79745425464,0.09660888888888888,0.8506232184327965,75.40826938517198
GA,968.0999999999999,425357.349850222,0.10024166666666666,0.8534274016018839,26.051715714452925
