algorithm,makespan,energy,cost,reliability,load_balance
HEFT,747.59,5907.8200000000015,0.11435694444444447,0.9708929149860532,6.100739709248431
GA,746.02,5907.820000000003,0.10827805555555556,0.9708929149860532,5.285718967179271
