algorithm,makespan,energy,cost,reliability,load_balance
HEFT,527.42,521988.04379811155,0.07094027777777777,0.8509407302619377,140.4608845432303
GA,567.4200000000001,502533.8227062847,0.1563175,0.8455120997356582,54.15913434807959
