algorithm,makespan,energy,cost,reliability,load_balance
HEFT,291.67,2218.7200000000003,0.04848527777777778,0.9889677070656989,11.699592585499174
GA,278.53999999999996,2218.7200000000003,0.05220805555555555,0.9889677070656989,0.8505292469985744
