algorithm,makespan,energy,cost,reliability,load_balance
HEFT,542.0600000000001,172490.03042098664,0.04210083333333333,0.9346690215583425,78.38662019120356
GA,459.42,168617.337142484,0.038130277777777784,0.9377637756675687,88.73239257264882
