algorithm,makespan,energy,cost,reliability,load_balance
HEFT,522.5899999999999,308469.51615989587,0.06979805555555556,0.8877861385158919,87.6760384170042
GA,510.88,299893.2664617914,0.07763527777777778,0.8886182062501289,56.418365788227945
