algorithm,makespan,energy,cost,reliability,load_balance
HEFT,245.11,3790.4,0.09242861111111111,0.9812264599825303,4.762442350607212
GA,270.88,3790.400000000001,0.11717000000000002,0.9812264599825303,29.70912173534778
