algorithm,makespan,energy,cost,reliability,load_balance
HEFT,333.9,324302.37598083256,0.03326777777777777,0.9078217774388889,88.60055793654273
GA,360.9,315742.9143252978,0.04977805555555555,0.9039084462417495,40.28616586373044
