algorithm,makespan,energy,cost,reliability,load_balance
HEFT,746.6199999999999,457900.9011009616,0.1386975,0.8335279867253884,52.589345743356475
GA,643.24,441921.38704060693,0.12123666666666667,0.8404501817916523,50.61028184639389
