algorithm,makespan,energy,cost,reliability,load_balance
HEFT,402.96,6148.200000000002,0.14208194444444444,0.9697266997689555,13.82042871983354
GA,427.52,6148.200000000001,0.16186305555555558,0.9697266997689555,31.690732647168087
