algorithm,makespan,energy,cost,reliability,load_balance
HEFT,351.16999999999996,637733.4684910441,0.04856833333333333,0.8451100697913227,81.38730570884107
GA,375.16999999999996,630213.56667644,0.07413527777777777,0.8386444840840571,40.667715755103615
