algorithm,makespan,energy,cost,reliability,load_balance
HEFT,550.96,4181.9800000000005,0.09930972222222223,0.9793071961729414,20.166462877758246
GA,534.6499999999999,4181.98,0.09708416666666665,0.9793071961729414,16.518620553787105
