algorithm,makespan,energy,cost,reliability,load_balance
HEFT,942.1,299592.7328096805,0.09131055555555556,0.8877857834015076,67.22454462471283
GA,725.36,289248.6528895997,0.06992111111111111,0.8955159915173511,63.242580065437934
