algorithm,makespan,energy,cost,reliability,load_balance
HEFT,607.1600000000001,2057846.859213387,0.10755583333333335,0.6039663466901546,94.88623721435272
GA,635.1600000000001,2068410.1770262616,0.18598361111111109,0.5932396678499854,39.316874038089345
