algorithm,makespan,energy,cost,reliability,load_balance
HEFT,266.67,144163.5366557918,0.018271111111111113,0.9555608819104129,88.25787038963884
GA,269.67,130912.21070196909,0.019129444444444445,0.9553315748167063,48.81471850638026
