algorithm,makespan,energy,cost,reliability,load_balance
HEFT,60.02,2760.2000000000007,0.12271777777777777,0.9862937972006899,8.49112722388836
GA,78.63,2760.2000000000003,0.10071694444444444,0.9862937972006899,20.78170340397937
