algorithm,makespan,energy,cost,reliability,load_balance
HEFT,395.96,713069.4394130721,0.049716111111111114,0.8324627523919642,90.20035658982427
GA,404.42999999999995,677801.2879608336,0.07492833333333335,0.8302095003344854,44.545148534534135
