algorithm,makespan,energy,cost,reliability,load_balance
HEFT,450.52,1493912.9530320517,0.029452777777777783,0.7215909874409375,59.27031522244048
GA,455.74,1473848.1105016018,0.03829805555555556,0.7191843186081041,29.940204745763744
