algorithm,makespan,energy,cost,reliability,load_balance
HEFT,620.85,1113723.1501328824,0.10020583333333337,0.7204823216992969,116.59638508858585
GA,664.85,1133393.5463939235,0.19259638888888886,0.7104090131180631,66.50739543828094
