algorithm,makespan,energy,cost,reliability,load_balance
HEFT,622.3400000000001,593765.1616479739,0.08027972222222221,0.8298492675875005,141.7854826078232
GA,659.3400000000001,580893.3641216976,0.1514033333333334,0.8249510728850343,61.64076907101878
