algorithm,makespan,energy,cost,reliability,load_balance
HEFT,675.1499999999999,661350.635917944,0.10415944444444446,0.7984280674348686,137.34919834737536
GA,756.1499999999999,687596.6563248031,0.16326527777777777,0.7881472035775009,77.30585691481166
