algorithm,makespan,energy,cost,reliability,load_balance
HEFT,354.07,137995.5586465953,0.030733333333333335,0.9494108924004379,71.16715411620729
GA,365.39000000000004,134503.2166452284,0.03603944444444446,0.9489810964615029,24.263455888777813
