algorithm,makespan,energy,cost,reliability,load_balance
HEFT,447.54999999999995,426074.96268573345,0.052237222222222233,0.877095323337021,105.21486911514297
GA,475.54999999999995,417284.71721164964,0.0800875,0.8731747249861064,49.5157264201654
