algorithm,makespan,energy,cost,reliability,load_balance
HEFT,732.98,436516.1180659773,0.11348333333333335,0.8407090803159701,52.97853278181911
GA,636.6600000000001,419725.0411836774,0.1097913888888889,0.8472122715224278,53.435647210987774
