algorithm,makespan,energy,cost,reliability,load_balance
HEFT,1062.2500000000002,428634.8501294422,0.10488916666666667,0.849252778700817,63.84782553071015
GA,940.64,432862.16049710836,0.09006722222222223,0.8533939479034379,77.1869403353529
