algorithm,makespan,energy,cost,reliability,load_balance
HEFT,735.4600000000002,5858.539999999996,0.11564055555555557,0.971132172475618,2.987957775248371
GA,740.99,5858.539999999999,0.10968111111111113,0.971132172475618,7.298590617372637
