algorithm,makespan,energy,cost,reliability,load_balance
HEFT,535.04,560412.3525904606,0.1001088888888889,0.816055917514537,105.65866216067347
GA,609.1,584982.6311443113,0.1603866666666667,0.8064430481236625,60.15268414279894
