algorithm,makespan,energy,cost,reliability,load_balance
HEFT,210.23000000000002,5853.999999999998,0.2015713888888889,0.9711542174261425,9.83221745080936
GA,233.56000000000003,5854.0,0.16754305555555557,0.9711542174261425,44.618044705402916
