algorithm,makespan,energy,cost,reliability,load_balance
HEFT,619.7599999999999,1082673.1867819799,0.06870305555555554,0.7590661129833899,120.14784679685006
GA,672.76,1104543.4920625484,0.09893972222222222,0.7463009066392214,48.325226360800215
