algorithm,makespan,energy,cost,reliability,load_balance
HEFT,397.52,235697.36765445766,0.04780833333333333,0.9128369512882998,64.6262449866262
GA,399.84000000000003,233052.9193427371,0.058735,0.9126675444715796,48.88905338694368
