algorithm,makespan,energy,cost,reliability,load_balance
HEFT,290.29,510593.7986840746,0.03151277777777778,0.8808097712738848,59.920494137998695
GA,302.28999999999996,502141.3193952826,0.032529444444444444,0.8774339474820847,32.74994722970385
