algorithm,makespan,energy,cost,reliability,load_balance
HEFT,61.21,2573.640000000001,0.08138805555555556,0.9872142412830976,10.2400092734018
GA,96.12,2573.640000000001,0.06966611111111111,0.9872142412830976,29.242085826215302
