algorithm,makespan,energy,cost,reliability,load_balance
HEFT,382.5,671757.8128366014,0.04636083333333333,0.847182789048377,78.64160134430105
GA,398.5,654546.4279799247,0.04435361111111111,0.8428562984357764,31.457819542731574
