algorithm,makespan,energy,cost,reliability,load_balance
HEFT,308.89000000000004,2426.94,0.0663388888888889,0.9879386285656366,6.575319383877889
GA,311.31,2426.9399999999996,0.05647527777777779,0.9879386285656366,11.18679988498349
