algorithm,makespan,energy,cost,reliability,load_balance
HEFT,545.7400000000001,199438.86154579103,0.04631694444444445,0.9260528245617535,82.04336840964052
GA,505.88,201679.37633430853,0.04295638888888889,0.9275305008757575,109.34117141619927
