algorithm,makespan,energy,cost,reliability,load_balance
HEFT,484.72999999999996,1675718.994594929,0.10238166666666669,0.6561247109177355,87.57621745126033
GA,511.72999999999996,1681017.0756649012,0.16609277777777778,0.6448842729934162,40.197720099101076
