algorithm,makespan,energy,cost,reliability,load_balance
HEFT,381.12,5653.399999999996,0.1595252777777778,0.9721287737645236,13.590333486920548
GA,395.02,5653.399999999995,0.15829527777777783,0.9721287737645236,44.90128561633841
