algorithm,makespan,energy,cost,reliability,load_balance
HEFT,778.1600000000001,471986.3153079059,0.12087500000000001,0.8295366392863444,72.78956656005037
GA,833.4000000000001,488795.5187664987,0.15400194444444446,0.8258788391979486,108.1078110036458
