algorithm,makespan,energy,cost,reliability,load_balance
HEFT,129.23999999999998,1728.04,0.05662111111111112,0.9913970192569418,12.585616223065342
GA,125.78,1728.0399999999997,0.06226888888888889,0.9913970192569418,20.27964126901657
