algorithm,makespan,energy,cost,reliability,load_balance
HEFT,406.7,201397.69950823707,0.032761388888888895,0.9340030268684817,90.76998905199889
GA,408.7,195924.36865671643,0.04170416666666666,0.9338535983387839,68.46228073858315
