algorithm,makespan,energy,cost,reliability,load_balance
HEFT,455.95,247450.20300471547,0.045714166666666674,0.9187643587553168,128.06846572941254
GA,474.81,233227.95779364379,0.07100666666666668,0.9173791723382386,58.22941671894516
