algorithm,makespan,energy,cost,reliability,load_balance
HEFT,203.43,2791.42,0.09328861111111114,0.9861398487549357,17.509375396789984
GA,207.12999999999997,2791.42,0.09413194444444448,0.9861398487549357,38.051195565035414
