algorithm,makespan,energy,cost,reliability,load_balance
HEFT,295.12,979087.7787340743,0.015659444444444445,0.8095369997428165,39.3419662237312
GA,306.12,989226.8326799949,0.015566666666666664,0.8038578732454276,19.76514364163851
