algorithm,makespan,energy,cost,reliability,load_balance
HEFT,258.65,3682.6999999999985,0.09709083333333333,0.9817549927259,17.207946202263642
GA,260.67,3682.699999999999,0.11545694444444451,0.9817549927259,31.341352618043967
