algorithm,makespan,energy,cost,reliability,load_balance
HEFT,466.53,289655.9778363664,0.06986555555555556,0.8924200046407784,58.029364241612306
GA,442.7099999999999,282007.4158704344,0.07518722222222221,0.8941222215587948,32.39760661354036
