algorithm,makespan,energy,cost,reliability,load_balance
HEFT,276.90000000000003,477798.5530877573,0.018577222222222224,0.8933375267796834,52.30937923882109
GA,283.90000000000003,469633.26393096166,0.017545833333333333,0.8913386902523875,32.26875481012504
