algorithm,makespan,energy,cost,reliability,load_balance
HEFT,171.2,155788.3253504673,0.007249444444444444,0.9633762859947123,43.50533528583975
GA,171.2,155788.3253504673,0.007249444444444444,0.9633762859947123,43.50533528583975
