algorithm,makespan,energy,cost,reliability,load_balance
HEFT,234.10000000000002,124790.12904741564,0.01561416666666667,0.9610373548073688,74.08814662037955
GA,240.10000000000002,121978.38688046648,0.018764166666666665,0.9605761675708528,62.9954523160204
