algorithm,makespan,energy,cost,reliability,load_balance
HEFT,83.95,1191.4,0.05162833333333334,0.9940607077453724,7.8938561100208995
GA,85.44,1191.4,0.042412777777777785,0.9940607077453724,9.990146216576184
