algorithm,makespan,energy,cost,reliability,load_balance
HEFT,456.4199999999999,826317.3927961088,0.06996444444444444,0.7961599270012331,99.57325308049474
GA,488.5699999999999,819300.8421720528,0.12945249999999997,0.7880110235070197,41.20649768680788
