algorithm,makespan,energy,cost,reliability,load_balance
HEFT,499.7099999999999,1711184.2991334973,0.08883305555555555,0.6588300951184738,86.13841923470599
GA,537.7099999999999,1752241.8588458458,0.1605897222222222,0.6430006139010179,34.95281079598152
