algorithm,makespan,energy,cost,reliability,load_balance
HEFT,123.35,5237.839999999999,0.2217536111111111,0.9741507628476568,12.76230987030978
GA,137.12,5237.839999999999,0.18429500000000001,0.9741507628476568,36.7708997626498
