algorithm,makespan,energy,cost,reliability,load_balance
HEFT,448.57000000000005,815263.8716365339,0.08934555555555557,0.7866832416173449,90.89758547486997
GA,491.57000000000005,834417.5878918569,0.16220750000000003,0.7759326141539369,41.74985810290741
