algorithm,makespan,energy,cost,reliability,load_balance
HEFT,787.61,448374.2710859436,0.09722972222222223,0.8446328863931815,158.06205001630576
GA,805.8599999999999,431916.54660859203,0.1344247222222222,0.8434006221508356,33.30391994838703
