algorithm,makespan,energy,cost,reliability,load_balance
HEFT,309.45000000000005,2406.4399999999996,0.05483111111111111,0.988039897465007,6.313881531989676
GA,310.76,2406.4399999999996,0.055850555555555556,0.988039897465007,9.367523685585235
