algorithm,makespan,energy,cost,reliability,load_balance
HEFT,498.03000000000003,169568.67883460838,0.04587777777777778,0.9356917347179473,57.40414299798691
GA,420.8500000000001,171093.64571700132,0.036228333333333335,0.9385848657806553,95.3392897323379
