algorithm,makespan,energy,cost,reliability,load_balance
HEFT,304.41,280932.41953286686,0.016574166666666668,0.9312506605250267,79.18338196606243
GA,323.29,272248.30712363514,0.02070527777777778,0.9284417831940048,40.172532484895704
