algorithm,makespan,energy,cost,reliability,load_balance
HEFT,73.51,1261.7,0.039221111111111116,0.9937113568086239,14.916368288449661
GA,67.5,1261.6999999999998,0.027718611111111107,0.9937113568086239,20.842242111874622
