algorithm,makespan,energy,cost,reliability,load_balance
HEFT,354.0399999999999,334843.57951078966,0.03258055555555555,0.9059372824537777,86.93414980844216
GA,377.04,331593.1311531933,0.050475277777777786,0.9026095600190724,53.91537124280978
