algorithm,makespan,energy,cost,reliability,load_balance
HEFT,548.1100000000001,981102.6863950666,0.08901777777777779,0.7570369618396625,108.320152041559
GA,587.11,990356.8836844886,0.1791313888888889,0.7476478504736654,54.570463737263594
