algorithm,makespan,energy,cost,reliability,load_balance
HEFT,111.46000000000001,5726.979999999998,0.3116997222222222,0.9717711933696024,10.618340450910944
GA,137.1,5726.979999999999,0.25342138888888893,0.9717711933696024,35.691394902139706
