algorithm,makespan,energy,cost,reliability,load_balance
HEFT,499.73,878948.7096432073,0.06819194444444446,0.790283450320171,95.96767342097378
GA,520.73,867350.072686421,0.08805472222222223,0.7849905495986728,46.423961901251715
