algorithm,makespan,energy,cost,reliability,load_balance
HEFT,331.41999999999996,572312.142387303,0.027243055555555555,0.8757043018464975,63.61035068615271
GA,338.41999999999996,558411.2558063944,0.026253888888888893,0.8737449195378301,37.42992064614368
