algorithm,makespan,energy,cost,reliability,load_balance
HEFT,54.47,1451.2199999999998,0.020155833333333335,0.9927701619354715,19.970387914299025
GA,54.47,1451.2199999999998,0.020155833333333338,0.9927701619354715,19.97038791429902
