algorithm,makespan,energy,cost,reliability,load_balance
HEFT,759.9799999999999,286996.40223426936,0.07382999999999999,0.8946706654407637,33.36356233477869
GA,677.55,286603.94283816696,0.06934194444444444,0.8976254421267886,19.15145490556784
