algorithm,makespan,energy,cost,reliability,load_balance
HEFT,1183.65,404143.30640814424,0.11849972222222223,0.852387877899238,53.85315612849451
GA,882.06,403954.51185860374,0.08983416666666667,0.8627330186623443,106.73076106883772
