algorithm,makespan,energy,cost,reliability,load_balance
HEFT,952.4099999999999,309623.28316586337,0.0888963888888889,0.8847848242299524,89.34026733039623
GA,783.7199999999999,299094.56293063844,0.07621833333333333,0.8907751858635398,40.25496615325869
