algorithm,makespan,energy,cost,reliability,load_balance
HEFT,328.83000000000004,587486.7330535536,0.0383938888888889,0.8579227658823814,71.10570666878247
GA,341.84,573412.2662356657,0.05287388888888889,0.8543584863757565,38.29000819167513
