algorithm,makespan,energy,cost,reliability,load_balance
HEFT,71.0,1204.6,0.03802166666666667,0.9939951019036778,15.70170388843198
GA,61.41,1204.6000000000001,0.035640000000000005,0.9939951019036778,17.24623432327571
