algorithm,makespan,energy,cost,reliability,load_balance
HEFT,271.63,254365.40761329752,0.023881944444444442,0.9348806545807775,72.29686346066474
GA,276.63,245747.82897733434,0.023118055555555555,0.9341330491391618,54.985822168840336
