algorithm,makespan,energy,cost,reliability,load_balance
HEFT,247.19,81974.53481127878,0.015746944444444445,0.9700927436935923,70.51396528348126
GA,242.73999999999998,76428.47936063277,0.019978333333333334,0.9702654355710909,26.874232392138513
