algorithm,makespan,energy,cost,reliability,load_balance
HEFT,148.13,1018.5600000000001,0.026292499999999996,0.9949201463189249,16.29758059754064
GA,130.9,1018.5600000000001,0.02508666666666667,0.9949201463189249,2.632451329084741
