algorithm,makespan,energy,cost,reliability,load_balance
HEFT,375.28999999999996,192309.07668736178,0.02454888888888889,0.9464862837363429,125.13623346891065
GA,381.28999999999996,172091.38018306278,0.028955277777777774,0.9460320793379258,60.83479747585728
