algorithm,makespan,energy,cost,reliability,load_balance
HEFT,215.62,361768.7701975698,0.00999138888888889,0.9214573372628968,32.614004461212176
GA,220.62,367541.1925935998,0.012534444444444445,0.9199841843598712,30.531965637764717
