algorithm,makespan,energy,cost,reliability,load_balance
HEFT,473.03,179153.7663784538,0.04126194444444445,0.935844826408306,127.94671582993705
GA,520.61,174901.6568064386,0.04969555555555556,0.9340654203545957,76.72626294170728
