algorithm,makespan,energy,cost,reliability,load_balance
HEFT,496.95,875553.2458194989,0.06914027777777779,0.7889745615796047,95.18969536207686
GA,529.01,877927.2701272188,0.13199333333333335,0.7809216923863057,39.2995839249398
