algorithm,makespan,energy,cost,reliability,load_balance
HEFT,86.42,4037.6600000000003,0.14253388888888888,0.9800141192728793,11.77983244017284
GA,103.83,4037.6599999999994,0.14214305555555554,0.9800141192728792,31.126645997091074
