algorithm,makespan,energy,cost,reliability,load_balance
HEFT,583.3400000000001,596036.6401583982,0.10848444444444445,0.8071885458670456,110.75808740787285
GA,656.98,617339.7093823252,0.18776805555555556,0.7977337370936936,46.32585778572625
