algorithm,makespan,energy,cost,reliability,load_balance
HEFT,779.5199999999999,288234.2248691502,0.07402611111111111,0.8940088540487532,57.60592757404967
GA,711.1799999999998,287091.14250963187,0.06560999999999999,0.8964560599693238,53.527445530307155
