algorithm,makespan,energy,cost,reliability,load_balance
HEFT,252.74,131326.7714647464,0.011424444444444445,0.9642360010177161,89.3645238015943
GA,249.97,116615.90990918908,0.01125,0.9644496993924471,54.8526095225065
