algorithm,makespan,energy,cost,reliability,load_balance
HEFT,828.8400000000003,471804.15855895,0.1307502777777778,0.8291186581602357,49.521522882191675
GA,732.84,453039.2389880465,0.12461416666666666,0.8355108038758104,61.41540034877245
