algorithm,makespan,energy,cost,reliability,load_balance
HEFT,474.55999999999995,846124.3327292647,0.07366083333333336,0.7924514792707298,95.8242867053058
GA,504.55999999999995,843027.8217060405,0.12518305555555556,0.7848803446620768,41.30416498564388
