algorithm,makespan,energy,cost,reliability,load_balance
HEFT,428.07,406915.35202186555,0.043848888888888896,0.8834158835155236,101.89785492508335
GA,465.78999999999996,417152.2138302668,0.0764136111111111,0.8781003482687431,76.2395996732232
