algorithm,makespan,energy,cost,reliability,load_balance
HEFT,521.5799999999999,180229.0078223858,0.04281166666666666,0.9318144240023974,55.03921571631145
GA,450.9,177884.7138168108,0.03910944444444445,0.9344525772781648,53.545725630841275
