algorithm,makespan,energy,cost,reliability,load_balance
HEFT,259.69,876967.5073356695,0.02916277777777778,0.8189580642843717,41.476548804046416
GA,271.69,885331.2033567667,0.024054722222222227,0.8126925566960002,22.638871243298215
