algorithm,makespan,energy,cost,reliability,load_balance
HEFT,340.01000000000005,347752.4991029676,0.04613333333333336,0.8939005067416219,92.09469089837192
GA,357.63,338060.82414786227,0.07029472222222223,0.8913839714079839,60.82532376951781
