algorithm,makespan,energy,cost,reliability,load_balance
HEFT,114.03,3075.78,0.10153472222222223,0.9847387513941179,9.295973478698542
GA,121.0,3075.7799999999997,0.1222888888888889,0.984738751394118,20.34478285908536
