algorithm,makespan,energy,cost,reliability,load_balance
HEFT,646.1899999999999,621416.5918847397,0.08443555555555556,0.8204673188657333,147.48328136747116
GA,693.1899999999999,611275.5096149684,0.14596444444444448,0.8143205454627057,54.42531533747262
