algorithm,makespan,energy,cost,reliability,load_balance
HEFT,195.65,4952.680000000001,0.1674930555555556,0.9755406976543816,13.827584448003442
GA,196.45999999999998,4952.68,0.16606972222222222,0.9755406976543816,36.02980819173665
