algorithm,makespan,energy,cost,reliability,load_balance
HEFT,614.8100000000001,631778.3075746979,0.10839527777777777,0.796665808437799,118.53726288949538
GA,677.53,648724.3355423376,0.17560222222222224,0.7887110880785609,69.94640796114312
