algorithm,makespan,energy,cost,reliability,load_balance
HEFT,501.7,511105.4568666533,0.08449555555555556,0.8375087228448672,110.35178879195088
GA,547.75,513269.18139662256,0.13569750000000003,0.8313606359407258,53.703658065194524
