algorithm,makespan,energy,cost,reliability,load_balance
HEFT,176.92,4964.699999999999,0.163845,0.9754820694202486,13.21846774718361
GA,197.32999999999998,4964.699999999999,0.1863327777777778,0.9754820694202486,43.61736316632785
