algorithm,makespan,energy,cost,reliability,load_balance
HEFT,826.43,6556.639999999999,0.12927944444444445,0.967748344688634,6.370342743264814
GA,827.8599999999999,6556.6399999999985,0.13594194444444446,0.967748344688634,10.643160558155019
