algorithm,makespan,energy,cost,reliability,load_balance
HEFT,1187.3099999999997,433480.03669639776,0.11767388888888888,0.8444095949784449,72.99326972399572
GA,1051.94,433274.20239747514,0.10572638888888888,0.8489943054965979,105.31131353436504
