algorithm,makespan,energy,cost,reliability,load_balance
HEFT,525.5200000000001,264496.811215558,0.060453888888888904,0.9121179191065707,113.65373112315447
GA,539.3600000000001,258841.0055436073,0.06498138888888891,0.9111085810192127,73.26043815194042
