algorithm,makespan,energy,cost,reliability,load_balance
HEFT,370.68,338546.65673896624,0.032085833333333334,0.9104524547625004,85.31837198595233
GA,375.68,329823.2214118399,0.03459,0.9097243840657994,65.05848649484554
