algorithm,makespan,energy,cost,reliability,load_balance
HEFT,257.41,136075.84538285228,0.017660555555555554,0.9589518633387938,84.27569214022682
GA,258.41,126260.80244572581,0.02127527777777778,0.9588751502582908,58.126920244778645
