algorithm,makespan,energy,cost,reliability,load_balance
HEFT,93.45,1001.16,0.03402555555555556,0.9950067081370391,14.91992028894831
GA,78.96,1001.1599999999999,0.02447861111111111,0.9950067081370391,22.55575235468137
