algorithm,makespan,energy,cost,reliability,load_balance
HEFT,452.40000000000003,1543087.3865163573,0.0800616666666667,0.6862580196730587,75.35792292993148
GA,400.99999999999994,1325571.9422443889,0.11675083333333332,0.7092085847634123,39.04696284019604
