algorithm,makespan,energy,cost,reliability,load_balance
HEFT,398.26,218631.73868829408,0.03831833333333332,0.9277854212818577,114.13855883311301
GA,404.26,204407.22809577995,0.053360833333333337,0.9273401911434241,62.73150505755235
