algorithm,makespan,energy,cost,reliability,load_balance
HEFT,368.07000000000005,339125.11755916,0.025352222222222227,0.9158048343003817,93.60347717900228
GA,373.07000000000005,318323.9870265634,0.027759166666666675,0.9150724834123554,52.36540989368205
