algorithm,makespan,energy,cost,reliability,load_balance
HEFT,481.0,509566.6262370063,0.07866749999999999,0.8405739051642289,125.10788906646401
GA,530.66,500810.6035879847,0.14213444444444445,0.8339215047980822,51.28583339155819
