algorithm,makespan,energy,cost,reliability,load_balance
HEFT,634.03,2157260.6684068576,0.11181305555555554,0.5852419075766045,101.49332160654299
GA,687.03,2240724.885623627,0.19874749999999994,0.5657234072455565,44.5811100711233
