algorithm,makespan,energy,cost,reliability,load_balance
HEFT,496.7400000000001,874049.7271610905,0.05874555555555556,0.7976431196883257,99.30554772403283
GA,525.12,868053.7745086835,0.1106838888888889,0.7904320375755957,43.356185432090015
