algorithm,makespan,energy,cost,reliability,load_balance
HEFT,346.16,129480.27819505433,0.026487222222222224,0.9529843474160666,90.58584400077827
GA,366.16,129447.10416211493,0.02737277777777778,0.9522222648118199,85.43842031935438
