algorithm,makespan,energy,cost,reliability,load_balance
HEFT,509.56,1699696.7484692675,0.05590666666666667,0.6759909436475456,70.17980531451434
GA,530.71,1718671.4785287632,0.09912777777777777,0.6669023803996793,32.4697260367834
