algorithm,makespan,energy,cost,reliability,load_balance
HEFT,367.39,627887.9730259397,0.01547861111111111,0.8698733957928991,66.68958340987795
GA,391.39,635816.1650272108,0.02099916666666667,0.8632183561761564,30.17383014643061
