algorithm,makespan,energy,cost,reliability,load_balance
HEFT,54.46,1356.76,0.018843888888888893,0.9932391580276626,19.72200472985736
GA,54.46,1356.76,0.01884388888888889,0.9932391580276626,20.32486827914307
