algorithm,makespan,energy,cost,reliability,load_balance
HEFT,586.52,592807.2102059607,0.08918333333333332,0.812493308909875,120.82259283587375
GA,676.4000000000001,634705.6742312241,0.1497936111111111,0.8008926186613021,92.0499206929769
