algorithm,makespan,energy,cost,reliability,load_balance
HEFT,547.37,526124.490819738,0.06514166666666667,0.855716627745841,141.6688862100638
GA,571.37,495590.1012653797,0.10254722222222223,0.8524369768550414,50.370994298968
