algorithm,makespan,energy,cost,reliability,load_balance
HEFT,471.38000000000005,308162.755802113,0.07856166666666668,0.8861739640185496,58.444131059988784
GA,467.4800000000001,305023.5471677933,0.08240083333333335,0.8864504934316687,41.16640653233794
