algorithm,makespan,energy,cost,reliability,load_balance
HEFT,110.96000000000001,4846.200000000003,0.2606041666666667,0.9760602138047405,13.884310578560806
GA,133.88,4846.2,0.24525861111111114,0.9760602138047405,41.04690357560679
