algorithm,makespan,energy,cost,reliability,load_balance
HEFT,511.07,904767.7346938775,0.09026083333333335,0.7739961341833794,94.57434864951405
GA,453.66,771420.2870211173,0.15361333333333335,0.7883467877157323,35.49862845913682
