algorithm,makespan,energy,cost,reliability,load_balance
HEFT,510.22,514449.98512406414,0.07783277777777778,0.8362988949094418,107.60294117533839
GA,566.0600000000001,532093.2291099883,0.13294944444444448,0.8288603450336282,73.03894451763388
