algorithm,makespan,energy,cost,reliability,load_balance
HEFT,374.46999999999997,205569.9841375811,0.03600888888888888,0.934631261692626,118.42341319543674
GA,397.46999999999997,195147.1683397489,0.04424666666666667,0.9329131213449761,68.66459261199637
