algorithm,makespan,energy,cost,reliability,load_balance
HEFT,303.71000000000004,203923.71472786542,0.046034444444444454,0.9246248419576582,56.02393672096141
GA,320.23,203505.5744308778,0.05434083333333333,0.9234036648980729,43.24350025478644
