algorithm,makespan,energy,cost,reliability,load_balance
HEFT,204.73,5939.599999999999,0.18439916666666667,0.9707386523583523,10.928654995011964
GA,250.31000000000003,5939.599999999999,0.18597138888888892,0.9707386523583523,39.966356267907805
