algorithm,makespan,energy,cost,reliability,load_balance
HEFT,540.73,566230.6818190224,0.10112666666666668,0.8142133879300432,106.25594261028415
GA,618.5500000000001,589105.0672055614,0.18368083333333335,0.8041383077765549,44.54492167090056
