algorithm,makespan,energy,cost,reliability,load_balance
HEFT,371.25,1243944.4787340066,0.03215222222222222,0.7557919039642105,54.938142691538395
GA,390.25,1265785.6574247277,0.029897499999999994,0.7466571264191494,27.814356436616233
