algorithm,makespan,energy,cost,reliability,load_balance
HEFT,338.53,620289.2005435264,0.04538249999999999,0.8457820302765162,79.89050589309619
GA,367.34000000000003,623955.8548483693,0.07027777777777779,0.8380204294320637,45.6684589000598
