algorithm,makespan,energy,cost,reliability,load_balance
HEFT,464.40000000000003,438436.3938630492,0.059615833333333326,0.8722977996635027,102.97169047647675
GA,476.48,421945.6244333445,0.08354583333333335,0.8706134507554519,53.234569340952376
