algorithm,makespan,energy,cost,reliability,load_balance
HEFT,562.82,1007092.0429799936,0.08089305555555557,0.7555011311878352,114.08527083224608
GA,595.82,999079.7105333827,0.17568333333333336,0.7475650156809651,49.61734044142066
