algorithm,makespan,energy,cost,reliability,load_balance
HEFT,184.48,58947.85705767563,0.010503333333333333,0.9803347343250265,73.79581125194935
GA,185.48,53654.97870390338,0.011010833333333334,0.9802955217199109,46.07889276375176
