algorithm,makespan,energy,cost,reliability,load_balance
HEFT,430.47999999999996,762342.4894071732,0.05748166666666667,0.8144726747490312,85.7297956165277
GA,455.69,764396.4889288772,0.09337444444444447,0.8079285924880496,48.17254416459984
