algorithm,makespan,energy,cost,reliability,load_balance
HEFT,365.7700000000001,125251.21240123577,0.023663888888888894,0.9553480066611065,115.36406387317216
GA,383.7700000000001,118327.646559137,0.032103333333333345,0.9546604036630943,54.521589913232255
