algorithm,makespan,energy,cost,reliability,load_balance
HEFT,150.68,4008.32,0.11519277777777778,0.9801578978900803,13.148499027138675
GA,163.37,4008.32,0.12431055555555558,0.9801578978900803,34.602120358922136
