algorithm,makespan,energy,cost,reliability,load_balance
HEFT,386.93999999999994,415104.0825192536,0.07121055555555554,0.8609672607138107,84.60741854540102
GA,419.58000000000004,418895.190309357,0.1068788888888889,0.8564826656585984,56.67123273393065
