algorithm,makespan,energy,cost,reliability,load_balance
HEFT,157.91,2293.5600000000004,0.06612416666666666,0.9885977045814972,10.169713790044861
GA,149.26999999999998,2293.5600000000004,0.07892083333333334,0.9885977045814972,6.704582121845585
