algorithm,makespan,energy,cost,reliability,load_balance
HEFT,371.63,216676.53499448375,0.03854,0.9251531385345227,101.63467012505414
GA,382.14,204409.43633223424,0.04872611111111111,0.9243755967000368,48.57095751872422
