algorithm,makespan,energy,cost,reliability,load_balance
HEFT,273.59999999999997,250747.5472587719,0.01898388888888889,0.935041467882913,66.24286014042065
GA,277.59999999999997,237452.4340417867,0.022715277777777775,0.9344432327991145,37.68820805305022
