algorithm,makespan,energy,cost,reliability,load_balance
HEFT,58.68,1145.9,0.03330944444444445,0.9942868822827625,11.034609474285894
GA,52.339999999999996,1145.9,0.03133166666666667,0.9942868822827625,13.378915486067372
