algorithm,makespan,energy,cost,reliability,load_balance
HEFT,250.07,448608.7486703723,0.02387,0.8948449642625457,57.47548545796749
GA,270.07,446800.00303624984,0.030063333333333338,0.8891362438822346,25.902076568578746
