algorithm,makespan,energy,cost,reliability,load_balance
HEFT,376.52000000000004,1274625.6470307023,0.053170277777777775,0.7436303567026966,60.79746352791843
GA,402.52000000000004,1310047.7812779492,0.06348416666666666,0.7313587306517367,30.522292659732322
