algorithm,makespan,energy,cost,reliability,load_balance
HEFT,111.72,5543.640000000002,0.21445027777777778,0.9726624244559214,11.768339959536595
GA,142.33999999999997,5543.640000000002,0.2055991666666667,0.9726624244559214,33.571633565287456
