algorithm,makespan,energy,cost,reliability,load_balance
HEFT,597.49,1048442.1365043765,0.11370999999999999,0.7400890220143476,101.12433332249638
GA,583.23,996270.3003617784,0.2021097222222223,0.7434739133340659,65.4053073429751
