algorithm,makespan,energy,cost,reliability,load_balance
HEFT,899.26,372213.1853412806,0.0869625,0.8685626152889432,54.67662838605422
GA,839.3599999999999,375358.1856771827,0.08132277777777779,0.8706461864366273,83.06112984824293
