algorithm,makespan,energy,cost,reliability,load_balance
HEFT,692.7100000000002,5440.72,0.10923027777777779,0.9731630853485457,8.49025716139786
GA,685.2899999999998,5440.719999999999,0.10361555555555552,0.9731630853485457,3.830326356852652
