algorithm,makespan,energy,cost,reliability,load_balance
HEFT,63.03,1209.6599999999996,0.04110361111111111,0.9939699541457201,12.952831977988444
GA,62.2,1209.6599999999996,0.03325222222222222,0.9939699541457201,20.43614452181885
