algorithm,makespan,energy,cost,reliability,load_balance
HEFT,230.13,217188.64554816842,0.016675000000000002,0.943646172844558,62.508270799417666
GA,230.13,212209.65297875114,0.015728055555555558,0.943646172844558,56.066093838730495
