algorithm,makespan,energy,cost,reliability,load_balance
HEFT,421.97,500308.30551934976,0.10960805555555557,0.8250751548571267,72.39560915552822
GA,491.1000000000001,530517.108654042,0.16060638888888892,0.8159994483988989,67.2662344097443
