algorithm,makespan,energy,cost,reliability,load_balance
HEFT,201.45999999999998,5582.999999999997,0.15606638888888888,0.9724710233252775,13.122672428536287
GA,216.85,5582.999999999998,0.17078222222222222,0.9724710233252775,42.072002547220556
