algorithm,makespan,energy,cost,reliability,load_balance
HEFT,416.97999999999996,404404.2387644491,0.05970805555555556,0.8728915130447815,84.89322811626378
GA,394.33,371207.6315268937,0.08191777777777777,0.8760606108248212,46.62655416533945
