algorithm,makespan,energy,cost,reliability,load_balance
HEFT,475.49,3624.360000000001,0.0892836111111111,0.982041412429561,16.534014434895493
GA,460.00999999999993,3624.3600000000006,0.06887555555555555,0.982041412429561,5.923368973818868
