algorithm,makespan,energy,cost,reliability,load_balance
HEFT,692.0400000000001,246228.11704525753,0.05875333333333335,0.9085330619576379,78.52421516109955
GA,633.8399999999999,242510.94228827461,0.05880777777777778,0.9106505907730728,44.59029976725134
