algorithm,makespan,energy,cost,reliability,load_balance
HEFT,354.25,184105.29911079747,0.031163611111111114,0.9382477866399048,86.4465230958258
GA,346.16999999999996,171649.3408729815,0.03829222222222222,0.9388544660668555,49.2139426926673
