algorithm,makespan,energy,cost,reliability,load_balance
HEFT,319.99,543983.0,0.008888611111111111,0.8911910967863579,56.56677472797084
GA,327.99,533035.654471173,0.008888611111111111,0.888912565343214,27.74585205667338
