algorithm,makespan,energy,cost,reliability,load_balance
HEFT,514.23,513441.50483246805,0.07524416666666667,0.8378491555610738,107.99231441596513
GA,597.82,546479.1428690911,0.13686194444444447,0.8267180278148863,62.16986686691552
