algorithm,makespan,energy,cost,reliability,load_balance
HEFT,399.19,410042.00498509477,0.059147500000000006,0.8749522198510434,107.1358433310253
GA,429.85999999999996,401328.6413018192,0.0968711111111111,0.8706691717993548,61.676707485484336
