algorithm,makespan,energy,cost,reliability,load_balance
HEFT,184.33,174472.73287039547,0.010886944444444446,0.957082963561329,52.73595708416918
GA,184.33,171842.6148212445,0.009980833333333335,0.957082963561329,49.57695764751336
