algorithm,makespan,energy,cost,reliability,load_balance
HEFT,631.2400000000002,612148.9286483749,0.10817472222222224,0.8103832460022127,118.37451873890205
GA,588.1700000000001,557496.6602172842,0.15918833333333338,0.815987045301547,54.922381048166514
