algorithm,makespan,energy,cost,reliability,load_balance
HEFT,183.72,5205.799999999999,0.17785305555555556,0.9743068343008546,9.048879764921171
GA,201.91000000000003,5205.800000000001,0.17975500000000005,0.9743068343008546,27.798073284552178
