algorithm,makespan,energy,cost,reliability,load_balance
HEFT,57.25,1912.28,0.026559444444444448,0.9904841648480978,13.948823499353953
GA,67.22999999999999,1912.28,0.05002555555555556,0.9904841648480978,23.416327903836674
