algorithm,makespan,energy,cost,reliability,load_balance
HEFT,376.51,655118.1416429842,0.029138888888888884,0.8538419265866226,74.25433929904645
GA,395.51,652145.894035549,0.03643722222222222,0.848666317468322,39.73612334244862
