algorithm,makespan,energy,cost,reliability,load_balance
HEFT,646.88,216220.61291120457,0.058434444444444456,0.9183873752247953,65.96730099071807
GA,514.24,210095.23934349723,0.04941555555555557,0.9232729201960667,30.456668673160372
