algorithm,makespan,energy,cost,reliability,load_balance
HEFT,429.38,246890.905188877,0.04692166666666667,0.9116298842060536,91.23656612463165
GA,430.40000000000003,244614.11503252792,0.05331111111111112,0.911555498242491,82.35797904574879
