algorithm,makespan,energy,cost,reliability,load_balance
HEFT,550.2600000000001,4183.56,0.09470777777777777,0.9792994596766508,18.774327329272495
GA,534.4300000000001,4183.56,0.09387416666666665,0.9792994596766508,19.279475269484532
