algorithm,makespan,energy,cost,reliability,load_balance
HEFT,758.0300000000002,293734.62501484115,0.07196000000000002,0.8929424016659555,32.92747687469137
GA,645.88,296430.0665448691,0.06485166666666668,0.8969571396042457,45.22390592006255
