algorithm,makespan,energy,cost,reliability,load_balance
HEFT,53.69,683.34,0.009490833333333335,0.9965891302774519,19.68924747800179
GA,53.69,683.34,0.014078055555555559,0.9965891302774519,20.806855270559268
