algorithm,makespan,energy,cost,reliability,load_balance
HEFT,237.06,214523.59664220028,0.008626666666666668,0.9508946506669411,59.40938186291228
GA,243.06,203608.93343207438,0.008626666666666668,0.9499822298343744,32.90247731301297
