algorithm,makespan,energy,cost,reliability,load_balance
HEFT,554.17,178932.3697962719,0.042015555555555556,0.9323863607852255,81.1558083257138
GA,470.1,172758.4771963412,0.04033277777777778,0.9355270674637804,64.62105197482731
