algorithm,makespan,energy,cost,reliability,load_balance
HEFT,326.28999999999996,2533.5400000000004,0.06273805555555556,0.9874121975829308,7.802616548312463
GA,324.71999999999997,2533.54,0.05980583333333334,0.9874121975829308,11.239600749136962
