algorithm,makespan,energy,cost,reliability,load_balance
HEFT,472.37,1597292.5849651755,0.06514166666666667,0.687089718961901,74.83932641117617
GA,489.75,1592741.4353445636,0.08551444444444445,0.6794894307253435,34.06012372954952
