algorithm,makespan,energy,cost,reliability,load_balance
HEFT,826.8199999999999,270868.7998717979,0.08086277777777778,0.898246454603925,61.09333208296951
GA,616.61,263312.11117237795,0.062009444444444436,0.9058311128259358,26.17520375597229
