algorithm,makespan,energy,cost,reliability,load_balance
HEFT,679.4999999999999,2283391.313421633,0.10448944444444445,0.5793778636618835,99.23886667482537
GA,725.4999999999999,2356569.280399724,0.20593972222222223,0.5625696108151566,46.042142895350054
