algorithm,makespan,energy,cost,reliability,load_balance
HEFT,527.71,4084.5400000000004,0.08874555555555555,0.9797844308838525,12.557447657333372
GA,516.59,4084.540000000002,0.0863038888888889,0.9797844308838526,5.4908370642978195
