algorithm,makespan,energy,cost,reliability,load_balance
HEFT,796.6399999999999,299400.4843593091,0.07476,0.890288599249553,37.969063722983705
GA,696.31,305007.2781088883,0.06666583333333333,0.8938686844500221,119.0972375834133
