algorithm,makespan,energy,cost,reliability,load_balance
HEFT,274.68,83090.11507936507,0.009480277777777778,0.9756622575983365,126.77277214896476
GA,274.68,83090.11507936509,0.009480277777777778,0.9756622575983365,126.77277214896476
