algorithm,makespan,energy,cost,reliability,load_balance
HEFT,79.05,562.82,0.01660166666666667,0.9971898558677991,9.961333160442598
GA,77.4,562.82,0.015130555555555559,0.9971898558677991,5.31291116055972
