algorithm,makespan,energy,cost,reliability,load_balance
HEFT,1057.1100000000001,423458.164429435,0.10661972222222221,0.8505143456288452,42.12703367989096
GA,970.6,424601.9870183391,0.10092861111111112,0.8534625635351608,17.575827149810106
