algorithm,makespan,energy,cost,reliability,load_balance
HEFT,71.39,1658.7,0.0820213888888889,0.9917407961938066,8.592393511123662
GA,73.71,1658.7,0.07438694444444445,0.9917407961938066,23.142646627312676
