algorithm,makespan,energy,cost,reliability,load_balance
HEFT,277.08,271270.10401328135,0.02982833333333333,0.9219989447029547,74.97686438717835
GA,286.12,252211.95603243393,0.0333475,0.9206663294090444,30.09537428465267
