algorithm,makespan,energy,cost,reliability,load_balance
HEFT,482.07,465763.6735328894,0.06284055555555555,0.8608822013504539,109.51688289178676
GA,527.53,468677.7913673156,0.10850666666666667,0.8546432060550814,51.54085652825985
