algorithm,makespan,energy,cost,reliability,load_balance
HEFT,535.11,1820285.0294332006,0.09880055555555559,0.6290483230713076,83.03760484654404
GA,571.11,1873948.7032270494,0.15109916666666667,0.6147207372968059,43.972599436358955
