algorithm,makespan,energy,cost,reliability,load_balance
HEFT,233.01999999999998,405999.75431293447,0.01609305555555556,0.907290675550301,46.55907638095477
GA,234.58999999999997,397601.0151754124,0.017520277777777774,0.9068349671984278,36.8630447856242
