algorithm,makespan,energy,cost,reliability,load_balance
HEFT,662.83,2237554.1379388385,0.11833805555555556,0.5792772923945906,99.79325444593792
GA,703.83,2293277.681272467,0.21765999999999996,0.5642747504010877,47.79851735653665
