algorithm,makespan,energy,cost,reliability,load_balance
HEFT,448.37,429332.92593170813,0.06250444444444446,0.865760298763189,86.376417422041
GA,478.52000000000004,431436.06365460175,0.11500000000000002,0.8615939284467807,43.09309774584943
