algorithm,makespan,energy,cost,reliability,load_balance
HEFT,58.21,574.2399999999999,0.007975555555555555,0.997132917952622,19.021220430526185
GA,58.21,574.2399999999999,0.012370277777777777,0.997132917952622,22.278898835744403
