algorithm,makespan,energy,cost,reliability,load_balance
HEFT,162.78,148950.55068190195,0.008621111111111112,0.9648579408830364,42.25732528213302
GA,164.78,141500.10486709554,0.006756666666666668,0.9645492357374115,28.573215313179812
