algorithm,makespan,energy,cost,reliability,load_balance
HEFT,951.65,353048.7696106762,0.0987538888888889,0.8715312124791454,34.34506320661913
GA,791.04,353651.50399474107,0.08217333333333333,0.8771483014944748,18.813763578827057
