algorithm,makespan,energy,cost,reliability,load_balance
HEFT,1012.65,423113.63492815883,0.09538388888888889,0.852474484907194,75.58725305896499
GA,933.3799999999999,424995.906051126,0.09203444444444443,0.8551818009144627,51.08965477471931
