algorithm,makespan,energy,cost,reliability,load_balance
HEFT,63.08,2593.4599999999996,0.07686111111111113,0.9871164131992481,9.407142528119516
GA,86.09,2593.4599999999996,0.08899944444444446,0.9871164131992481,25.94619311182216
