algorithm,makespan,energy,cost,reliability,load_balance
HEFT,411.62,724877.8640250717,0.04921472222222222,0.836243366506383,86.03935747890648
GA,419.45,695495.928501609,0.06615833333333333,0.834150697917293,43.58338714903954
