algorithm,makespan,energy,cost,reliability,load_balance
HEFT,50.23,649.88,0.009026111111111111,0.9967558735866362,19.662685769412747
GA,50.23,649.88,0.009026111111111113,0.9967558735866362,19.66268576941275
