algorithm,makespan,energy,cost,reliability,load_balance
HEFT,150.8,137211.58315649867,0.0072269444444444456,0.9671106151985487,37.9481762188031
GA,151.17,129741.18052523649,0.006468333333333334,0.9670533639447828,25.718741771971143
