algorithm,makespan,energy,cost,reliability,load_balance
HEFT,212.06,87776.91252475714,0.01722361111111111,0.9679570137254627,43.05306522188637
GA,214.99,87687.77501279129,0.017186111111111114,0.9678435758110457,42.57704027211537
