algorithm,makespan,energy,cost,reliability,load_balance
HEFT,163.46,1197.8999999999999,0.030259444444444443,0.9940284012973533,16.700238271753292
GA,152.87,1197.8999999999996,0.03052694444444445,0.9940284012973533,4.500269436378228
