algorithm,makespan,energy,cost,reliability,load_balance
HEFT,551.2,577751.6114477504,0.10639666666666665,0.8106591474149081,108.1038513941571
GA,650.18,618382.0991571564,0.19556694444444447,0.7979220244726846,63.25912376553546
