algorithm,makespan,energy,cost,reliability,load_balance
HEFT,276.05,144575.85756203588,0.016230555555555557,0.9563225762398405,88.21145439065319
GA,284.29,132210.09405888355,0.022522500000000004,0.9556923761343589,42.692321156319046
