algorithm,makespan,energy,cost,reliability,load_balance
HEFT,462.23,299735.85280055384,0.06187916666666667,0.8918119384181252,93.61231649734987
GA,514.15,303943.21804920735,0.07675777777777779,0.8881153906556278,71.53748807443549
