algorithm,makespan,energy,cost,reliability,load_balance
HEFT,513.3100000000001,331252.0778087315,0.07739138888888888,0.8770942708232645,42.2910239547691
GA,472.6,325823.1536182819,0.07765861111111111,0.879955448056507,42.3513918644611
