algorithm,makespan,energy,cost,reliability,load_balance
HEFT,416.83000000000004,740717.0214955739,0.06748222222222224,0.809385144846099,77.96972820803391
GA,433.83000000000004,735124.6618952124,0.09661027777777777,0.8049940442807083,43.5292537977567
