algorithm,makespan,energy,cost,reliability,load_balance
HEFT,377.41,661176.9967409449,0.03911777777777777,0.8464758559710004,75.17339906788405
GA,384.40999999999997,642294.0548893107,0.04813111111111112,0.8445818721074903,45.27794832850433
