algorithm,makespan,energy,cost,reliability,load_balance
HEFT,68.83,2537.059999999999,0.07067888888888889,0.9873948192811829,11.756952400086648
GA,75.62,2537.06,0.06971166666666666,0.9873948192811829,23.80530953371469
