algorithm,makespan,energy,cost,reliability,load_balance
HEFT,408.8999999999999,376139.3099535338,0.03349972222222222,0.9006486977624273,96.73536009822536
GA,419.8999999999999,355898.98013812804,0.04572972222222222,0.8990649501610727,39.84781683689417
