algorithm,makespan,energy,cost,reliability,load_balance
HEFT,761.7099999999999,261328.7373934962,0.06961194444444445,0.902124447529527,51.94309386241826
GA,645.89,257981.39373577543,0.06283277777777778,0.9063135057119961,57.32834493802637
