algorithm,makespan,energy,cost,reliability,load_balance
HEFT,450.4100000000001,429413.9107035812,0.04512111111111111,0.8831558441590881,116.84169340750474
GA,470.31000000000006,405703.4369245817,0.07905833333333334,0.8803483478572305,46.29019678434445
