algorithm,makespan,energy,cost,reliability,load_balance
HEFT,555.52,359305.49380760366,0.08698611111111111,0.8691106774272928,79.24111198469784
GA,608.8900000000001,366759.7737522377,0.1091827777777778,0.8654078329364452,68.1652793897723
