algorithm,makespan,energy,cost,reliability,load_balance
HEFT,323.63000000000005,4638.12,0.12112833333333332,0.9770762352939139,14.24731127516448
GA,310.9,4638.119999999999,0.12117777777777779,0.9770762352939139,15.987710235409848
