algorithm,makespan,energy,cost,reliability,load_balance
HEFT,343.1,177685.82856310115,0.02249361111111111,0.9503326478938557,116.8898930923579
GA,344.1,162764.52630049404,0.018087222222222223,0.9502566243230076,78.67345436313683
