algorithm,makespan,energy,cost,reliability,load_balance
HEFT,595.85,1082224.6271209195,0.1220938888888889,0.7291396511181137,122.02574002946221
GA,632.3800000000001,1079239.2779183404,0.20222083333333338,0.7206659239848038,62.26394201220473
