algorithm,makespan,energy,cost,reliability,load_balance
HEFT,110.62,5750.700000000002,0.22965666666666662,0.971655948140246,10.537109227247077
GA,144.98000000000002,5750.700000000003,0.20851555555555557,0.971655948140246,39.98438122360627
