algorithm,makespan,energy,cost,reliability,load_balance
HEFT,321.79,297349.4142142391,0.02342833333333334,0.926106907625918,83.0613536991382
GA,327.79,278788.00280667504,0.019433333333333337,0.9252182716081329,44.20143404536404
