algorithm,makespan,energy,cost,reliability,load_balance
HEFT,47.97,969.04,0.026599444444444443,0.9951665190468384,9.102392725725107
GA,57.06,969.04,0.020751944444444444,0.9951665190468384,15.897942214848646
