algorithm,makespan,energy,cost,reliability,load_balance
HEFT,449.0,248306.6675946548,0.041723333333333334,0.9171748030262284,124.76321395089636
GA,470.0,248540.79729787234,0.047435000000000005,0.9156352429497131,110.2010025152092
