algorithm,makespan,energy,cost,reliability,load_balance
HEFT,175.63,2343.88,0.06991,0.9883490046867832,14.466484171550263
GA,164.01000000000002,2343.8799999999997,0.09219944444444446,0.9883490046867832,18.320884063198015
