algorithm,makespan,energy,cost,reliability,load_balance
HEFT,555.7199999999999,348101.58398114156,0.07901472222222222,0.8720975430790356,67.83459177345604
GA,564.6199999999999,349637.220697106,0.08542333333333332,0.8714768306282181,67.58927629175248
