algorithm,makespan,energy,cost,reliability,load_balance
HEFT,296.92,4237.199999999999,0.14816111111111113,0.9790368467795292,15.810544401939953
GA,287.71000000000004,4237.199999999999,0.1154836111111111,0.9790368467795292,20.40925000371857
