algorithm,makespan,energy,cost,reliability,load_balance
HEFT,518.43,315747.3651409061,0.07037611111111111,0.8884006991371957,119.73431462289449
GA,546.18,307418.3397597862,0.08430361111111111,0.8864306371630069,58.931989478793035
