algorithm,makespan,energy,cost,reliability,load_balance
HEFT,236.12,3387.7799999999993,0.08663027777777778,0.9832037565492191,14.558415276297849
GA,229.44,3387.7799999999993,0.09456666666666667,0.9832037565492191,14.177680585544103
