algorithm,makespan,energy,cost,reliability,load_balance
HEFT,521.26,304959.73769328167,0.06118305555555556,0.891922173186082,113.48317640419533
GA,558.6800000000001,303634.0639901196,0.08746916666666668,0.8892561075265379,70.92577618035433
