algorithm,makespan,energy,cost,reliability,load_balance
HEFT,80.23,3401.4999999999986,0.12983055555555556,0.9831363110849257,11.474626737727084
GA,96.86,3401.499999999999,0.10385805555555559,0.9831363110849257,29.074731531157273
