algorithm,makespan,energy,cost,reliability,load_balance
HEFT,454.37,805504.0224706738,0.063035,0.8053392997443771,91.23160728852464
GA,511.37000000000006,852763.8182724838,0.10406583333333334,0.7907830673231165,50.1848909989512
