algorithm,makespan,energy,cost,reliability,load_balance
HEFT,389.10999999999996,227088.26650561535,0.05186194444444445,0.9162320652976235,65.31772850568869
GA,397.7,230333.09585114405,0.05794888888888889,0.915602646915277,70.95432776491812
