algorithm,makespan,energy,cost,reliability,load_balance
HEFT,204.52,3088.0999999999995,0.08247694444444445,0.9846780933553189,7.227609637454741
GA,207.70999999999998,3088.0999999999995,0.08225944444444445,0.9846780933553189,16.532885788633514
