algorithm,makespan,energy,cost,reliability,load_balance
HEFT,243.28,122508.083607366,0.008546666666666668,0.9687297517038622,84.06091277843025
GA,243.28,122508.083607366,0.008546666666666668,0.9687297517038622,84.06091277843025
