algorithm,makespan,energy,cost,reliability,load_balance
HEFT,469.03000000000003,230825.05530563075,0.033500833333333334,0.9303116885557813,124.52256232019046
GA,382.84000000000003,194937.86571413645,0.040290000000000006,0.9367485398967257,97.02219855527909
