algorithm,makespan,energy,cost,reliability,load_balance
HEFT,400.59000000000003,6067.019999999999,0.16573888888888894,0.9701203917307702,12.869550372321266
GA,411.88999999999993,6067.02,0.1778311111111112,0.9701203917307702,34.22063806598087
