algorithm,makespan,energy,cost,reliability,load_balance
HEFT,702.4799999999999,452218.58065710054,0.11558305555555555,0.837071657375554,81.70986105028665
GA,733.32,455947.79746904486,0.1270027777777778,0.8350089797479047,72.13729444607694
