algorithm,makespan,energy,cost,reliability,load_balance
HEFT,313.68,181529.2632300434,0.029622222222222227,0.9410223390375053,104.4060466143741
GA,324.68,167753.0116114328,0.04451388888888889,0.9401946036361454,57.88659256005907
