algorithm,makespan,energy,cost,reliability,load_balance
HEFT,146.89,1872.8000000000002,0.06777805555555558,0.990679705721488,17.90366283354171
GA,136.98,1872.8,0.0683225,0.990679705721488,24.332153330814883
