algorithm,makespan,energy,cost,reliability,load_balance
HEFT,255.73000000000002,79571.68748289211,0.010448611111111113,0.9752814333946915,113.2372297435786
GA,256.73,72019.66003194016,0.01373777777777778,0.9752424229175705,79.26850446425743
