algorithm,makespan,energy,cost,reliability,load_balance
HEFT,410.74,390567.8595948775,0.04164333333333333,0.8893919962414015,100.31980799548012
GA,421.69000000000005,385186.8128957292,0.06537250000000001,0.8878351456633229,80.87683431974408
