algorithm,makespan,energy,cost,reliability,load_balance
HEFT,352.48,589085.1242056288,0.025883055555555555,0.8721523125244838,49.93062583596332
GA,356.48,585286.0259201077,0.01693277777777778,0.8710366717268848,36.7783371931569
