algorithm,makespan,energy,cost,reliability,load_balance
HEFT,1058.6,384198.8214528623,0.10330416666666667,0.860694549485356,69.34804220980818
GA,939.4600000000003,381931.3750133055,0.0969841666666667,0.8648060645671577,61.884196892259965
