algorithm,makespan,energy,cost,reliability,load_balance
HEFT,190.19,95865.13449708186,0.009496944444444443,0.9742177867257357,63.63519386482834
GA,194.19000000000003,86751.82362634534,0.0077705555555555575,0.973906086908614,34.50352422475959
