algorithm,makespan,energy,cost,reliability,load_balance
HEFT,59.61,640.3800000000001,0.016658055555555558,0.9968032206151145,11.912039452947234
GA,59.61,640.3800000000001,0.019384722222222223,0.9968032206151145,11.988298982758145
