algorithm,makespan,energy,cost,reliability,load_balance
HEFT,247.38999999999996,222845.06754517157,0.007717222222222221,0.950568359617579,61.56726336563395
GA,249.38999999999996,212974.40659208468,0.010228055555555554,0.9502642264064105,43.779674717079985
