algorithm,makespan,energy,cost,reliability,load_balance
HEFT,80.91,3957.4000000000015,0.1837938888888889,0.9804074778610652,10.931707046551006
GA,105.53,3957.400000000002,0.15534916666666668,0.9804074778610652,25.775814988210392
