algorithm,makespan,energy,cost,reliability,load_balance
HEFT,740.2100000000002,1273982.5372259226,0.08559277777777778,0.7271814829014003,131.14451376372017
GA,700.17,1152177.8596340888,0.18170694444444443,0.7365586594638956,54.768725594318944
