algorithm,makespan,energy,cost,reliability,load_balance
HEFT,545.11,526619.6988130836,0.07649861111111113,0.8448224432803754,125.05986593094794
GA,573.9100000000001,517496.53259221837,0.12016250000000003,0.8409384570386428,71.22034025941373
