algorithm,makespan,energy,cost,reliability,load_balance
HEFT,88.85,1967.3799999999999,0.08495805555555556,0.9902113240462282,13.087808815204069
GA,86.93,1967.3799999999999,0.058684444444444456,0.9902113240462282,28.487728227841078
