algorithm,makespan,energy,cost,reliability,load_balance
HEFT,278.40000000000003,266430.321875,0.03879305555555556,0.9225910580735087,68.79614150699153
GA,215.92000000000002,206618.21142089664,0.0387875,0.9318602703998705,38.697606380541586
