algorithm,makespan,energy,cost,reliability,load_balance
HEFT,847.2500000000001,313573.45460017707,0.07930166666666669,0.8851306657122855,50.02775388055462
GA,746.6000000000001,312984.0985132601,0.07263333333333334,0.8887013848069296,52.721023241840214
