algorithm,makespan,energy,cost,reliability,load_balance
HEFT,388.61999999999995,411103.36138129793,0.06813222222222223,0.8654251412661866,91.10037299594332
GA,433.03000000000003,420483.5008198048,0.11075000000000002,0.859297572191311,60.97167539111912
