algorithm,makespan,energy,cost,reliability,load_balance
HEFT,1001.62,364564.1002076636,0.10375861111111112,0.8671754137514788,41.17812313595657
GA,847.21,364063.66262201814,0.08710305555555556,0.8725480105509725,54.404073606670316
