algorithm,makespan,energy,cost,reliability,load_balance
HEFT,437.55999999999995,245626.65597860864,0.04797694444444445,0.9178097076415834,123.99924192596615
GA,444.55999999999995,228476.24147471655,0.07073361111111112,0.9172958780910063,58.409034510938454
