algorithm,makespan,energy,cost,reliability,load_balance
HEFT,518.6800000000001,522882.33008791547,0.08493194444444445,0.8326445821121693,105.82427588341912
GA,593.23,546021.6254235288,0.14003694444444445,0.8227717958895082,46.12776119558228
