algorithm,makespan,energy,cost,reliability,load_balance
HEFT,180.57000000000002,5328.399999999998,0.18481444444444442,0.9737097672311816,7.552479945907398
GA,227.65000000000003,5328.400000000001,0.1907991666666667,0.9737097672311816,48.68060236548709
