algorithm,makespan,energy,cost,reliability,load_balance
HEFT,327.69,317610.19857182086,0.034730833333333336,0.9114220562857379,88.78091042701689
GA,338.69,302855.5853140039,0.04566583333333333,0.9098193642493753,54.50017311516847
