algorithm,makespan,energy,cost,reliability,load_balance
HEFT,1019.6,427418.6693114947,0.10279555555555557,0.8509206482976717,37.686992782656404
GA,906.14,433658.56005694484,0.09662833333333334,0.8547912430780061,65.42877265902729
