algorithm,makespan,energy,cost,reliability,load_balance
HEFT,779.8900000000001,6082.9000000000015,0.10785166666666664,0.97004336722958,13.530576176448276
GA,764.05,6082.899999999999,0.11397805555555554,0.97004336722958,4.564357384488336
