algorithm,makespan,energy,cost,reliability,load_balance
HEFT,48.54,1199.5399999999997,0.034758333333333336,0.9940202502978818,7.782568529519459
GA,68.15,1199.54,0.02468694444444445,0.9940202502978818,20.132349082591762
