algorithm,makespan,energy,cost,reliability,load_balance
HEFT,294.86999999999995,271348.8108997185,0.016769444444444444,0.9338513570928374,76.1077880131199
GA,301.86999999999995,262191.07354159065,0.015386944444444444,0.9328060290658601,54.66165380090506
