algorithm,makespan,energy,cost,reliability,load_balance
HEFT,376.79999999999995,653750.7537420382,0.037554166666666666,0.8493047545613187,70.93106932128173
GA,390.13,641734.476892318,0.05413333333333334,0.8456896759214497,32.4597808942951
