algorithm,makespan,energy,cost,reliability,load_balance
HEFT,71.39,2407.8999999999996,0.09462055555555558,0.9880326848000818,13.30642183293344
GA,79.97,2407.8999999999996,0.08065944444444446,0.9880326848000818,25.2024826746039
