algorithm,makespan,energy,cost,reliability,load_balance
HEFT,969.9200000000002,369044.57401641377,0.09286500000000002,0.8670935562561553,68.4713406591887
GA,887.6000000000003,367976.1803402434,0.0862091666666667,0.869953427826729,46.92728657188688
