algorithm,makespan,energy,cost,reliability,load_balance
HEFT,693.29,5354.539999999999,0.12539555555555557,0.9735825116809359,16.75016691459123
GA,684.3199999999998,5354.539999999999,0.11870611111111115,0.9735825116809359,18.351759906522968
