algorithm,makespan,energy,cost,reliability,load_balance
HEFT,510.15,1718420.3384298736,0.0726391666666667,0.6627453831756484,76.43716200313986
GA,545.74,1776648.121614688,0.1420016666666667,0.6478202584770137,38.81425088291905
