algorithm,makespan,energy,cost,reliability,load_balance
HEFT,479.35,475882.1810785438,0.07253222222222223,0.8520333582872239,106.77369320202423
GA,524.04,479505.789672544,0.13781444444444443,0.8459627086139428,54.122229444101805
