algorithm,makespan,energy,cost,reliability,load_balance
HEFT,186.63,5032.199999999999,0.14961055555555555,0.9751528997723219,13.501127298612262
GA,203.13,5032.199999999998,0.17352305555555553,0.9751528997723219,30.997358140116816
