algorithm,makespan,energy,cost,reliability,load_balance
HEFT,53.59,1289.38,0.017908055555555556,0.9935738366734544,19.06861542572067
GA,53.59,1289.3799999999997,0.031112777777777777,0.9935738366734544,21.435133295954163
