algorithm,makespan,energy,cost,reliability,load_balance
HEFT,413.9000000000001,706806.5903599904,0.02217305555555556,0.8542457184983985,74.52377959890146
GA,421.9000000000001,687964.6849253379,0.022288611111111113,0.8520616462642968,36.91128584159374
