algorithm,makespan,energy,cost,reliability,load_balance
HEFT,841.0099999999999,311760.4984601847,0.08310694444444444,0.8861438346159758,78.04065153281752
GA,776.9,310181.4422834342,0.07713500000000001,0.8884191780639179,67.28572675538257
