algorithm,makespan,energy,cost,reliability,load_balance
HEFT,198.61,5588.199999999999,0.19881416666666668,0.9724457394073635,12.883582252877762
GA,235.97000000000003,5588.200000000003,0.19637722222222223,0.9724457394073635,43.121203890893405
