algorithm,makespan,energy,cost,reliability,load_balance
HEFT,506.59999999999997,517867.7988945914,0.08994194444444445,0.8316955754571729,101.35097341252654
GA,541.8399999999999,521051.14572567545,0.14657222222222221,0.8270193387597421,62.31604992562777
