algorithm,makespan,energy,cost,reliability,load_balance
HEFT,325.12,560893.1710137795,0.029569722222222223,0.8707774897815654,59.3808314861275
GA,301.44,500072.36644108285,0.03465111111111111,0.877400956585892,31.38825247039346
