algorithm,makespan,energy,cost,reliability,load_balance
HEFT,798.53,6154.900000000001,0.11878277777777776,0.9696942144686451,20.517856247668753
GA,780.3199999999999,6154.9,0.11209833333333334,0.9696942144686451,7.554391107164044
