algorithm,makespan,energy,cost,reliability,load_balance
HEFT,1100.1300000000003,418684.84014616464,0.1067466666666667,0.8507378901713427,87.39692495543919
GA,1066.8999999999999,418329.4637829226,0.1094027777777778,0.8518694428382613,89.47066274297218
