algorithm,makespan,energy,cost,reliability,load_balance
HEFT,595.1,348569.9428667451,0.09202666666666669,0.8717240165066851,64.94135546783724
GA,572.25,346862.87231105287,0.09335722222222223,0.8733189853662534,81.76665784850378
