algorithm,makespan,energy,cost,reliability,load_balance
HEFT,611.94,373468.92752557446,0.09646500000000001,0.8627337088490352,61.582114620004944
GA,606.87,378951.2410730469,0.09464833333333335,0.8630837046156877,96.80584861869512
