algorithm,makespan,energy,cost,reliability,load_balance
HEFT,290.82,287693.8483254247,0.032735,0.9178567007016267,81.6858755411036
GA,298.36,273807.2820418287,0.040962222222222226,0.9167500660341481,54.65623071754949
