algorithm,makespan,energy,cost,reliability,load_balance
HEFT,103.75,2374.5799999999995,0.11515833333333333,0.9881973047578312,10.599851551633478
GA,110.72999999999999,2374.58,0.09472666666666665,0.9881973047578312,25.939805182704564
