algorithm,makespan,energy,cost,reliability,load_balance
HEFT,403.71999999999997,382356.6466362825,0.04080333333333333,0.8917077808666374,97.29368029322356
GA,412.71999999999997,361290.6093719713,0.055154166666666664,0.8904246457412055,45.222098266960884
