algorithm,makespan,energy,cost,reliability,load_balance
HEFT,663.11,427714.050564763,0.0976163888888889,0.8449282216718632,71.6775320321109
GA,673.5500000000001,425988.9645163685,0.11882611111111113,0.8442228322327568,43.38990729832393
