algorithm,makespan,energy,cost,reliability,load_balance
HEFT,620.8000000000001,2069030.7031572165,0.06610972222222224,0.6259865460787335,85.6896246005694
GA,648.8000000000001,2097737.742170161,0.1027088888888889,0.614868779873958,37.924132105198396
