algorithm,makespan,energy,cost,reliability,load_balance
HEFT,266.29,134692.31912576515,0.00918,0.9660666995500531,93.63957603492234
GA,266.29,134692.31912576515,0.00918,0.9660666995500531,93.63957603492233
