algorithm,makespan,energy,cost,reliability,load_balance
HEFT,41.15,507.93999999999994,0.010994444444444446,0.9974635223095679,7.5570703648967035
GA,46.21,507.93999999999994,0.009599722222222221,0.9974635223095679,9.768207815590914
