algorithm,makespan,energy,cost,reliability,load_balance
HEFT,384.03,729910.741426451,0.07772500000000002,0.799647398778971,88.96820286409597
GA,422.03,739618.479800014,0.12717250000000002,0.7899825676739809,48.73454916337338
