algorithm,makespan,energy,cost,reliability,load_balance
HEFT,908.82,304916.16413591255,0.08309055555555557,0.8868462932678873,89.04432393476857
GA,777.8599999999999,301212.3208417967,0.06893805555555554,0.8915041380663805,111.70344141968043
