algorithm,makespan,energy,cost,reliability,load_balance
HEFT,369.34999999999997,643629.9412481386,0.040994722222222224,0.8484270273082943,70.22674699534635
GA,384.34999999999997,633918.1992454793,0.04726361111111112,0.8443643358371099,31.732290768542928
