algorithm,makespan,energy,cost,reliability,load_balance
HEFT,62.2,2268.32,0.08513277777777777,0.9887224734845675,10.968460355977278
GA,75.42,2268.32,0.08274722222222225,0.9887224734845675,24.99433084108371
