algorithm,makespan,energy,cost,reliability,load_balance
HEFT,383.69,1304165.0034402772,0.05308111111111112,0.7364446490080477,63.91900472981256
GA,393.69,1282277.3524600575,0.07694277777777778,0.7317464535164654,28.971982808776204
