algorithm,makespan,energy,cost,reliability,load_balance
HEFT,334.34000000000003,4901.859999999999,0.11931055555555556,0.9757886140420986,16.2875210229006
GA,336.62,4901.859999999998,0.13279749999999998,0.9757886140420986,35.678438041363705
