algorithm,makespan,energy,cost,reliability,load_balance
HEFT,563.4799999999999,360203.5384396962,0.08083722222222223,0.8715531753424308,115.03015554937878
GA,612.24,357345.4465569058,0.09950555555555557,0.8681600429839658,55.35339917295054
