algorithm,makespan,energy,cost,reliability,load_balance
HEFT,491.99,493216.27913168975,0.07947194444444446,0.8440357731800426,105.76301637584221
GA,523.4399999999999,493682.17096515355,0.13036694444444444,0.8397992531931028,68.2447704925684
