algorithm,makespan,energy,cost,reliability,load_balance
HEFT,169.74,4841.459999999997,0.17913277777777775,0.9760833467059316,10.84758097073567
GA,191.31,4841.459999999998,0.1723861111111111,0.9760833467059316,34.05716448732435
