algorithm,makespan,energy,cost,reliability,load_balance
HEFT,223.69,3252.120000000001,0.07432972222222223,0.9838708898899805,11.670525450283472
GA,226.82000000000002,3252.120000000001,0.093115,0.9838708898899805,25.421342411446332
