algorithm,makespan,energy,cost,reliability,load_balance
HEFT,549.9899999999999,303432.00423644064,0.06361194444444444,0.8945096392137796,121.38447605351232
GA,524.03,288664.3497318856,0.07897222222222224,0.8963692872225874,91.42341509036791
