algorithm,makespan,energy,cost,reliability,load_balance
HEFT,644.4499999999998,410684.61914811074,0.09298055555555555,0.8498804384826952,54.79577940928864
GA,670.3699999999998,415791.9550546712,0.11411277777777776,0.848119952308337,60.219841874228976
