algorithm,makespan,energy,cost,reliability,load_balance
HEFT,91.00999999999999,3495.86,0.15497722222222224,0.9826725767768812,13.305902942867123
GA,99.77000000000001,3495.8600000000006,0.12480055555555554,0.9826725767768812,26.613956226540722
