algorithm,makespan,energy,cost,reliability,load_balance
HEFT,595.99,1041273.0192788469,0.0717338888888889,0.7721034000790605,118.11935748599053
GA,643.99,1054159.5066693584,0.1371525,0.7603345083274158,45.084780494730865
