algorithm,makespan,energy,cost,reliability,load_balance
HEFT,285.81,4256.0,0.16581166666666666,0.9789448216411811,13.200155843235889
GA,288.40999999999997,4256.0,0.14611416666666668,0.9789448216411811,26.021589937149155
