algorithm,makespan,energy,cost,reliability,load_balance
HEFT,567.76,341228.4750246583,0.07298972222222222,0.878264041429389,114.39868043694509
GA,588.87,332509.29413962335,0.09592611111111111,0.8767820808359663,45.720048743881016
