algorithm,makespan,energy,cost,reliability,load_balance
HEFT,337.12000000000006,202331.35669791177,0.036300000000000006,0.9280637986627616,84.39122329746655
GA,365.5400000000001,198596.43505498717,0.055068333333333344,0.9259561496933851,44.44049020479925
