algorithm,makespan,energy,cost,reliability,load_balance
HEFT,545.04,515532.87756861886,0.054698611111111115,0.8593755999532727,134.55927883123977
GA,583.6999999999999,502866.8519616241,0.12404083333333332,0.8540762529593858,56.49171301689597
