algorithm,makespan,energy,cost,reliability,load_balance
HEFT,739.5400000000002,296115.6235632961,0.06700777777777779,0.893199606113298,58.30059254987615
GA,708.8200000000002,296338.0566434356,0.06861555555555558,0.8942978444087083,57.13739661260982
