algorithm,makespan,energy,cost,reliability,load_balance
HEFT,300.66,102926.2235748021,0.023125,0.9621862884751861,79.09115521556969
GA,290.08000000000004,98205.86610590183,0.022153055555555558,0.9625935718875602,47.20128352774602
