algorithm,makespan,energy,cost,reliability,load_balance
HEFT,549.25,573846.8251433774,0.09838861111111112,0.8180986096095401,126.651642598573
GA,606.2,576091.3715110525,0.15441805555555557,0.8106779549252945,60.33173050932653
