algorithm,makespan,energy,cost,reliability,load_balance
HEFT,191.17000000000002,5418.899999999999,0.18321888888888888,0.9732692632330555,12.539636607573604
GA,209.84,5418.899999999999,0.1796269444444444,0.9732692632330555,45.69797040989165
