algorithm,makespan,energy,cost,reliability,load_balance
HEFT,677.76,208633.3506255902,0.05033222222222222,0.9225751896437787,127.13609440280916
GA,600.52,205871.8855991474,0.06055111111111111,0.9254299857678532,150.80661358176573
