algorithm,makespan,energy,cost,reliability,load_balance
HEFT,281.24999999999994,2173.3400000000006,0.048244722222222224,0.9891921292981716,6.666755207745334
GA,276.48999999999995,2173.340000000001,0.05599944444444445,0.9891921292981716,4.234275813721458
