algorithm,makespan,energy,cost,reliability,load_balance
HEFT,745.56,300394.40529266594,0.07263888888888889,0.8916945836891399,36.77538884906589
GA,687.9,302328.03437999706,0.0720775,0.893753561577537,56.1483608398322
