algorithm,makespan,energy,cost,reliability,load_balance
HEFT,316.19999999999993,300362.61366223905,0.029254722222222224,0.9176089128453032,82.0396751171854
GA,325.99999999999994,284498.84153374226,0.04032444444444444,0.9161712295082582,43.45785958834144
