algorithm,makespan,energy,cost,reliability,load_balance
HEFT,78.65,1696.4,0.05933611111111111,0.9915538706720081,13.076909165905121
GA,86.75,1696.4,0.05099055555555557,0.9915538706720081,29.363210655512454
