algorithm,makespan,energy,cost,reliability,load_balance
HEFT,373.44,5448.779999999999,0.16043027777777777,0.9731238676664478,19.39319942476156
GA,367.53999999999996,5448.779999999998,0.14633555555555555,0.9731238676664478,29.49550882882728
