algorithm,makespan,energy,cost,reliability,load_balance
HEFT,631.1000000000001,392121.064443036,0.11199555555555557,0.8562161697219639,59.02469965737107
GA,572.52,381087.36433661706,0.1012488888888889,0.8602381581419927,43.988610843360036
