algorithm,makespan,energy,cost,reliability,load_balance
HEFT,238.38,66013.14380401041,0.008910833333333333,0.9780907713626108,79.23905813002406
GA,238.38,66013.1438040104,0.008910833333333335,0.9780907713626108,79.23905813002406
