algorithm,makespan,energy,cost,reliability,load_balance
HEFT,60.93,2309.64,0.0831086111111111,0.9885182245211901,10.942969296133889
GA,70.82,2309.6400000000003,0.07646527777777774,0.9885182245211901,23.242847312876222
