algorithm,makespan,energy,cost,reliability,load_balance
HEFT,419.82000000000005,732528.1813396218,0.037359722222222225,0.834470405716837,82.86732684701595
GA,453.69000000000005,750117.8210892901,0.054555277777777786,0.8254749180769745,46.63309153929319
