algorithm,makespan,energy,cost,reliability,load_balance
HEFT,441.38,3405.2600000000007,0.06442111111111112,0.9831178282960161,12.489839537266574
GA,433.82000000000005,3405.26,0.07019472222222223,0.9831178282960161,11.85149885035644
