algorithm,makespan,energy,cost,reliability,load_balance
HEFT,734.1700000000001,264467.5630712233,0.07038916666666667,0.9018285992325105,54.27592314584196
GA,654.4100000000001,264066.13832306967,0.06566638888888889,0.9047103877802,74.78328043977037
