algorithm,makespan,energy,cost,reliability,load_balance
HEFT,634.44,223603.32862051573,0.05616,0.9162720138865433,62.52288347743832
GA,547.6700000000001,221872.75090839373,0.054520833333333345,0.9194577360966104,66.76386017150296
