algorithm,makespan,energy,cost,reliability,load_balance
HEFT,489.74999999999994,1682139.0625216945,0.08960750000000002,0.6510226791346243,82.81041428026337
GA,534.7599999999999,1755076.5536502353,0.15261500000000003,0.6325365964843385,40.54698496139171
