algorithm,makespan,energy,cost,reliability,load_balance
HEFT,521.08,489776.3408305827,0.06256805555555557,0.8620786251560784,119.6410464612097
GA,560.0200000000001,484293.0087139746,0.09648138888888888,0.8567242278289793,50.29021016394077
