algorithm,makespan,energy,cost,reliability,load_balance
HEFT,133.03,3099.7,0.11374972222222222,0.9846209836821008,13.120887657344936
GA,151.20999999999998,3099.7,0.09539916666666669,0.9846209836821008,31.368581514789604
