algorithm,makespan,energy,cost,reliability,load_balance
HEFT,567.6700000000001,1022577.6825092044,0.10515083333333332,0.7470801528053165,115.403709201567
GA,582.14,988321.6953825541,0.19407499999999994,0.7436288694434705,55.41738257106903
