algorithm,makespan,energy,cost,reliability,load_balance
HEFT,636.46,227019.19636740722,0.05881361111111111,0.9152232997845494,63.32224964418114
GA,539.9,225145.700351917,0.0559238888888889,0.9187650937670978,57.39635325233361
