algorithm,makespan,energy,cost,reliability,load_balance
HEFT,176.90000000000003,153159.8546636518,0.009712500000000002,0.9636479964167317,34.27059900629109
GA,125.92,111852.63238564167,0.006618055555555557,0.971540425115992,27.109985790909835
