algorithm,makespan,energy,cost,reliability,load_balance
HEFT,48.51,566.22,0.007864166666666667,0.9971729037843424,17.69360485928932
GA,48.51,566.22,0.007864166666666665,0.9971729037843424,17.69360485928932
