algorithm,makespan,energy,cost,reliability,load_balance
HEFT,500.14,292775.9028671972,0.06518083333333334,0.8949681034014065,100.27759395797247
GA,517.61,289327.0033036456,0.08698083333333334,0.8937181696372636,68.20651639375397
