algorithm,makespan,energy,cost,reliability,load_balance
HEFT,257.02000000000004,3547.06,0.10994611111111112,0.9824210447946937,23.10637601399234
GA,244.57999999999998,3547.0599999999995,0.11608,0.9824210447946937,22.40830868705368
