algorithm,makespan,energy,cost,reliability,load_balance
HEFT,972.7600000000001,391931.7214934825,0.09189555555555556,0.8610798825968227,47.37583913065113
GA,884.4100000000001,395312.6596035775,0.08552611111111112,0.8641283223222119,78.58122803825349
