algorithm,makespan,energy,cost,reliability,load_balance
HEFT,742.2399999999998,5739.920000000002,0.1185236111111111,0.9717083218073084,17.310129982180868
GA,725.4799999999999,5739.92,0.1064438888888889,0.9717083218073084,6.394711356529855
