algorithm,makespan,energy,cost,reliability,load_balance
HEFT,397.77,1331526.6634738669,0.039011111111111114,0.7418676655767612,58.34030658129084
GA,423.13,1371262.9168104364,0.03498444444444445,0.7299240436848731,29.293441228082692
