algorithm,makespan,energy,cost,reliability,load_balance
HEFT,285.8,512873.9467459762,0.03467250000000001,0.8761510249451467,63.86413117869589
GA,313.8,521396.9450605481,0.04432583333333334,0.8683357763602835,30.142948989611526
