algorithm,makespan,energy,cost,reliability,load_balance
HEFT,577.4399999999999,1950547.1248268215,0.07171694444444446,0.6342322923060623,90.97374286230605
GA,608.44,1971839.8164486228,0.0951663888888889,0.62177312722879,35.463345864438594
