algorithm,makespan,energy,cost,reliability,load_balance
HEFT,458.77000000000004,444868.0781219348,0.0650363888888889,0.864517267573375,101.20727967888477
GA,484.27000000000004,445947.3945526256,0.1127611111111111,0.8609972228958225,72.99849655986074
