algorithm,makespan,energy,cost,reliability,load_balance
HEFT,669.55,5274.720000000002,0.12154444444444443,0.9739711460081693,7.118173923135084
GA,667.4099999999999,5274.72,0.10537833333333331,0.9739711460081693,7.6384727967484425
