algorithm,makespan,energy,cost,reliability,load_balance
HEFT,1050.8100000000002,385642.15913438203,0.10046250000000004,0.8605857645696525,76.94626544977125
GA,911.3199999999997,385346.7969319229,0.09415944444444442,0.8654009097014748,90.43094621496193
