algorithm,makespan,energy,cost,reliability,load_balance
HEFT,335.84000000000003,5134.44,0.12082416666666669,0.9746545290043797,8.626091235316292
GA,334.48,5134.439999999999,0.10996499999999998,0.9746545290043797,15.53502931166484
