algorithm,makespan,energy,cost,reliability,load_balance
HEFT,659.4699999999999,437957.41445403127,0.09834583333333334,0.8435483988847002,101.54268630025214
GA,749.5799999999999,447472.46416659997,0.1297938888888889,0.8374892928678858,65.75362432976603
