algorithm,makespan,energy,cost,reliability,load_balance
HEFT,556.03,327465.6335089833,0.0790975,0.8796971310597483,72.57799779744352
GA,529.28,316542.45208585245,0.0867586111111111,0.8815816986883651,32.928187555865954
