algorithm,makespan,energy,cost,reliability,load_balance
HEFT,1035.5600000000002,384956.70527057827,0.09836611111111113,0.8610967599279188,70.55411463314302
GA,882.6000000000001,386111.85043054615,0.08856888888888892,0.8663814447657933,87.75475537921956
