algorithm,makespan,energy,cost,reliability,load_balance
HEFT,345.05999999999995,239498.9103344346,0.05477722222222223,0.9107219885781468,39.16171882627945
GA,368.12999999999994,242013.14758373395,0.06471111111111111,0.9090427101907914,36.704161986658356
