algorithm,makespan,energy,cost,reliability,load_balance
HEFT,248.86,3518.399999999999,0.09996138888888889,0.9825618358178487,22.03135168669543
GA,247.66000000000003,3518.399999999999,0.09911499999999998,0.9825618358178487,37.37295125775172
