algorithm,makespan,energy,cost,reliability,load_balance
HEFT,423.14,1435494.2250319044,0.05890055555555556,0.7062638401789091,67.47087749187652
GA,455.81000000000006,1484137.5850464012,0.08626638888888892,0.6916500218985473,30.49951628552154
