algorithm,makespan,energy,cost,reliability,load_balance
HEFT,101.71000000000001,4237.56,0.15108972222222225,0.979035084514791,13.324108500710649
GA,124.59,4237.56,0.15093972222222227,0.979035084514791,35.81910162932982
