algorithm,makespan,energy,cost,reliability,load_balance
HEFT,365.69,681193.1293445268,0.0678463888888889,0.8201018000720822,84.67657136781624
GA,402.65000000000003,685128.7693282008,0.11607722222222222,0.8104594256077223,33.85170053234331
