algorithm,makespan,energy,cost,reliability,load_balance
HEFT,441.4099999999999,1485390.0780906638,0.05851444444444444,0.7056417546140984,66.54330064617997
GA,475.41,1539428.5564670493,0.07421222222222225,0.6904528446949192,26.24714068658204
