algorithm,makespan,energy,cost,reliability,load_balance
HEFT,179.09,597900.3536769222,0.008984722222222224,0.881413156380734,26.161841525093887
GA,189.09,612748.9996298059,0.008063333333333334,0.875790125073348,14.458250226191778
