algorithm,makespan,energy,cost,reliability,load_balance
HEFT,558.9,563320.3059939166,0.0942761111111111,0.8260288324141187,127.90925350289037
GA,595.32,553478.3853389773,0.1355127777777778,0.8212293944253053,60.93080839498741
