algorithm,makespan,energy,cost,reliability,load_balance
HEFT,97.36,1239.0399999999997,0.03126638888888889,0.9938239506836729,12.27156993100021
GA,97.39,1239.0399999999997,0.02429638888888889,0.9938239506836729,18.18281842053882
