algorithm,makespan,energy,cost,reliability,load_balance
HEFT,228.51999999999998,122619.26321547347,0.018081388888888886,0.9615187628491686,72.7061489711447
GA,232.52000000000004,112825.16570617583,0.01795638888888889,0.9612111260695667,40.98463769250272
