algorithm,makespan,energy,cost,reliability,load_balance
HEFT,50.2,596.8599999999999,0.008289722222222221,0.9970201485968289,17.60297066548712
GA,50.2,596.8600000000001,0.011545555555555555,0.9970201485968289,19.016751288885633
