algorithm,makespan,energy,cost,reliability,load_balance
HEFT,165.18999999999997,154786.53974211513,0.008407777777777776,0.9636198583060547,46.888318072486534
GA,166.18999999999997,145097.45243396112,0.007380555555555555,0.9634656914624021,32.42658042923016
