algorithm,makespan,energy,cost,reliability,load_balance
HEFT,345.16,1183236.2509850503,0.059772500000000006,0.7460755577948046,59.2362844078812
GA,375.16,1228255.841907453,0.06437055555555556,0.7318875478337585,29.119956664900357
