algorithm,makespan,energy,cost,reliability,load_balance
HEFT,874.9699999999999,334590.2126701487,0.08502,0.8786396674366211,38.994568425188
GA,765.1600000000001,336121.72050290136,0.07771222222222224,0.8825074926109664,54.99106745645155
