algorithm,makespan,energy,cost,reliability,load_balance
HEFT,452.1700000000001,1519762.7105513415,0.04751777777777778,0.7059353626502547,68.4813878069601
GA,477.5400000000001,1547728.1597143696,0.056110555555555566,0.6945657839244563,30.80542345208876
