algorithm,makespan,energy,cost,reliability,load_balance
HEFT,450.96,280023.3985275856,0.05466805555555555,0.9003518928677784,105.921506517124
GA,507.79999999999995,281075.5539188656,0.08465722222222222,0.8962671069482303,59.833137020502996
