algorithm,makespan,energy,cost,reliability,load_balance
HEFT,209.45999999999998,5555.380000000001,0.20636805555555557,0.9726053308473197,14.639867926886042
GA,199.55,5555.38,0.20080638888888894,0.9726053308473197,31.048412298376867
