algorithm,makespan,energy,cost,reliability,load_balance
HEFT,596.3199999999999,598357.8766601825,0.09220111111111114,0.8157243397708204,133.03174524494767
GA,641.3199999999999,598295.8567485809,0.15253777777777777,0.8098722174459864,76.9305214869235
