algorithm,makespan,energy,cost,reliability,load_balance
HEFT,348.22999999999996,350092.8912787525,0.052288611111111105,0.8950608268999133,93.17357513220509
GA,363.2,337804.32976321585,0.06292555555555557,0.8929195426330697,59.32718328262349
