algorithm,makespan,energy,cost,reliability,load_balance
HEFT,135.68,3167.4000000000005,0.11333555555555556,0.9842877458828039,16.89987056163449
GA,144.9,3167.4,0.11268861111111111,0.9842877458828039,34.33521280454416
