algorithm,makespan,energy,cost,reliability,load_balance
HEFT,594.2399999999999,376039.94273357565,0.09839194444444446,0.8628158450077368,76.17065256711403
GA,590.51,370021.93908655224,0.1070113888888889,0.8630733476733741,35.30893247465859
