algorithm,makespan,energy,cost,reliability,load_balance
HEFT,906.9399999999998,329785.3373762321,0.08946027777777776,0.8792595026583093,63.03203074628011
GA,824.03,327422.11363663943,0.08450305555555557,0.8821803194943508,44.90679347270306
