algorithm,makespan,energy,cost,reliability,load_balance
HEFT,628.4,4731.3600000000015,0.10059500000000002,0.9766208285165878,25.137853262891525
GA,608.3900000000001,4731.36,0.10535333333333334,0.9766208285165878,19.956110175415816
