algorithm,makespan,energy,cost,reliability,load_balance
HEFT,234.55999999999997,1814.6400000000003,0.04749944444444444,0.9909678372722088,10.159386464414725
GA,237.92999999999998,1814.6400000000003,0.037638333333333336,0.9909678372722088,11.295152352521272
