algorithm,makespan,energy,cost,reliability,load_balance
HEFT,383.73,131524.33356787325,0.031113333333333337,0.9522584499453959,106.64576097217055
GA,386.15,125736.93041564157,0.034557777777777784,0.9521662757887424,61.178883611913
