algorithm,makespan,energy,cost,reliability,load_balance
HEFT,192.07999999999998,100032.73193461057,0.009478055555555554,0.9714020876093197,65.47729474241979
GA,192.07999999999998,100552.55409204497,0.009478055555555556,0.9714020876093197,66.55760908255128
