algorithm,makespan,energy,cost,reliability,load_balance
HEFT,181.44000000000003,164562.63519620814,0.006635277777777779,0.9621497260909138,45.93653353178347
GA,187.44000000000003,156595.88470977382,0.006635277777777779,0.9612265055706195,24.34079934835064
