algorithm,makespan,energy,cost,reliability,load_balance
HEFT,475.18,499206.1738499094,0.08564500000000001,0.8364547955529414,101.62896939152402
GA,529.1800000000001,506512.6503836124,0.14629972222222226,0.8292589569061356,44.18064258907212
