algorithm,makespan,energy,cost,reliability,load_balance
HEFT,177.99,5063.419999999999,0.1571788888888889,0.975000690284927,12.260441655312965
GA,216.61,5063.419999999997,0.15547249999999999,0.975000690284927,42.52109785643672
