algorithm,makespan,energy,cost,reliability,load_balance
HEFT,661.2099999999999,389911.11645316915,0.08579722222222222,0.8587618812710812,90.98591970150423
GA,687.05,390648.36150207405,0.10781083333333334,0.8569884823267908,59.05346740454791
