algorithm,makespan,energy,cost,reliability,load_balance
HEFT,50.14,658.86,0.009150833333333335,0.996711120252632,20.439777059694165
GA,50.14,658.86,0.009150833333333334,0.996711120252632,21.137907959792678
