algorithm,makespan,energy,cost,reliability,load_balance
HEFT,246.21,221679.1709922424,0.007253055555555556,0.9513835361501897,61.416730670477726
GA,249.21,210395.48970747562,0.00901388888888889,0.9509269816346871,39.34501670584641
