algorithm,makespan,energy,cost,reliability,load_balance
HEFT,47.69,697.6800000000001,0.00969,0.9965176773984272,19.15356381112055
GA,47.69,697.6800000000001,0.00969,0.9965176773984272,19.15356381112055
