algorithm,makespan,energy,cost,reliability,load_balance
HEFT,199.26,183695.93044263776,0.00957861111111111,0.9566033937702209,53.10834793137518
GA,205.26,179473.94767611808,0.010064444444444445,0.9556854951740221,41.02536069311274
