algorithm,makespan,energy,cost,reliability,load_balance
HEFT,486.8399999999999,884433.9821091117,0.08027444444444444,0.7760583254197674,102.70343739290593
GA,538.13,912389.809841488,0.14286416666666668,0.7634249931105656,53.858051790248865
