algorithm,makespan,energy,cost,reliability,load_balance
HEFT,521.9,314578.69229737495,0.07199055555555556,0.8838156312773519,65.56586980989857
GA,574.64,324859.42177711264,0.09428333333333332,0.8800944920014824,58.25080108278095
