algorithm,makespan,energy,cost,reliability,load_balance
HEFT,134.55,3704.3400000000024,0.13361805555555556,0.9816487725823004,9.90109655122435
GA,143.31,3704.3400000000015,0.12541305555555557,0.9816487725823004,20.279380486510593
