algorithm,makespan,energy,cost,reliability,load_balance
HEFT,515.7099999999999,502045.919159993,0.07081583333333334,0.8502401840010436,119.21299575235072
GA,532.93,483254.98829114507,0.11887166666666668,0.8479008264249439,60.566893235909
