algorithm,makespan,energy,cost,reliability,load_balance
HEFT,884.0600000000002,348947.73372847994,0.08452333333333337,0.8749469701534734,68.60133793641836
GA,803.98,352650.19172118703,0.07558861111111112,0.8777540937772599,107.71040448040898
