algorithm,makespan,energy,cost,reliability,load_balance
HEFT,963.0400000000001,392275.1245327297,0.10063916666666667,0.8612311015008378,27.061922049255998
GA,873.77,396634.643842201,0.09072916666666668,0.8643118826712922,77.56560336257297
