algorithm,makespan,energy,cost,reliability,load_balance
HEFT,690.9899999999999,5488.240000000001,0.11061416666666668,0.972931889266649,4.859986282559478
GA,690.6200000000001,5488.239999999999,0.1250119444444445,0.972931889266649,4.138655176100938
