algorithm,makespan,energy,cost,reliability,load_balance
HEFT,252.27999999999997,843274.9934200095,0.01972,0.8311222358985383,36.81052344654623
GA,266.2,863336.3105184071,0.01689,0.8237508181204212,20.000514316303637
