algorithm,makespan,energy,cost,reliability,load_balance
HEFT,202.69,2828.68,0.09661166666666668,0.985956148013368,15.719888903642326
GA,195.39999999999998,2828.6799999999994,0.08957916666666668,0.985956148013368,13.890615280006235
