algorithm,makespan,energy,cost,reliability,load_balance
HEFT,384.16,239426.12952936278,0.048034166666666656,0.9132332085067555,82.7398856572296
GA,412.71999999999997,240541.3281643729,0.056869166666666665,0.9111490351382848,65.32162183053501
