algorithm,makespan,energy,cost,reliability,load_balance
HEFT,544.4499999999999,1820036.2922949765,0.06406277777777777,0.6630521727246073,78.22145610976912
GA,581.45,1878279.5860349124,0.07203888888888889,0.6475355392772525,31.990827044328793
