algorithm,makespan,energy,cost,reliability,load_balance
HEFT,94.72999999999999,2213.96,0.08549277777777778,0.9889912447772248,10.823856290620268
GA,96.9,2213.96,0.0713261111111111,0.9889912447772248,19.766907320064007
