algorithm,makespan,energy,cost,reliability,load_balance
HEFT,357.65999999999997,342177.2573952916,0.03366611111111111,0.905620984383602,93.75800378278822
GA,378.65999999999997,326267.40384513803,0.06039111111111111,0.9025832042047166,36.30395910457518
