algorithm,makespan,energy,cost,reliability,load_balance
HEFT,379.39,121443.03197237672,0.024537500000000004,0.9593359045447933,146.6023895894379
GA,384.39,106381.0259371992,0.02706583333333333,0.9591440565493234,40.8831199885723
