algorithm,makespan,energy,cost,reliability,load_balance
HEFT,488.09999999999997,894033.9367752508,0.10236888888888886,0.7683416407668916,102.69343846041275
GA,523.0999999999999,896721.4734849931,0.16962722222222223,0.7597842253698545,53.16516983390293
