algorithm,makespan,energy,cost,reliability,load_balance
HEFT,154.93,2137.18,0.07209027777777777,0.9893709914037958,13.207642741447636
GA,161.06,2137.1800000000003,0.07872305555555555,0.9893709914037958,27.521338701607004
