algorithm,makespan,energy,cost,reliability,load_balance
HEFT,370.9,207883.3973577784,0.034676388888888895,0.9317510627758714,112.96736671648652
GA,392.9,195351.9188088572,0.04486972222222223,0.930112623155188,51.56847015653764
