algorithm,makespan,energy,cost,reliability,load_balance
HEFT,577.14,1000163.9913885712,0.07811805555555557,0.763797635424533,98.79181283775573
GA,505.76,853919.9087116418,0.1335302777777778,0.7814447726592587,52.59455178360729
