algorithm,makespan,energy,cost,reliability,load_balance
HEFT,845.6100000000001,344957.3126618654,0.0864802777777778,0.8769472821414701,25.92865146255525
GA,747.5799999999999,351530.9461729849,0.07655527777777779,0.8803927185320941,91.94061869852004
