algorithm,makespan,energy,cost,reliability,load_balance
HEFT,667.7600000000001,5255.1799999999985,0.12733305555555555,0.9740663076377042,12.311913945443301
GA,676.7900000000001,5255.1799999999985,0.1079225,0.9740663076377042,23.5442581464498
