algorithm,makespan,energy,cost,reliability,load_balance
HEFT,692.39,439922.7501697021,0.12589333333333336,0.8393109679545568,32.58899000648619
GA,629.8100000000001,443753.0526825551,0.11489194444444445,0.8435234302216312,111.62908676729383
