algorithm,makespan,energy,cost,reliability,load_balance
HEFT,414.01,253573.52991473637,0.05488444444444445,0.9080309636737397,85.02961631102424
GA,443.36,249215.3121616745,0.06755194444444446,0.9059014080477104,26.876033800714378
