algorithm,makespan,energy,cost,reliability,load_balance
HEFT,319.45000000000005,295053.542682736,0.01988388888888889,0.9280244495919044,83.43985899786344
GA,331.16,279059.2202258727,0.026326111111111113,0.9262873308241725,40.88029504439354
