algorithm,makespan,energy,cost,reliability,load_balance
HEFT,53.38,1098.14,0.041506666666666664,0.994524346342332,13.398934643595114
GA,57.620000000000005,1098.14,0.04546944444444445,0.994524346342332,20.701480693821562
