algorithm,makespan,energy,cost,reliability,load_balance
HEFT,1121.4600000000003,417915.1874431545,0.11326111111111115,0.8500871545409879,63.37671043056771
GA,957.2200000000001,418777.00260128296,0.09517555555555557,0.8556902720795858,74.65518931505481
