algorithm,makespan,energy,cost,reliability,load_balance
HEFT,477.74,154135.426047641,0.034385000000000006,0.9440440979477468,127.30690096508255
GA,467.46000000000004,145534.47028622768,0.04311222222222223,0.9444323687038194,63.25425809118836
