algorithm,makespan,energy,cost,reliability,load_balance
HEFT,248.93,1816.4200000000005,0.04241361111111111,0.9909590176977042,14.990717961458689
GA,230.79000000000002,1816.4200000000005,0.04303944444444445,0.9909590176977042,3.708713838156481
