algorithm,makespan,energy,cost,reliability,load_balance
HEFT,760.2200000000001,424349.42199626425,0.11083583333333334,0.8464355646791966,73.71255106105455
GA,687.48,412076.59854832146,0.11148222222222222,0.8513755018181577,97.25709455392663
