algorithm,makespan,energy,cost,reliability,load_balance
HEFT,146.74,1070.46,0.025447222222222225,0.9946619980371433,12.944809448835722
GA,138.5,1070.46,0.02562388888888889,0.9946619980371433,5.173821121762917
