algorithm,makespan,energy,cost,reliability,load_balance
HEFT,354.97,113647.27478378455,0.01776777777777778,0.9614383832405088,132.61878182092713
GA,361.97,106904.56394176315,0.02314,0.9611692181780688,93.58558057557089
