algorithm,makespan,energy,cost,reliability,load_balance
HEFT,566.8,203716.40269936484,0.05301611111111112,0.9241637540913634,79.0341906497856
GA,545.0899999999999,199673.17472344014,0.05228222222222223,0.9249666464608269,15.826257453990795
