algorithm,makespan,energy,cost,reliability,load_balance
HEFT,222.24999999999997,381347.4793700787,0.008631388888888888,0.9198458291431165,41.81622138437349
GA,231.24999999999997,380970.95667027024,0.008631388888888886,0.917200484280249,26.852675662245908
