algorithm,makespan,energy,cost,reliability,load_balance
HEFT,49.71,501.04,0.0069588888888888895,0.9974979353947099,14.32173731351819
GA,49.71,501.03999999999996,0.0076825,0.9974979353947099,14.859135291560648
