algorithm,makespan,energy,cost,reliability,load_balance
HEFT,511.62,275354.6338297956,0.047294166666666665,0.9120745033269251,150.1030883854731
GA,540.6200000000001,259264.43202249275,0.07353750000000002,0.9099609431570058,63.83316961311842
