algorithm,makespan,energy,cost,reliability,load_balance
HEFT,42.52,521.32,0.0072405555555555565,0.9973967942320044,15.462521517096322
GA,42.52,521.32,0.0072405555555555565,0.9973967942320044,16.32938858826829
