algorithm,makespan,energy,cost,reliability,load_balance
HEFT,262.02,237229.69437447522,0.014055277777777778,0.9457108613896773,65.7324617800571
GA,272.02,227192.66796559075,0.009649444444444445,0.9441989338760094,35.126816133356954
