algorithm,makespan,energy,cost,reliability,load_balance
HEFT,165.78,151715.41868741706,0.00926138888888889,0.9628003591949633,42.10073288653456
GA,166.78,143169.23605947956,0.007986111111111112,0.9626463234606796,27.31352100303682
