algorithm,makespan,energy,cost,reliability,load_balance
HEFT,321.18,325123.4503082384,0.042494444444444446,0.904750919713481,91.76373437393445
GA,326.03000000000003,298227.37389197317,0.059973611111111116,0.9040491053389786,44.17858123099171
