algorithm,makespan,energy,cost,reliability,load_balance
HEFT,103.94,2641.18,0.10992277777777777,0.9868809153190731,10.359568021077584
GA,119.23999999999998,2641.18,0.08658500000000001,0.9868809153190731,30.52594387702587
