algorithm,makespan,energy,cost,reliability,load_balance
HEFT,263.55,146868.57142857142,0.019160000000000003,0.9556939052433839,95.13707914673137
GA,263.55,142221.86636311896,0.028920833333333337,0.9556939052433839,85.44927952550898
