algorithm,makespan,energy,cost,reliability,load_balance
HEFT,121.83,1300.38,0.0382075,0.9935191916151903,19.011396535086153
GA,100.85,1300.3799999999999,0.03811083333333333,0.9935191916151903,11.224931355183042
