algorithm,makespan,energy,cost,reliability,load_balance
HEFT,84.39,3688.9400000000014,0.11883666666666669,0.9817243624479618,11.694106175934621
GA,105.71000000000001,3688.9400000000005,0.10199083333333335,0.9817243624479618,35.97756428883503
