algorithm,makespan,energy,cost,reliability,load_balance
HEFT,386.71999999999997,705459.8527875466,0.05424666666666667,0.8245911427792889,88.35634744470913
GA,420.25999999999993,710503.7812544615,0.09012472222222223,0.8157882950660731,46.407476228504315
