algorithm,makespan,energy,cost,reliability,load_balance
HEFT,283.71000000000004,4122.9,0.12565305555555556,0.9795965262506394,16.564644308630022
GA,279.0,4122.9,0.11332666666666665,0.9795965262506394,23.343774598380612
