algorithm,makespan,energy,cost,reliability,load_balance
HEFT,442.33000000000004,305847.68297425,0.0746388888888889,0.8867547754528226,34.69755134937994
GA,459.93999999999994,311406.70385267644,0.07324055555555556,0.885506394890906,58.918199089318506
