algorithm,makespan,energy,cost,reliability,load_balance
HEFT,190.13,176845.33387682113,0.010899722222222224,0.9565884708736768,51.26846125624733
GA,186.05,162311.3551733405,0.009804166666666668,0.9572131356958778,34.10726705923534
