algorithm,makespan,energy,cost,reliability,load_balance
HEFT,389.74,366491.97947349516,0.0392338888888889,0.9005716055334934,97.66313121302908
GA,393.74,347553.07446538325,0.05678027777777779,0.8999954241036764,62.23052979312753
