algorithm,makespan,energy,cost,reliability,load_balance
HEFT,513.1400000000001,328859.4829676112,0.08024611111111113,0.8815481992203088,99.62908244906636
GA,546.97,323801.8367552151,0.08785083333333334,0.8791656027577693,37.065480451107454
