algorithm,makespan,energy,cost,reliability,load_balance
HEFT,287.53,4179.219999999999,0.10421555555555556,0.9793207107054986,14.265099706726797
GA,282.21000000000004,4179.219999999999,0.10856666666666667,0.9793207107054986,15.852274679048431
