algorithm,makespan,energy,cost,reliability,load_balance
HEFT,303.03000000000003,534042.2912252913,0.02853305555555556,0.8756216392621387,63.23770263518918
GA,310.19,515865.36145588185,0.035548333333333335,0.8736177115385124,33.87507622744667
