algorithm,makespan,energy,cost,reliability,load_balance
HEFT,196.98,672433.5567570312,0.021601666666666672,0.8562709693103945,34.42347306118669
GA,216.70999999999998,706483.6017258086,0.02169,0.8455266426688426,17.784928142188754
