algorithm,makespan,energy,cost,reliability,load_balance
HEFT,306.89,322214.22933298576,0.04176388888888889,0.9018318458213116,89.64183271032931
GA,332.9,305077.6456593572,0.07622916666666665,0.8980865809641816,30.7328308436868
