algorithm,makespan,energy,cost,reliability,load_balance
HEFT,107.19,4930.4,0.24966666666666665,0.9756493789415355,14.569518556484354
GA,137.0,4930.4,0.20324166666666668,0.9756493789415356,45.546144272205034
