algorithm,makespan,energy,cost,reliability,load_balance
HEFT,438.15999999999997,819235.176556509,0.08794583333333336,0.7857592745012141,101.44045748973048
GA,484.7799999999999,837366.3693221665,0.15210222222222225,0.7741240089069078,56.903877550145346
