algorithm,makespan,energy,cost,reliability,load_balance
HEFT,639.98,609360.0989249666,0.09782472222222223,0.8075095478438465,96.0528200674851
GA,691.28,632728.8350162017,0.1749738888888889,0.800908636673855,66.426997144108
