algorithm,makespan,energy,cost,reliability,load_balance
HEFT,538.0,311303.83131970256,0.06744555555555555,0.8906437171487361,121.49114952332945
GA,585.6200000000001,308963.1200266385,0.08298055555555559,0.8872571756239362,58.344750391224444
