algorithm,makespan,energy,cost,reliability,load_balance
HEFT,480.42,861400.1520752674,0.08147833333333335,0.7742218643659684,88.28726675214563
GA,528.37,895796.082745046,0.14184944444444447,0.7624328804609779,44.890314131475854
