algorithm,makespan,energy,cost,reliability,load_balance
HEFT,338.62,195202.0862618865,0.03849472222222223,0.9311344476944247,83.90698428915199
GA,364.08000000000004,190977.5440287849,0.05147138888888889,0.9292398431715958,41.468480091165986
