algorithm,makespan,energy,cost,reliability,load_balance
HEFT,169.24,2246.1400000000003,0.07171361111111113,0.9888321288871568,12.893257304830751
GA,155.39000000000001,2246.14,0.06856388888888888,0.9888321288871568,16.60361831262778
