algorithm,makespan,energy,cost,reliability,load_balance
HEFT,488.06,297364.34450682293,0.07894277777777778,0.889973848852008,64.41499958416964
GA,478.15,297698.8939454146,0.08147944444444444,0.8906796998817553,75.0965580341165
