algorithm,makespan,energy,cost,reliability,load_balance
HEFT,543.5300000000001,321458.71396243083,0.06794277777777778,0.8844009109314483,102.44395258593148
GA,557.9100000000001,316463.9880625908,0.0872202777777778,0.8833840811161636,63.77214231711435
