algorithm,makespan,energy,cost,reliability,load_balance
HEFT,731.43,2460496.8893674035,0.1170836111111111,0.5543470191371139,107.80235476478397
GA,644.8299999999999,2102976.2617899287,0.1727363888888889,0.5859385256161164,41.75629363235806
