algorithm,makespan,energy,cost,reliability,load_balance
HEFT,405.40999999999997,700682.6461113441,0.03467166666666668,0.846237521928967,77.0124025935161
GA,418.18,690556.4679802957,0.05052222222222223,0.84278651282343,44.97806926176499
