algorithm,makespan,energy,cost,reliability,load_balance
HEFT,935.37,348116.47117183567,0.09052861111111113,0.8736044326502169,69.52355596007253
GA,865.2099999999999,347249.40793564566,0.08878472222222221,0.876059559552719,71.6880420060883
