algorithm,makespan,energy,cost,reliability,load_balance
HEFT,56.589999999999996,595.94,0.01633527777777778,0.9970247349000608,12.695243133326974
GA,46.62,595.94,0.017844444444444447,0.9970247349000608,9.555569710906827
