algorithm,makespan,energy,cost,reliability,load_balance
HEFT,164.11,85090.91591006033,0.009449722222222222,0.9754140806894448,54.90478405840424
GA,164.11,84206.34032051673,0.008739444444444444,0.9754140806894448,52.9825715110976
