algorithm,makespan,energy,cost,reliability,load_balance
HEFT,56.99,1930.5200000000004,0.02681277777777778,0.9903938368112847,14.285794870452436
GA,68.96,1930.5200000000002,0.041868055555555554,0.9903938368112847,21.90693584932524
