algorithm,makespan,energy,cost,reliability,load_balance
HEFT,270.49,478037.0153055566,0.02500583333333333,0.8873175111632639,57.11929264123178
GA,282.49,471112.0773478707,0.029545833333333327,0.8839167455691972,32.51354355365349
