algorithm,makespan,energy,cost,reliability,load_balance
HEFT,454.57,463189.88250434474,0.07376944444444444,0.8555225732212832,109.94704276567273
GA,499.57,467302.8113978021,0.11570194444444443,0.8493849327144984,66.74193543979676
