algorithm,makespan,energy,cost,reliability,load_balance
HEFT,358.84,634852.5028146249,0.04097166666666666,0.8522873020637369,75.8374084689495
GA,378.08,625535.789912188,0.07200416666666667,0.8470560599827057,35.17615982537725
