algorithm,makespan,energy,cost,reliability,load_balance
HEFT,61.95,2364.9599999999996,0.0697877777777778,0.98824483819136,12.006153261100419
GA,71.44,2364.96,0.07875444444444446,0.98824483819136,19.93542138522413
