algorithm,makespan,energy,cost,reliability,load_balance
HEFT,328.35,5126.660000000001,0.17825000000000002,0.9746924438029959,7.8856468844169205
GA,351.56,5126.660000000001,0.1695236111111111,0.9746924438029959,24.4463417873864
