algorithm,makespan,energy,cost,reliability,load_balance
HEFT,690.88,411264.0207706114,0.09955944444444446,0.8500796738069433,70.74815443074924
GA,612.4,392827.99436642724,0.10277111111111112,0.8554336035001738,34.847705166296706
