algorithm,makespan,energy,cost,reliability,load_balance
HEFT,380.72999999999996,349646.28277256846,0.020559444444444443,0.9161433783262213,97.90814525189754
GA,390.72999999999996,329940.4161441404,0.027064166666666667,0.9146787209592531,51.66634571943326
