algorithm,makespan,energy,cost,reliability,load_balance
HEFT,588.4,589168.721481985,0.10287333333333336,0.815705741467895,123.31268033607354
GA,594.1899999999999,563528.0468537,0.14954305555555555,0.8149504215871869,60.592206635837236
