algorithm,makespan,energy,cost,reliability,load_balance
HEFT,203.53,5874.120000000001,0.21055944444444438,0.9710565242259197,9.667902133693058
GA,232.62,5874.120000000002,0.20526888888888892,0.9710565242259197,40.13666916507481
