algorithm,makespan,energy,cost,reliability,load_balance
HEFT,443.95000000000005,819125.7177610091,0.09377833333333335,0.7741103844442466,86.00790679847313
GA,480.42,835920.9520003332,0.15221861111111112,0.7651287183718525,47.29884135097984
