algorithm,makespan,energy,cost,reliability,load_balance
HEFT,121.11,5629.340000000001,0.25305111111111106,0.972245727890657,10.928519691208367
GA,127.38999999999999,5629.340000000002,0.23312388888888896,0.972245727890657,31.664231790763434
