algorithm,makespan,energy,cost,reliability,load_balance
HEFT,601.3799999999999,582264.5366490405,0.10294111111111111,0.8147753890357989,99.15341568961033
GA,619.4399999999999,586893.5470263463,0.15320722222222222,0.8124244123985328,83.63326341584029
