algorithm,makespan,energy,cost,reliability,load_balance
HEFT,99.68,4432.18,0.20051861111111108,0.978082848859449,12.45367862077371
GA,115.77,4432.1799999999985,0.16727027777777778,0.978082848859449,29.85711545758533
