algorithm,makespan,energy,cost,reliability,load_balance
HEFT,348.7299999999999,659491.8278324205,0.0636311111111111,0.8226510218549027,83.75159896162596
GA,385.0799999999999,662099.6900384333,0.10160194444444445,0.8131373837566084,36.11271752912967
