algorithm,makespan,energy,cost,reliability,load_balance
HEFT,468.75999999999993,1601788.1342904684,0.09243250000000003,0.6689216104062454,77.1750296364048
GA,498.75999999999993,1646130.8998115323,0.14962916666666662,0.6562008257987799,48.486339945233254
