algorithm,makespan,energy,cost,reliability,load_balance
HEFT,227.31,397533.89208569797,0.016838333333333337,0.9097509484056516,46.69611806821986
GA,233.35000000000002,390255.24829655036,0.015170277777777779,0.9079942799638231,31.162684530657145
