algorithm,makespan,energy,cost,reliability,load_balance
HEFT,686.2199999999999,5433.98,0.11271777777777776,0.9731958814971339,6.412333818509493
GA,684.4099999999999,5433.979999999998,0.12259777777777778,0.9731958814971339,4.970582628492016
