algorithm,makespan,energy,cost,reliability,load_balance
HEFT,1008.2300000000002,376320.582615078,0.10359833333333336,0.8638114181773574,32.26966209408877
GA,834.0400000000002,378743.57602752873,0.08339583333333336,0.8698511273190044,56.65664796238244
