algorithm,makespan,energy,cost,reliability,load_balance
HEFT,61.019999999999996,2194.5400000000004,0.06827,0.989087280489551,11.562704361751106
GA,71.18,2194.5400000000004,0.058991111111111105,0.989087280489551,21.914983750904753
