algorithm,makespan,energy,cost,reliability,load_balance
HEFT,396.31999999999994,692052.1294156237,0.03990277777777778,0.841008089625635,77.81330106920207
GA,424.31999999999994,702665.729237368,0.05116222222222223,0.8335063152794636,43.57629850077018
