algorithm,makespan,energy,cost,reliability,load_balance
HEFT,98.41999999999999,563.64,0.015338611111111108,0.9971857673977714,20.789352242594436
GA,73.77,563.64,0.011615555555555554,0.9971857673977714,2.6957311933252273
