algorithm,makespan,energy,cost,reliability,load_balance
HEFT,136.73,46575.530827177645,0.009025277777777778,0.983405629001937,46.42732483857611
GA,136.73,48741.48387332699,0.009025277777777778,0.983405629001937,56.05948351230741
