algorithm,makespan,energy,cost,reliability,load_balance
HEFT,593.0400000000002,599110.9055375692,0.09247805555555556,0.8116354441822717,124.72976971570716
GA,679.5100000000002,625212.5586967082,0.17443361111111116,0.8004836271770077,56.849560068658405
