algorithm,makespan,energy,cost,reliability,load_balance
HEFT,184.78,5181.2,0.21949972222222228,0.9744266814119199,10.156317245931225
GA,209.03,5181.200000000001,0.21197055555555555,0.9744266814119199,26.822986783727124
