algorithm,makespan,energy,cost,reliability,load_balance
HEFT,164.77,4414.159999999998,0.1383613888888889,0.9781709780942937,11.896869896461565
GA,177.61,4414.159999999999,0.14983888888888888,0.9781709780942937,25.330850623959183
