algorithm,makespan,energy,cost,reliability,load_balance
HEFT,527.15,517961.94887603144,0.07333194444444445,0.8437164504631396,121.42191110442133
GA,563.1500000000001,508895.9612359053,0.12374944444444444,0.8388706131177901,53.262869896235735
