algorithm,makespan,energy,cost,reliability,load_balance
HEFT,767.6799999999998,480385.77012557315,0.1393186111111111,0.8260113207884955,47.22693085744914
GA,695.8199999999999,472363.3927883648,0.12805083333333334,0.830773570163542,70.96739753224713
