algorithm,makespan,energy,cost,reliability,load_balance
HEFT,814.0200000000002,293785.6583867719,0.07878333333333336,0.8912720206118322,22.985644070448267
GA,632.71,295441.5699451566,0.06374972222222222,0.8977593778341092,36.5722704609198
