algorithm,makespan,energy,cost,reliability,load_balance
HEFT,508.75000000000006,539717.1921769042,0.10577944444444443,0.8184517771775265,90.4009184319127
GA,547.37,548465.3873979211,0.15311277777777776,0.8134099930944161,59.22264848293542
