algorithm,makespan,energy,cost,reliability,load_balance
HEFT,490.83,536649.3121243608,0.09621666666666667,0.820748294976078,101.16101434305938
GA,603.1700000000002,590309.7490757166,0.15751444444444448,0.8061276293031804,80.34885485338295
