algorithm,makespan,energy,cost,reliability,load_balance
HEFT,227.66000000000003,3131.54,0.08626888888888888,0.9844642444982686,15.391957489453482
GA,219.03,3131.54,0.09123305555555555,0.9844642444982686,28.750158477824087
