algorithm,makespan,energy,cost,reliability,load_balance
HEFT,460.3299999999999,267097.19874872366,0.04796138888888889,0.906706205775363,113.48843377190468
GA,498.65999999999997,265574.68964825734,0.07445277777777777,0.903930140304787,73.59273818989013
