algorithm,makespan,energy,cost,reliability,load_balance
HEFT,387.51,1302225.2944440143,0.04190222222222222,0.7436264898348957,58.865993853127705
GA,411.51,1334028.0430366213,0.05079944444444444,0.7322916612852141,27.621630308290943
