algorithm,makespan,energy,cost,reliability,load_balance
HEFT,362.42,346686.1349815132,0.03366777777777778,0.9063131431866663,97.28672508792417
GA,370.42,330024.07969332114,0.04435666666666667,0.9051538044984362,63.81439167617286
