algorithm,makespan,energy,cost,reliability,load_balance
HEFT,652.8,380292.4090073529,0.084455,0.8625780857255867,95.51464625909473
GA,630.4599999999998,372511.7468515052,0.1032761111111111,0.8641210636747908,79.75154306612863
