algorithm,makespan,energy,cost,reliability,load_balance
HEFT,605.85,572788.3805892549,0.1040313888888889,0.8241614778560776,106.58349306216857
GA,558.5400000000001,524702.3391699791,0.13452222222222224,0.8304237220189806,69.05697333844472
