algorithm,makespan,energy,cost,reliability,load_balance
HEFT,600.0000000000001,216439.57415000003,0.054353055555555564,0.9189558492002927,46.18134065832223
GA,568.99,216585.5742455931,0.05113166666666667,0.9200964292771638,64.837546928201
