algorithm,makespan,energy,cost,reliability,load_balance
HEFT,385.41999999999996,2942.9199999999996,0.07392111111111112,0.9853931306746826,17.062091509151678
GA,381.87000000000006,2942.92,0.07917055555555556,0.9853931306746826,10.695994577410753
