algorithm,makespan,energy,cost,reliability,load_balance
HEFT,180.71,4756.559999999999,0.17503805555555557,0.9764977820442853,14.49578076545034
GA,195.35,4756.559999999999,0.1680002777777778,0.9764977820442853,33.873516990908
