algorithm,makespan,energy,cost,reliability,load_balance
HEFT,432.27000000000004,436996.00608416036,0.07537805555555556,0.8550531912432948,79.816790023048
GA,480.68000000000006,459371.16778314055,0.12466500000000001,0.848455874317619,63.820695360125946
