algorithm,makespan,energy,cost,reliability,load_balance
HEFT,380.21000000000004,122484.53573025434,0.01978166666666667,0.9582264031173922,139.92209007753803
GA,387.21000000000004,117090.37537770203,0.023246111111111113,0.9579581372834888,109.0533249913393
