algorithm,makespan,energy,cost,reliability,load_balance
HEFT,153.88,1090.5,0.025684444444444444,0.9945623378979963,11.86591020528977
GA,139.06,1090.5,0.028732222222222225,0.9945623378979963,3.14404596022386
