algorithm,makespan,energy,cost,reliability,load_balance
HEFT,739.4799999999998,399390.0633418077,0.09536944444444445,0.8579121277060412,103.07798763904091
GA,685.7699999999999,383305.6952039313,0.09791583333333334,0.8616063354886808,89.25248003757173
