algorithm,makespan,energy,cost,reliability,load_balance
HEFT,467.9999999999999,1607878.8633974358,0.08975555555555555,0.6646084558005594,79.68195522243687
GA,505.40999999999985,1658985.1083476779,0.14131472222222222,0.6488851126884466,38.733000869083256
