algorithm,makespan,energy,cost,reliability,load_balance
HEFT,734.4299999999998,258565.39517721225,0.06641027777777776,0.9036420133059417,61.77514575728113
GA,632.4899999999999,257274.50204746317,0.05751527777777777,0.9073342265479429,78.29393697258215
