algorithm,makespan,energy,cost,reliability,load_balance
HEFT,272.44,82909.89447217736,0.009758055555555556,0.9753594590303469,124.60797630301735
GA,274.44,72612.11474274888,0.013034722222222224,0.9752814333946915,77.00842913820107
