algorithm,makespan,energy,cost,reliability,load_balance
HEFT,76.52000000000001,532.8000000000001,0.012131944444444447,0.9973395452990756,13.176739606847617
GA,74.05,532.8000000000001,0.01233972222222222,0.9973395452990756,12.185819627747653
