algorithm,makespan,energy,cost,reliability,load_balance
HEFT,411.04999999999995,1368791.2031869602,0.03601944444444446,0.7379426259639874,56.81479261334516
GA,437.04999999999995,1408134.642329253,0.029975,0.725764860665315,20.148659871516408
