algorithm,makespan,energy,cost,reliability,load_balance
HEFT,710.72,296448.429775439,0.070275,0.893924463596223,25.148651885671057
GA,675.72,300135.55030190013,0.06868805555555556,0.8951768343001967,81.86538640760615
