algorithm,makespan,energy,cost,reliability,load_balance
HEFT,475.68000000000006,272454.1265346452,0.04837083333333334,0.9065324975081198,124.77394513250182
GA,503.68000000000006,261193.2746386595,0.07966000000000001,0.9045041373252314,51.90642444066326
