algorithm,makespan,energy,cost,reliability,load_balance
HEFT,445.61,1555917.6426695988,0.10494472222222222,0.668271734491791,83.8992954674562
GA,492.71000000000004,1623297.299283554,0.16293888888888897,0.648427939587749,38.63759045034423
