algorithm,makespan,energy,cost,reliability,load_balance
HEFT,1179.32,432988.64839059795,0.11926277777777777,0.8445717371858346,53.292761547262074
GA,991.7500000000001,434113.4621830099,0.10169861111111114,0.850932220897182,85.58443803246784
