algorithm,makespan,energy,cost,reliability,load_balance
HEFT,186.41999999999996,56688.222508314546,0.009148055555555553,0.9824863779664765,81.40194326099756
GA,184.81999999999996,50175.59474082891,0.007107222222222222,0.9825492591068413,52.03571497859266
