algorithm,makespan,energy,cost,reliability,load_balance
HEFT,233.54999999999998,782921.3171911796,0.018394722222222222,0.8413008113714544,35.12705107798711
GA,240.0,786614.6769583334,0.016244444444444447,0.8378350798134968,24.994628184280646
