algorithm,makespan,energy,cost,reliability,load_balance
HEFT,571.07,401980.5476911762,0.09188111111111112,0.8548856172405999,61.827564111232604
GA,675.5000000000001,423445.71435973357,0.11775222222222223,0.847773311729995,100.58883791206655
