algorithm,makespan,energy,cost,reliability,load_balance
HEFT,393.71,5987.379999999999,0.1501063888888889,0.9705067705936835,13.849258296282244
GA,400.63000000000005,5987.379999999998,0.16054916666666666,0.9705067705936835,30.362690186430164
