algorithm,makespan,energy,cost,reliability,load_balance
HEFT,672.9699999999999,5261.579999999999,0.12325527777777778,0.9740351380145764,14.105122887329442
GA,664.4000000000001,5261.579999999998,0.11750250000000001,0.9740351380145764,8.001168143881685
