algorithm,makespan,energy,cost,reliability,load_balance
HEFT,1199.84,384248.7845379384,0.11614833333333333,0.8580713709742616,44.870927113221015
GA,921.23,372742.5343508136,0.09145500000000001,0.8676875452821093,61.61238647112
