algorithm,makespan,energy,cost,reliability,load_balance
HEFT,445.76,252700.76599515433,0.0485525,0.9120442229560715,108.93356185406904
GA,481.98,248737.15786962112,0.06438416666666667,0.9094053087209568,54.87530551493217
