algorithm,makespan,energy,cost,reliability,load_balance
HEFT,292.13999999999993,1003169.2189361264,0.03980805555555555,0.7881200917800236,52.562641086574324
GA,307.13999999999993,1008323.8381845411,0.05849583333333333,0.7805903395381047,28.9255333994116
