algorithm,makespan,energy,cost,reliability,load_balance
HEFT,655.82,249277.4590893843,0.057798055555555554,0.9086951587144919,80.84367487111572
GA,626.47,247322.77146551316,0.06403583333333335,0.9097625932923183,56.18142189965172
