algorithm,makespan,energy,cost,reliability,load_balance
HEFT,644.5100000000001,414551.7402057377,0.10608944444444446,0.848602160719877,52.99104931158526
GA,631.8100000000001,412870.091103338,0.11938500000000002,0.8494647786508738,55.05908118946927
