algorithm,makespan,energy,cost,reliability,load_balance
HEFT,485.06999999999994,517521.16234770225,0.10179027777777779,0.8243362186112487,84.18275428098876
GA,508.3,518291.1455439701,0.15129166666666669,0.8212780126445404,55.273351973019814
