algorithm,makespan,energy,cost,reliability,load_balance
HEFT,223.91,6166.880000000001,0.17933083333333336,0.9696361315248,12.846330734234318
GA,257.76,6166.880000000001,0.19824333333333333,0.9696361315248,49.966669957749495
