algorithm,makespan,energy,cost,reliability,load_balance
HEFT,684.51,385850.2165928912,0.09710305555555557,0.8604270871851704,87.39795253404314
GA,666.89,380888.785166969,0.12161833333333333,0.8616408004313947,82.49795542921049
