algorithm,makespan,energy,cost,reliability,load_balance
HEFT,262.72999999999996,457837.19502911734,0.0162825,0.8998021258475548,53.704323111523664
GA,273.82,455449.5479146885,0.02151777777777778,0.8966145674123714,35.21346953931077
