algorithm,makespan,energy,cost,reliability,load_balance
HEFT,160.21,2194.7400000000002,0.08026750000000002,0.989086291402765,15.339637207015594
GA,150.38,2194.7400000000007,0.08057694444444446,0.989086291402765,13.561877701325658
