algorithm,makespan,energy,cost,reliability,load_balance
HEFT,367.33000000000004,198794.5766204775,0.028151111111111116,0.9365334871209687,112.26335058214046
GA,371.33000000000004,193897.2597689387,0.036112777777777785,0.9362338443504903,97.22539026663763
