algorithm,makespan,energy,cost,reliability,load_balance
HEFT,395.71999999999997,194002.9626756292,0.03301694444444444,0.9379160808715851,91.90858594082957
GA,336.39,167875.06997829897,0.039253055555555555,0.942378387326162,65.33549285637719
