algorithm,makespan,energy,cost,reliability,load_balance
HEFT,139.85000000000002,2046.3200000000002,0.07045583333333334,0.9898205647580457,10.09940592312241
GA,150.48999999999998,2046.3200000000006,0.08166083333333334,0.9898205647580457,15.452261970339485
