algorithm,makespan,energy,cost,reliability,load_balance
HEFT,137.59,1672.4599999999996,0.05513472222222223,0.9916725667741475,15.10334819785714
GA,121.27,1672.4599999999996,0.04363250000000001,0.9916725667741475,17.101637713973478
