algorithm,makespan,energy,cost,reliability,load_balance
HEFT,281.06000000000006,160492.0514480894,0.029040555555555563,0.943230305275514,69.76996938921094
GA,275.49,150084.66608588333,0.039136111111111115,0.9436507023570584,35.585232089409544
