algorithm,makespan,energy,cost,reliability,load_balance
HEFT,504.48,543014.2884752617,0.09839444444444444,0.817305111786187,93.53717590482407
GA,588.6600000000001,577288.9232324262,0.16947833333333337,0.8063707940635808,59.96907010770913
