algorithm,makespan,energy,cost,reliability,load_balance
HEFT,194.80999999999997,5345.999999999999,0.1881477777777778,0.973624084541759,12.263807728434095
GA,217.51999999999998,5345.999999999999,0.16034694444444447,0.973624084541759,37.47138063464791
