algorithm,makespan,energy,cost,reliability,load_balance
HEFT,654.53,5151.26,0.10288138888888887,0.9745725640051669,11.470607002247094
GA,652.7900000000001,5151.260000000002,0.1008822222222222,0.9745725640051669,9.49145009995842
