algorithm,makespan,energy,cost,reliability,load_balance
HEFT,989.8799999999998,399537.24568634585,0.09283138888888887,0.8587910796714144,65.69518982898711
GA,908.7500000000001,401382.42823658866,0.09222250000000003,0.8615825554819869,67.4359120449433
