algorithm,makespan,energy,cost,reliability,load_balance
HEFT,485.8,1640039.335693701,0.07528694444444443,0.6770557912080326,74.97862327896881
GA,512.8,1669493.2936427454,0.10945555555555554,0.6654567712873678,36.78188300051388
