algorithm,makespan,energy,cost,reliability,load_balance
HEFT,502.93999999999994,1697630.6010259672,0.07583805555555555,0.6665772780653866,77.17872818353369
GA,478.16999999999996,1559848.18583349,0.11477222222222219,0.6772285978951439,34.17805596321422
