algorithm,makespan,energy,cost,reliability,load_balance
HEFT,892.6999999999998,274326.399215862,0.0869536111111111,0.8962341249255675,31.76455519390549
GA,586.25,264950.68431556504,0.05814444444444446,0.9072877722247845,67.91425206341698
