algorithm,makespan,energy,cost,reliability,load_balance
HEFT,77.0,2909.499999999999,0.10382861111111112,0.9855578036248602,14.532672724316637
GA,89.47,2909.499999999999,0.08870805555555558,0.9855578036248602,29.396545590275217
