algorithm,makespan,energy,cost,reliability,load_balance
HEFT,377.08,679599.7326827198,0.04784611111111111,0.837641729790527,85.24321605776598
GA,399.08000000000004,662969.6378169791,0.05998305555555557,0.8317654408198154,33.69446254878705
