algorithm,makespan,energy,cost,reliability,load_balance
HEFT,493.71999999999997,173186.22605930487,0.040876111111111106,0.9352225094353519,79.81558510090623
GA,454.3,169762.18650671362,0.04042333333333333,0.9366983315205837,57.81596571593932
