algorithm,makespan,energy,cost,reliability,load_balance
HEFT,335.23,2469.7200000000003,0.05855805555555556,0.9877273310920569,19.64463200639469
GA,316.07,2469.7200000000003,0.056405,0.9877273310920569,10.668084801562692
