algorithm,makespan,energy,cost,reliability,load_balance
HEFT,541.69,581056.7503738301,0.11191583333333333,0.8067153492585544,102.94378875345842
GA,606.41,597756.7597664945,0.16780611111111107,0.7984047536756821,52.821431536672044
