algorithm,makespan,energy,cost,reliability,load_balance
HEFT,289.89,273423.37076132325,0.01995111111111111,0.930803022828172,79.70109279625133
GA,293.89,254329.14876314264,0.025526944444444446,0.9302074994813601,45.77038976875042
