algorithm,makespan,energy,cost,reliability,load_balance
HEFT,54.64,1217.5200000000002,0.016910000000000005,0.9939308918941004,18.06398319058334
GA,54.64,1217.5200000000002,0.02093333333333334,0.9939308918941004,20.904845672251334
