algorithm,makespan,energy,cost,reliability,load_balance
HEFT,279.1,477035.6199928341,0.014077222222222224,0.8965066215169282,49.93338444626059
GA,289.76,479070.5938017669,0.01756027777777778,0.8934536682071939,34.55589439005703
