algorithm,makespan,energy,cost,reliability,load_balance
HEFT,377.15,363085.9847805912,0.03039833333333333,0.905628229380457,107.29675344575901
GA,395.8,340137.69813036884,0.0554838888888889,0.9029298627093044,47.78491889009893
