algorithm,makespan,energy,cost,reliability,load_balance
HEFT,72.44999999999999,1737.96,0.07824972222222223,0.9913478471842642,10.79977584643928
GA,86.7,1737.9600000000005,0.06427027777777779,0.9913478471842642,25.45681097466845
