algorithm,makespan,energy,cost,reliability,load_balance
HEFT,311.83000000000004,107467.68832376617,0.019338611111111115,0.9617868716528815,101.65866330519994
GA,313.83000000000004,100625.21992798649,0.022718333333333333,0.9617099317807851,55.306559812858865
