algorithm,makespan,energy,cost,reliability,load_balance
HEFT,488.68,1674514.4576614553,0.08552888888888889,0.6648121230316429,84.71239488175378
GA,513.6800000000001,1682345.9411111977,0.13591,0.6542597729793957,41.608404778235425
