algorithm,makespan,energy,cost,reliability,load_balance
HEFT,335.74,596279.0410734497,0.038067222222222225,0.8579165888607042,71.25949939999514
GA,356.74,593227.7574984583,0.051384444444444455,0.8521707171354055,35.503554341318214
