algorithm,makespan,energy,cost,reliability,load_balance
HEFT,55.230000000000004,2570.9,0.08111249999999996,0.9872277662108487,9.411846510536773
GA,88.60000000000001,2570.900000000001,0.08055499999999999,0.9872277662108487,28.919168716511066
