algorithm,makespan,energy,cost,reliability,load_balance
HEFT,80.65,3380.4199999999996,0.11420888888888889,0.9832399391132153,10.696451434297748
GA,96.49,3380.419999999999,0.09331527777777777,0.9832399391132153,28.150685702915922
