algorithm,makespan,energy,cost,reliability,load_balance
HEFT,485.72999999999996,850095.1202725794,0.07423888888888888,0.8013290638368196,93.15644510833253
GA,446.06,744057.8693225126,0.09709250000000001,0.8115662957881908,40.25125693163647
