algorithm,makespan,energy,cost,reliability,load_balance
HEFT,800.2699999999999,468548.653054594,0.1152452777777778,0.8326549069690015,106.54961403027228
GA,805.5,466259.17718187463,0.13358472222222226,0.8323065970274466,86.13975334967508
