algorithm,makespan,energy,cost,reliability,load_balance
HEFT,413.10999999999996,220722.76059645126,0.03078,0.931221605957672,128.2465615175371
GA,420.84999999999997,201658.87107045265,0.038661111111111104,0.9306451720216271,61.137345130802466
