algorithm,makespan,energy,cost,reliability,load_balance
HEFT,620.63,587432.6002449124,0.06829750000000001,0.8451533405346178,158.8912195903747
GA,657.09,564164.3141578779,0.12872972222222226,0.8402374067440804,66.98023108537325
