algorithm,makespan,energy,cost,reliability,load_balance
HEFT,468.9599999999999,869214.5785354828,0.09187722222222222,0.7669736751823815,98.06725097816968
GA,513.9599999999999,891968.4162386175,0.16375666666666663,0.7560083937653658,56.375052177037574
