algorithm,makespan,energy,cost,reliability,load_balance
HEFT,639.2299999999999,248375.08882561832,0.05856166666666667,0.9088063898091228,34.88738489769608
GA,573.8099999999998,248463.15750858295,0.05775999999999999,0.9111876686763999,11.312327715078549
