algorithm,makespan,energy,cost,reliability,load_balance
HEFT,463.69000000000005,3528.899999999999,0.07262833333333334,0.9825102526755376,17.15375639133696
GA,449.54,3528.8999999999983,0.07962916666666667,0.9825102526755376,11.38278048925952
