algorithm,makespan,energy,cost,reliability,load_balance
HEFT,293.17999999999995,271133.8680332901,0.02051222222222222,0.9334181505748308,76.75919523364394
GA,296.17999999999995,257640.92271591598,0.02307611111111111,0.9329702173751231,53.169904641473
