algorithm,makespan,energy,cost,reliability,load_balance
HEFT,170.49,87049.4683559153,0.007315000000000001,0.9761170221622911,57.90976200705962
GA,174.49,81007.28190727263,0.007315,0.9758047146870603,39.449916440251904
