algorithm,makespan,energy,cost,reliability,load_balance
HEFT,390.5199999999999,472186.79734712694,0.10399055555555554,0.83274617094798,61.28234752629285
GA,433.25999999999993,491914.7263075289,0.13640388888888888,0.8270709463766216,64.26605966604767
