algorithm,makespan,energy,cost,reliability,load_balance
HEFT,226.11,6031.180000000001,0.21756638888888893,0.9702942528824623,14.695973130419098
GA,243.49,6031.180000000001,0.28283777777777785,0.9702942528824623,45.29326542563107
