algorithm,makespan,energy,cost,reliability,load_balance
HEFT,224.99,392361.5951375617,0.021069444444444443,0.910096719458385,45.15706578401406
GA,227.37,384333.5731626864,0.015836666666666666,0.9094038536736269,34.58183463895413
