algorithm,makespan,energy,cost,reliability,load_balance
HEFT,59.42,1081.5,0.015020833333333337,0.9946070942102112,17.867426861222327
GA,59.42,1081.5,0.02146388888888889,0.9946070942102112,20.876188180884693
