algorithm,makespan,energy,cost,reliability,load_balance
HEFT,581.1,1054119.2206849079,0.11287361111111116,0.734151403382799,117.32779919744564
GA,642.7400000000001,1089796.4785138627,0.2293855555555556,0.7198122966911552,56.45761167574335
