algorithm,makespan,energy,cost,reliability,load_balance
HEFT,272.1,899047.4577361265,0.00967527777777778,0.8285514034872818,34.54543586154454
GA,287.1,926503.2104144897,0.00967527777777778,0.8206353677802584,18.016735759718404
