algorithm,makespan,energy,cost,reliability,load_balance
HEFT,422.90999999999997,265600.11359390884,0.057533611111111105,0.9039026612462056,88.6643493744808
GA,463.90999999999997,267704.0195296501,0.07832444444444443,0.9009427174787843,63.52430867673527
