algorithm,makespan,energy,cost,reliability,load_balance
HEFT,123.30000000000001,2809.519999999999,0.11570638888888891,0.9860506071368674,12.680169557225963
GA,126.61,2809.5199999999995,0.11228722222222223,0.9860506071368674,30.071564087467525
