algorithm,makespan,energy,cost,reliability,load_balance
HEFT,492.19,467917.25033015705,0.05248972222222222,0.8701535401271616,121.88336134053192
GA,513.1899999999999,445953.7761452873,0.09259166666666667,0.8672347305783918,51.30155031770483
