algorithm,makespan,energy,cost,reliability,load_balance
HEFT,399.03,733334.0842543166,0.0712311111111111,0.8104558595940948,89.0432840650926
GA,427.69999999999993,729281.451578209,0.1126938888888889,0.8030544171671763,43.797954713625316
