algorithm,makespan,energy,cost,reliability,load_balance
HEFT,386.58000000000004,1292992.7167985928,0.02896777777777778,0.7534721669139623,56.88018800949969
GA,419.18000000000006,1352934.5394818457,0.03687194444444445,0.7379145846769884,23.917298197651775
