algorithm,makespan,energy,cost,reliability,load_balance
HEFT,126.48,6326.900000000001,0.32828861111111113,0.968860635934348,12.866799169449076
GA,162.6,6326.9000000000015,0.32098888888888893,0.968860635934348,41.93623390834378
