algorithm,makespan,energy,cost,reliability,load_balance
HEFT,462.35,871246.15907862,0.10434083333333334,0.7636125133154121,101.35335158802101
GA,495.31999999999994,864093.3087498989,0.17169888888888893,0.7555984460004717,45.81795683405776
