algorithm,makespan,energy,cost,reliability,load_balance
HEFT,453.75999999999993,3426.3600000000006,0.0786861111111111,0.983014114836112,17.877737552609904
GA,433.93,3426.3600000000006,0.07395555555555555,0.983014114836112,5.623015205385801
