algorithm,makespan,energy,cost,reliability,load_balance
HEFT,640.64,246760.33681943058,0.06287472222222222,0.9091874413105453,34.52501363745809
GA,608.3399999999999,246514.74803563795,0.06131944444444444,0.9103628706485624,31.95013875817541
