algorithm,makespan,energy,cost,reliability,load_balance
HEFT,626.6199999999999,2156816.0989594967,0.11078472222222221,0.5858954021275949,110.97763947332108
GA,677.14,2209917.128525859,0.22107861111111118,0.5672547395763102,43.1666272427541
