algorithm,makespan,energy,cost,reliability,load_balance
HEFT,357.67,659784.0095618867,0.06111194444444445,0.8262786613052654,80.1398320452566
GA,385.55,660010.9513681752,0.09826638888888889,0.8189397198291907,41.106216266226774
