algorithm,makespan,energy,cost,reliability,load_balance
HEFT,608.94,389327.32274115673,0.09151611111111113,0.8574932257270597,60.675054991440156
GA,605.7000000000002,387852.3655439988,0.10896250000000002,0.857715516778844,53.40405213023235
