algorithm,makespan,energy,cost,reliability,load_balance
HEFT,1046.09,339343.3905973673,0.09435805555555554,0.8742263108024955,86.0639383927245
GA,830.6500000000001,330518.33721784153,0.08124444444444445,0.8817925982532737,93.95748874712793
