algorithm,makespan,energy,cost,reliability,load_balance
HEFT,560.9699999999999,4270.299999999999,0.09389861111111111,0.9788748295886796,18.91488368983533
GA,545.52,4270.299999999999,0.0787177777777778,0.9788748295886796,8.640784590147682
