algorithm,makespan,energy,cost,reliability,load_balance
HEFT,206.98000000000002,5538.320000000002,0.1658988888888889,0.9726882976205236,15.34671322031746
GA,224.95000000000002,5538.320000000001,0.1820411111111111,0.9726882976205236,35.362214579972225
