algorithm,makespan,energy,cost,reliability,load_balance
HEFT,541.87,548610.7796888553,0.10458527777777779,0.8184029989052136,88.9846078988758
GA,598.48,569432.2471427617,0.16469694444444444,0.8110237017132513,50.00871886897991
