algorithm,makespan,energy,cost,reliability,load_balance
HEFT,486.52000000000004,3710.6999999999985,0.07552722222222223,0.9816175566476684,16.33916435031692
GA,472.08,3710.699999999999,0.07537305555555555,0.9816175566476684,8.60930262371272
