algorithm,makespan,energy,cost,reliability,load_balance
HEFT,628.67,253167.130513624,0.059595555555555554,0.9079644982398634,38.75654783388219
GA,595.7199999999999,253735.5720472705,0.057396388888888886,0.9091619844185868,41.47795157269295
