algorithm,makespan,energy,cost,reliability,load_balance
HEFT,89.34,3653.66,0.1666494444444445,0.9818975539005347,13.058700994868788
GA,114.15,3653.6600000000003,0.14092222222222225,0.9818975539005347,29.882705334775167
