algorithm,makespan,energy,cost,reliability,load_balance
HEFT,439.58000000000004,772994.9969971337,0.05636333333333335,0.8106763335710059,82.82469379124142
GA,477.7100000000001,795668.0946599402,0.10006444444444446,0.8008448868836511,42.53734258879049
