algorithm,makespan,energy,cost,reliability,load_balance
HEFT,444.88,1528211.8493751124,0.08585138888888887,0.6785678531939379,75.76349155728892
GA,479.88,1571083.1721055266,0.13782055555555553,0.6635369083532598,32.48945370666823
