algorithm,makespan,energy,cost,reliability,load_balance
HEFT,540.97,957265.3541970905,0.07632444444444447,0.7703807544914215,105.60358119538523
GA,583.2700000000001,975216.0029146024,0.11079444444444447,0.7600231390855788,55.19875197280135
