algorithm,makespan,energy,cost,reliability,load_balance
HEFT,320.61,551855.63641184,0.021606666666666666,0.8801508198514424,60.2092184351916
GA,321.35,534524.5126186402,0.022950833333333334,0.8799424248122482,41.414119659329465
