algorithm,makespan,energy,cost,reliability,load_balance
HEFT,59.02,1022.22,0.0141975,0.9949019394468406,15.80173627339832
GA,59.02,1022.2199999999999,0.022755833333333343,0.9949019394468406,20.899144253876877
