algorithm,makespan,energy,cost,reliability,load_balance
HEFT,477.28000000000003,881612.0899472011,0.09792611111111112,0.764259108547183,98.31941368805914
GA,504.4700000000001,885376.8439153965,0.14597500000000002,0.7576382878822107,65.07310577389467
