algorithm,makespan,energy,cost,reliability,load_balance
HEFT,354.0100000000001,2754.1200000000003,0.06485194444444445,0.986323780987876,7.01411196564949
GA,359.33000000000004,2754.1200000000013,0.06861861111111112,0.986323780987876,11.074687354503526
