algorithm,makespan,energy,cost,reliability,load_balance
HEFT,584.1400000000001,210598.6465230938,0.05683416666666668,0.9210449852500028,44.874396931880895
GA,501.40999999999997,210796.08224806044,0.05014194444444445,0.9240979559745129,64.3374947704162
