algorithm,makespan,energy,cost,reliability,load_balance
HEFT,505.98999999999995,922614.0020158502,0.08405305555555553,0.7674987716331853,108.64448245234871
GA,534.99,913980.1407129106,0.14576944444444445,0.7604093289241483,57.99482084426216
