algorithm,makespan,energy,cost,reliability,load_balance
HEFT,428.46,427943.65985156136,0.058567222222222215,0.8672014294041243,100.47871017451078
GA,468.46,424369.5433121291,0.10398361111111114,0.8616690627131477,35.458262389274886
