algorithm,makespan,energy,cost,reliability,load_balance
HEFT,119.08000000000001,3314.9399999999996,0.14535055555555557,0.9835619045721505,8.345949291922002
GA,146.07999999999998,3314.9399999999996,0.11239111111111112,0.9835619045721505,32.36663924861523
